{"stats":{"minecraft:crafted":{"minecraft:cherry_planks":16,"minecraft:oak_planks":16,"minecraft:deepslate":12,"minecraft:cobblestone_slab":8,"minecraft:crafting_table":1,"minecraft:spruce_planks":60,"minecraft:wooden_pickaxe":1,"minecraft:furnace":2,"minecraft:stone":36,"minecraft:stone_axe":1,"minecraft:cooked_mutton":3,"minecraft:air":0,"minecraft:glass_pane":32,"minecraft:glass":22,"minecraft:stone_brick_slab":6,"minecraft:iron_chestplate":1,"minecraft:iron_axe":1,"minecraft:stick":16,"minecraft:iron_ingot":26,"minecraft:iron_pickaxe":1,"minecraft:stone_pickaxe":1,"minecraft:iron_leggings":1,"minecraft:cherry_door":6,"minecraft:torch":48},"minecraft:mined":{"minecraft:tuff":1,"minecraft:spruce_planks":1,"minecraft:glass_pane":2,"minecraft:white_bed":2,"minecraft:deepslate_diamond_ore":2,"minecraft:cherry_log":25,"minecraft:stone_brick_slab":5,"minecraft:crafting_table":5,"minecraft:torch":2,"minecraft:glow_lichen":1,"gravestone:gravestone":3,"quark:tuff_bricks_stairs":5,"minecraft:grass_block":11,"minecraft:wall_torch":2,"minecraft:air":1,"minecraft:furnace":3,"minecraft:fire":15,"minecraft:iron_ore":10,"minecraft:cobbled_deepslate":18,"minecraft:stripped_spruce_log":1,"minecraft:deepslate_lapis_ore":3,"minecraft:grass":9,"minecraft:oak_log":9,"minecraft:coal_ore":20,"minecraft:cobblestone_slab":2,"minecraft:deepslate_iron_ore":23,"minecraft:cherry_leaves":92,"minecraft:sand":26,"minecraft:dirt":32,"minecraft:stone_bricks":42,"minecraft:stonecutter":1,"minecraft:stone":43,"quark:tuff_bricks":1,"minecraft:deepslate":28,"paraglider:goddess_statue":1},"minecraft:used":{"minecraft:cooked_mutton":3,"minecraft:stone_pickaxe":42,"minecraft:baked_potato":4,"minecraft:spruce_planks":58,"minecraft:wooden_pickaxe":6,"minecraft:cobblestone_slab":2,"minecraft:stonecutter":2,"minecraft:rotten_flesh":9,"minecraft:iron_chestplate":1,"minecraft:white_wool":2,"minecraft:torch":39,"minecraft:dirt":38,"minecraft:crafting_table":7,"minecraft:white_bed":4,"minecraft:stone_brick_slab":17,"minecraft:apple":1,"minecraft:cherry_door":6,"minecraft:iron_axe":60,"minecraft:iron_pickaxe":166,"quark:tuff_bricks":1,"minecraft:stone_bricks":34,"minecraft:stone_axe":8,"minecraft:furnace":5,"quark:tuff_bricks_stairs":7,"minecraft:cherry_log":4,"minecraft:glass_pane":16,"minecraft:iron_leggings":1,"quark:oak_chest":1,"minecraft:cobbled_deepslate":32},"minecraft:killed_by":{"man:managgresive":1,"minecraft:player":2},"minecraft:dropped":{"minecraft:baked_potato":1,"minecraft:apple":1,"minecraft:spruce_planks":1,"tacz:modern_kinetic_gun":1,"minecraft:beef":1,"minecraft:iron_pickaxe":1},"minecraft:picked_up":{"paraglider:paraglider":1,"minecraft:crafting_table":6,"minecraft:wheat":2,"minecraft:glow_ink_sac":12,"quark:tuff_bricks":1,"minecraft:leather":2,"minecraft:tuff":2,"minecraft:oak_log":9,"minecraft:gunpowder":3,"paraglider:goddess_statue":1,"minecraft:lapis_lazuli":15,"minecraft:dirt":57,"tacz:ammo":120,"minecraft:bone":5,"minecraft:apple":2,"minecraft:stone_bricks":42,"minecraft:stonecutter":2,"minecraft:wheat_seeds":1,"minecraft:cobbled_deepslate":44,"minecraft:spruce_planks":2,"minecraft:beef":1,"minecraft:cobblestone_slab":2,"minecraft:iron_pickaxe":1,"minecraft:furnace":3,"minecraft:stick":21,"minecraft:raw_iron":31,"minecraft:stone_brick_slab":9,"minecraft:torch":5,"minecraft:sand":25,"sophisticatedbackpacks:backpack":1,"minecraft:stripped_spruce_log":1,"minecraft:cherry_log":25,"minecraft:white_bed":4,"minecraft:arrow":1,"minecraft:rotten_flesh":14,"minecraft:diamond":2,"tacz:modern_kinetic_gun":2,"securitycraft:keypad_door_item":4,"minecraft:cherry_sapling":39,"minecraft:stripped_dark_oak_log":1,"quark:tuff_bricks_stairs":5,"minecraft:baked_potato":14,"minecraft:oak_sapling":3,"minecraft:mutton":3,"minecraft:coal":87,"minecraft:white_wool":2,"minecraft:cobblestone":48},"minecraft:killed":{"royalvariations:royal_creeper":1,"enemyexpansion:sprinter":2,"enemyexpansion:direwolf":2,"minecraft:creeper":2,"minecraft:skeleton":3,"minecraft:sheep":3,"enemyexpansion:faller":1,"minecraft:zombie":15,"quark:shiba":1,"enemyexpansion:botfly":2,"enemyexpansion:huntsman":1,"minecraft:cow":3,"enemyexpansion:vampflyer":1},"minecraft:custom":{"minecraft:interact_with_furnace":37,"minecraft:mob_kills":38,"minecraft:interact_with_crafting_table":32,"minecraft:interact_with_stonecutter":12,"minecraft:leave_game":3,"minecraft:time_since_death":34351,"minecraft:sleep_in_bed":3,"minecraft:climb_one_cm":193,"minecraft:time_since_rest":33684,"minecraft:waystone_activated":8,"minecraft:sprint_one_cm":206819,"minecraft:damage_taken":1254,"minecraft:walk_one_cm":352150,"minecraft:drop":6,"minecraft:damage_dealt":2408,"minecraft:swim_one_cm":9199,"minecraft:fly_one_cm":125588,"minecraft:open_chest":23,"minecraft:crouch_one_cm":8965,"minecraft:play_time":111390,"minecraft:deaths":3,"minecraft:sneak_time":1890,"minecraft:walk_under_water_one_cm":3931,"minecraft:jump":739,"minecraft:walk_on_water_one_cm":16416,"minecraft:total_world_time":111390,"minecraft:fall_one_cm":18722}},"DataVersion":3465}