{"stats":{"minecraft:crafted":{"minecraft:cherry_planks":32,"minecraft:smooth_stone":3,"minecraft:oak_planks":20,"minecraft:cobblestone_slab":8,"minecraft:furnace":3,"minecraft:blast_furnace":1,"minecraft:stone":122,"quark:cherry_chest":2,"minecraft:cooked_mutton":3,"minecraft:glass_pane":32,"minecraft:glass":31,"minecraft:stone_brick_slab":6,"minecraft:iron_axe":1,"minecraft:stone_pickaxe":1,"minecraft:deepslate":12,"minecraft:cooked_porkchop":14,"minecraft:crafting_table":3,"minecraft:spruce_planks":60,"minecraft:wooden_pickaxe":1,"minecraft:stone_axe":1,"minecraft:air":0,"minecraft:iron_chestplate":1,"minecraft:stick":16,"minecraft:iron_ingot":31,"minecraft:iron_pickaxe":2,"minecraft:cherry_door":6,"minecraft:iron_leggings":1,"minecraft:torch":48},"minecraft:used":{"minecraft:spruce_planks":60,"minecraft:stone":2,"minecraft:polished_blackstone_wall":1,"minecraft:rotten_flesh":9,"minecraft:iron_chestplate":1,"minecraft:torch":58,"minecraft:dirt":38,"quark:cherry_chest":2,"minecraft:stripped_spruce_log":1,"minecraft:stone_brick_slab":17,"minecraft:iron_axe":92,"minecraft:stone_bricks":165,"minecraft:furnace":8,"quark:tuff_bricks_stairs":7,"minecraft:cobbled_deepslate":32,"minecraft:cherry_log":13,"minecraft:iron_leggings":1,"minecraft:cooked_mutton":3,"minecraft:stone_pickaxe":42,"minecraft:baked_potato":8,"minecraft:cartography_table":1,"minecraft:wooden_pickaxe":6,"minecraft:stonecutter":3,"minecraft:cobblestone_slab":2,"minecraft:white_wool":2,"minecraft:crafting_table":11,"minecraft:blast_furnace":1,"minecraft:white_bed":5,"minecraft:apple":1,"minecraft:cherry_door":8,"minecraft:iron_pickaxe":362,"quark:tuff_bricks":1,"minecraft:stone_axe":8,"minecraft:cobblestone":2,"minecraft:cooked_porkchop":5,"minecraft:glass_pane":30,"quark:oak_chest":1},"minecraft:mined":{"minecraft:tuff":1,"minecraft:spruce_planks":1,"minecraft:white_bed":3,"minecraft:deepslate_diamond_ore":2,"minecraft:cherry_log":34,"minecraft:glow_lichen":1,"gravestone:gravestone":4,"quark:tuff_bricks_stairs":5,"minecraft:grass_block":17,"minecraft:cartography_table":1,"minecraft:furnace":6,"minecraft:cobbled_deepslate":18,"minecraft:iron_ore":10,"minecraft:fire":17,"minecraft:stripped_spruce_log":2,"minecraft:deepslate_lapis_ore":3,"minecraft:deepslate_iron_ore":23,"minecraft:cobblestone_slab":2,"minecraft:stone":170,"minecraft:glass_pane":2,"minecraft:polished_blackstone_wall":1,"minecraft:stone_brick_slab":5,"minecraft:crafting_table":7,"minecraft:torch":2,"minecraft:wall_torch":6,"minecraft:air":1,"minecraft:cherry_door":2,"minecraft:grass":10,"minecraft:coal_ore":64,"minecraft:oak_log":14,"minecraft:cherry_leaves":92,"minecraft:sand":26,"minecraft:dirt":35,"minecraft:stonecutter":2,"minecraft:stone_bricks":52,"minecraft:netherrack":6,"minecraft:oak_leaves":3,"quark:tuff_bricks":1,"minecraft:deepslate":28,"paraglider:goddess_statue":1},"minecraft:broken":{"minecraft:iron_pickaxe":1},"minecraft:killed_by":{"minecraft:player":3,"man:managgresive":1},"minecraft:dropped":{"minecraft:baked_potato":1,"minecraft:apple":1,"sophisticatedbackpacks:gold_backpack":1,"tacz:modern_kinetic_gun":2,"minecraft:iron_pickaxe":1,"minecraft:spruce_planks":1,"minecraft:beef":1},"minecraft:picked_up":{"sophisticatedbackpacks:gold_backpack":2,"minecraft:crafting_table":8,"minecraft:wheat":2,"minecraft:chicken":1,"paraglider:goddess_statue":1,"minecraft:string":2,"tacz:ammo":120,"minecraft:polished_blackstone_wall":1,"minecraft:cartography_table":1,"minecraft:cobbled_deepslate":44,"minecraft:spruce_planks":2,"minecraft:beef":1,"minecraft:cobblestone_slab":2,"minecraft:iron_pickaxe":1,"minecraft:egg":2,"minecraft:furnace":6,"minecraft:raw_iron":31,"minecraft:stick":25,"minecraft:stone":9,"minecraft:torch":10,"sophisticatedbackpacks:backpack":1,"minecraft:cherry_log":34,"minecraft:arrow":4,"minecraft:rotten_flesh":15,"minecraft:mutton":3,"quark:tuff_bricks_stairs":5,"securitycraft:keypad_door_item":4,"minecraft:white_wool":2,"minecraft:cobblestone":173,"paraglider:paraglider":1,"minecraft:feather":2,"minecraft:glow_ink_sac":12,"quark:tuff_bricks":1,"minecraft:leather":2,"minecraft:tuff":2,"minecraft:oak_log":14,"minecraft:gunpowder":3,"minecraft:lapis_lazuli":15,"minecraft:cherry_door":2,"minecraft:dirt":66,"minecraft:bone":5,"minecraft:apple":2,"minecraft:stone_bricks":52,"minecraft:stonecutter":3,"minecraft:wheat_seeds":2,"minecraft:stone_brick_slab":9,"minecraft:sand":25,"minecraft:stripped_spruce_log":2,"minecraft:white_bed":5,"minecraft:diamond":2,"tacz:modern_kinetic_gun":3,"minecraft:cherry_sapling":39,"minecraft:baked_potato":14,"minecraft:oak_sapling":6,"minecraft:stripped_dark_oak_log":1,"minecraft:coal":145},"minecraft:killed":{"royalvariations:royal_creeper":1,"minecraft:spider":1,"enemyexpansion:direwolf":3,"minecraft:skeleton":5,"enemyexpansion:faller":1,"quark:shiba":1,"minecraft:chicken":1,"minecraft:drowned":1,"enemyexpansion:vampflyer":1,"enemyexpansion:sprinter":2,"minecraft:creeper":2,"minecraft:sheep":3,"minecraft:zombie":17,"enemyexpansion:botfly":2,"enemyexpansion:huntsman":1,"minecraft:cow":3},"minecraft:custom":{"minecraft:mob_kills":46,"minecraft:interact_with_crafting_table":50,"minecraft:leave_game":4,"minecraft:time_since_death":2565,"minecraft:climb_one_cm":193,"minecraft:sprint_one_cm":365821,"minecraft:walk_one_cm":579304,"minecraft:drop":8,"minecraft:sneak_time":2506,"minecraft:play_time":164096,"minecraft:deaths":4,"minecraft:walk_under_water_one_cm":7402,"minecraft:boat_one_cm":56845,"minecraft:jump":1213,"minecraft:interact_with_blast_furnace":9,"minecraft:walk_on_water_one_cm":23439,"minecraft:total_world_time":164096,"minecraft:interact_with_furnace":92,"minecraft:interact_with_cartography_table":1,"minecraft:interact_with_stonecutter":32,"minecraft:sleep_in_bed":10,"minecraft:time_since_rest":2602,"minecraft:waystone_activated":10,"minecraft:damage_taken":1767,"minecraft:damage_dealt":3123,"minecraft:swim_one_cm":13058,"minecraft:fly_one_cm":207591,"minecraft:open_chest":46,"minecraft:crouch_one_cm":11961,"minecraft:fall_one_cm":26177}},"DataVersion":3465}