{"stats":{"minecraft:crafted":{"minecraft:oak_planks":16,"minecraft:iron_chestplate":1,"minecraft:crafting_table":1,"minecraft:stick":12,"minecraft:iron_pickaxe":1,"minecraft:iron_ingot":12,"minecraft:wooden_pickaxe":1,"minecraft:stone_pickaxe":1,"minecraft:furnace":1,"minecraft:torch":16,"minecraft:stone_axe":1,"minecraft:air":0,"minecraft:cooked_mutton":3},"minecraft:mined":{"minecraft:furnace":1,"minecraft:iron_ore":10,"minecraft:crafting_table":2,"gravestone:gravestone":1,"minecraft:grass":8,"minecraft:coal_ore":20,"minecraft:oak_log":9,"minecraft:deepslate_iron_ore":5,"minecraft:stone":12},"minecraft:used":{"minecraft:cooked_mutton":3,"minecraft:apple":1,"minecraft:stone_pickaxe":42,"minecraft:wooden_pickaxe":6,"minecraft:iron_chestplate":1,"minecraft:torch":9,"minecraft:stone_axe":1,"minecraft:crafting_table":3,"minecraft:furnace":2},"minecraft:killed_by":{"minecraft:player":1},"minecraft:dropped":{"tacz:modern_kinetic_gun":1,"minecraft:apple":1,"minecraft:beef":1},"minecraft:picked_up":{"paraglider:paraglider":1,"minecraft:stick":2,"minecraft:crafting_table":2,"minecraft:glow_ink_sac":12,"minecraft:leather":2,"minecraft:torch":1,"minecraft:oak_log":9,"minecraft:dirt":6,"minecraft:arrow":1,"tacz:ammo":120,"minecraft:bone":2,"minecraft:rotten_flesh":1,"minecraft:apple":2,"tacz:modern_kinetic_gun":2,"minecraft:beef":1,"minecraft:oak_sapling":3,"minecraft:mutton":3,"minecraft:coal":33,"minecraft:raw_iron":15,"minecraft:white_wool":2,"minecraft:cobblestone":17,"minecraft:furnace":1},"minecraft:killed":{"minecraft:skeleton":1,"minecraft:sheep":3,"minecraft:zombie":1,"quark:shiba":1,"minecraft:creeper":1,"minecraft:cow":3},"minecraft:custom":{"minecraft:time_since_rest":42681,"minecraft:waystone_activated":3,"minecraft:interact_with_furnace":10,"minecraft:sprint_one_cm":55297,"minecraft:damage_taken":480,"minecraft:walk_one_cm":52973,"minecraft:mob_kills":10,"minecraft:drop":3,"minecraft:swim_one_cm":367,"minecraft:interact_with_crafting_table":13,"minecraft:fly_one_cm":52279,"minecraft:walk_under_water_one_cm":54,"minecraft:crouch_one_cm":786,"minecraft:play_time":45805,"minecraft:deaths":1,"minecraft:sneak_time":92,"minecraft:jump":259,"minecraft:leave_game":1,"minecraft:walk_on_water_one_cm":1522,"minecraft:time_since_death":42616,"minecraft:total_world_time":45805,"minecraft:fall_one_cm":8703}},"DataVersion":3465}