{"stats":{"minecraft:crafted":{"minecraft:oak_planks":16,"minecraft:crafting_table":1,"minecraft:wooden_pickaxe":1,"minecraft:furnace":1,"minecraft:stone_axe":1,"minecraft:cooked_mutton":3,"minecraft:air":0,"minecraft:iron_chestplate":1,"minecraft:iron_axe":1,"minecraft:stick":16,"minecraft:iron_ingot":26,"minecraft:iron_pickaxe":1,"minecraft:stone_pickaxe":1,"minecraft:torch":24},"minecraft:mined":{"minecraft:tuff":1,"minecraft:deepslate_diamond_ore":2,"minecraft:crafting_table":4,"minecraft:glow_lichen":1,"gravestone:gravestone":1,"minecraft:furnace":3,"minecraft:iron_ore":10,"minecraft:cobbled_deepslate":2,"minecraft:deepslate_lapis_ore":3,"minecraft:grass":8,"minecraft:oak_log":9,"minecraft:coal_ore":20,"minecraft:deepslate_iron_ore":23,"minecraft:stone":12,"minecraft:deepslate":28},"minecraft:used":{"minecraft:cooked_mutton":3,"minecraft:stone_pickaxe":42,"minecraft:wooden_pickaxe":6,"minecraft:rotten_flesh":2,"minecraft:iron_chestplate":1,"minecraft:white_wool":2,"minecraft:torch":19,"minecraft:crafting_table":4,"minecraft:apple":1,"minecraft:iron_axe":13,"minecraft:iron_pickaxe":57,"minecraft:stone_axe":8,"minecraft:furnace":3,"minecraft:cobbled_deepslate":16},"minecraft:killed_by":{"minecraft:player":1},"minecraft:dropped":{"minecraft:apple":1,"tacz:modern_kinetic_gun":1,"minecraft:beef":1,"minecraft:iron_pickaxe":1},"minecraft:picked_up":{"paraglider:paraglider":1,"minecraft:crafting_table":4,"minecraft:glow_ink_sac":12,"minecraft:leather":2,"minecraft:tuff":2,"minecraft:oak_log":9,"minecraft:gunpowder":3,"minecraft:lapis_lazuli":15,"minecraft:dirt":6,"tacz:ammo":120,"minecraft:bone":3,"minecraft:apple":2,"minecraft:cobbled_deepslate":28,"minecraft:beef":1,"minecraft:iron_pickaxe":1,"minecraft:furnace":3,"minecraft:stick":2,"minecraft:raw_iron":31,"minecraft:torch":1,"sophisticatedbackpacks:backpack":1,"minecraft:arrow":1,"minecraft:rotten_flesh":8,"minecraft:diamond":2,"tacz:modern_kinetic_gun":2,"minecraft:oak_sapling":3,"minecraft:mutton":3,"minecraft:coal":55,"minecraft:white_wool":2,"minecraft:cobblestone":17},"minecraft:killed":{"enemyexpansion:sprinter":1,"enemyexpansion:direwolf":1,"minecraft:creeper":2,"minecraft:skeleton":3,"minecraft:sheep":3,"enemyexpansion:faller":1,"minecraft:zombie":9,"quark:shiba":1,"minecraft:cow":3,"enemyexpansion:vampflyer":1},"minecraft:custom":{"minecraft:interact_with_furnace":15,"minecraft:mob_kills":26,"minecraft:interact_with_crafting_table":20,"minecraft:leave_game":3,"minecraft:time_since_death":60201,"minecraft:time_since_rest":60266,"minecraft:waystone_activated":5,"minecraft:sprint_one_cm":59550,"minecraft:damage_taken":656,"minecraft:walk_one_cm":113232,"minecraft:drop":4,"minecraft:damage_dealt":1205,"minecraft:swim_one_cm":367,"minecraft:fly_one_cm":55617,"minecraft:crouch_one_cm":5572,"minecraft:play_time":63390,"minecraft:deaths":1,"minecraft:sneak_time":1307,"minecraft:walk_under_water_one_cm":54,"minecraft:jump":362,"minecraft:walk_on_water_one_cm":4555,"minecraft:total_world_time":63390,"minecraft:fall_one_cm":10462}},"DataVersion":3465}