{"stats":{"minecraft:dropped":{"minecraft:oak_pressure_plate":1,"minecraft:glow_ink_sac":2,"minecraft:diamond":1,"minecraft:iron_horse_armor":1,"minecraft:rail":4,"minecraft:dirt":6,"securitycraft:furnace_mine":3,"gravestone:obituary":31,"minecraft:sand":20,"minecraft:stone_axe":3,"minecraft:sugar_cane":16,"minecraft:cobbled_deepslate":5,"minecraft:birch_sapling":7,"minecraft:rotten_flesh":21,"minecraft:oak_planks":10,"minecraft:azure_bluet":4,"minecraft:lime_bed":3,"minecraft:gunpowder":1,"quark:forgotten_hat":1,"minecraft:egg":2,"minecraft:iron_ingot":8,"minecraft:bread":12,"minecraft:wheat_seeds":5,"minecraft:polished_blackstone":1,"minecraft:mossy_cobblestone":2,"minecraft:golden_horse_armor":1,"minecraft:oak_fence":3,"minecraft:golden_axe":1,"minecraft:feather":2,"minecraft:cobblestone":13,"man:cassette_1safetyinstructions":1,"minecraft:apple":4,"minecraft:stick":1,"minecraft:oxeye_daisy":1,"minecraft:diorite":12,"minecraft:torch":1,"minecraft:rabbit":4,"tacz:modern_kinetic_gun":6,"minecraft:cactus":2,"minecraft:iron_shovel":1,"minecraft:lily_pad":5,"minecraft:dandelion":1,"minecraft:furnace":1,"minecraft:stone_sword":5,"minecraft:raw_copper":25,"minecraft:tuff":31,"minecraft:stone_shovel":1,"sophisticatedbackpacks:backpack":1,"minecraft:filled_map":1,"minecraft:andesite":25,"quark:birch_chest":2,"minecraft:oak_sapling":4,"tacz:ammo":186,"minecraft:stone_pickaxe":2,"minecraft:wooden_pickaxe":1,"minecraft:magma_block":1,"minecraft:terracotta":2},"minecraft:killed_by":{"quark:forgotten":2,"man:managgresive":3,"minecraft:player":13,"minecraft:enderman":1,"minecraft:skeleton":2,"cave_dweller:cave_dweller":1},"minecraft:custom":{"minecraft:animals_bred":12,"minecraft:interact_with_crafting_table":106,"minecraft:bell_ring":3,"minecraft:leave_game":18,"minecraft:time_since_death":31854,"minecraft:sprint_one_cm":1260465,"minecraft:damage_blocked_by_shield":1470,"minecraft:drop":222,"minecraft:talked_to_villager":2,"minecraft:play_time":612396,"minecraft:deaths":26,"minecraft:jump":5244,"minecraft:walk_on_water_one_cm":65642,"minecraft:interact_with_furnace":42,"minecraft:sleep_in_bed":47,"minecraft:waystone_activated":6,"minecraft:damage_dealt":8636,"minecraft:player_kills":22,"minecraft:crouch_one_cm":54862,"minecraft:horse_one_cm":1165166,"minecraft:mob_kills":148,"minecraft:climb_one_cm":5101,"minecraft:walk_one_cm":1752746,"minecraft:sneak_time":20228,"minecraft:walk_under_water_one_cm":36468,"minecraft:boat_one_cm":646337,"minecraft:total_world_time":612396,"minecraft:pot_flower":2,"minecraft:time_since_rest":31899,"minecraft:damage_taken":12566,"minecraft:swim_one_cm":59842,"minecraft:fly_one_cm":916486,"minecraft:open_chest":122,"minecraft:fall_one_cm":98162},"minecraft:crafted":{"minecraft:oak_planks":474,"securitycraft:mine":6,"minecraft:oak_pressure_plate":1,"minecraft:glass":64,"cfm:oak_park_bench":4,"minecraft:oak_fence":75,"minecraft:oak_slab":90,"minecraft:crafting_table":6,"minecraft:wooden_pickaxe":1,"minecraft:copper_ingot":12,"sophisticatedbackpacks:upgrade_base":2,"cfm:black_sofa":2,"minecraft:iron_chestplate":1,"minecraft:charcoal":15,"minecraft:yellow_dye":2,"quark:torch_arrow":22,"minecraft:stick":120,"quark:oak_chest":10,"minecraft:iron_ingot":73,"minecraft:iron_pickaxe":7,"minecraft:iron_block":1,"minecraft:stone_sword":3,"minecraft:gold_ingot":9,"minecraft:shears":1,"minecraft:oak_door":3,"securitycraft:furnace_mine":4,"minecraft:stone_shovel":5,"cfm:oak_coffee_table":4,"comforts:sleeping_bag_white":1,"minecraft:furnace":10,"minecraft:bone_meal":21,"minecraft:flint_and_steel":1,"minecraft:iron_axe":1,"minecraft:ladder":8,"minecraft:iron_hoe":1,"minecraft:stone_pickaxe":8,"minecraft:wheat":36,"sophisticatedbackpacks:iron_backpack":1,"minecraft:cooked_beef":64,"minecraft:iron_sword":1,"tacz:gun_smith_table":1,"sophisticatedbackpacks:gold_backpack":1,"minecraft:stone_axe":5,"securitycraft:cobblestone_mine":1,"minecraft:bread":3,"minecraft:air":0,"securitycraft:dirt_mine":1,"minecraft:blue_dye":8,"minecraft:oak_fence_gate":1,"minecraft:oak_boat":2,"minecraft:iron_shovel":2,"minecraft:white_bed":2,"minecraft:torch":164},"minecraft:killed":{"minecraft:cave_spider":3,"minecraft:spider":6,"minecraft:skeleton":11,"quark:crab":3,"minecraft:magma_cube":5,"minecraft:creeper":13,"minecraft:sheep":24,"minecraft:trader_llama":2,"minecraft:pillager":2,"minecraft:zombie":19,"minecraft:cow":35,"quark:toretoise":1,"minecraft:horse":5,"minecraft:drowned":1,"minecraft:husk":1,"quark:foxhound":1,"minecraft:rabbit":5,"minecraft:wandering_trader":1,"minecraft:frog":1,"minecraft:polar_bear":1,"quark:wraith":5,"minecraft:enderman":2},"minecraft:broken":{"minecraft:iron_shovel":1,"minecraft:golden_leggings":1,"minecraft:stone_pickaxe":5,"minecraft:stone_axe":2,"quark:forgotten_hat":1,"minecraft:stone_shovel":3,"minecraft:golden_hoe":1,"minecraft:iron_axe":1,"minecraft:iron_pickaxe":7},"minecraft:mined":{"securitycraft:mine":1,"minecraft:spruce_planks":1,"minecraft:white_bed":6,"minecraft:jungle_leaves":4,"minecraft:granite":26,"minecraft:grass_block":458,"securitycraft:furnace_mine":3,"minecraft:oak_pressure_plate":1,"minecraft:soul_soil":2,"tacz:gun_smith_table":1,"minecraft:oxeye_daisy":1,"minecraft:spawner":1,"minecraft:magma_block":8,"minecraft:iron_ore":37,"minecraft:cobbled_deepslate":4,"minecraft:fire":69,"minecraft:deepslate_lapis_ore":11,"minecraft:azure_bluet":3,"minecraft:dirt_path":1,"minecraft:green_bed":10,"minecraft:deepslate_redstone_ore":9,"minecraft:brown_mushroom":1,"minecraft:blackstone":7,"minecraft:soul_fire":1,"minecraft:torch":34,"minecraft:poppy":3,"man:redcandle":5,"minecraft:dead_bush":59,"quark:blossom_log":33,"minecraft:nether_quartz_ore":69,"minecraft:cobblestone":20,"minecraft:sugar_cane":14,"minecraft:oak_planks":73,"minecraft:wall_torch":22,"minecraft:deepslate_copper_ore":4,"minecraft:birch_log":1,"minecraft:tnt":15,"minecraft:grass":327,"quark:birch_chest":2,"minecraft:oak_log":304,"cfm:oak_park_bench":7,"minecraft:sand":86,"minecraft:dirt":226,"minecraft:netherrack":532,"minecraft:oak_leaves":32,"minecraft:deepslate":322,"minecraft:nether_gold_ore":38,"minecraft:tuff":37,"minecraft:mossy_cobblestone":2,"minecraft:mangrove_roots":5,"gravestone:gravestone":24,"minecraft:ladder":1,"minecraft:jungle_planks":1,"minecraft:redstone_wire":2,"minecraft:sandstone":1,"minecraft:hay_block":16,"minecraft:furnace":4,"minecraft:andesite":22,"minecraft:gold_block":1,"minecraft:white_glazed_terracotta":4,"minecraft:deepslate_iron_ore":52,"minecraft:vine":1,"securitycraft:cobblestone_mine":5,"minecraft:bamboo":7,"minecraft:stone":430,"minecraft:bone_block":35,"minecraft:oak_slab":40,"minecraft:glass_pane":2,"minecraft:soul_sand":2,"quark:lavender_blossom_leaves":5,"minecraft:basalt":108,"minecraft:dandelion":16,"minecraft:oak_fence":34,"minecraft:crafting_table":8,"minecraft:cornflower":2,"minecraft:tall_grass":34,"minecraft:copper_ore":19,"minecraft:lapis_ore":6,"minecraft:deepslate_gold_ore":9,"minecraft:lily_pad":3,"minecraft:diorite":14,"cfm:black_sofa":2,"minecraft:lime_bed":4,"minecraft:red_terracotta":512,"minecraft:birch_leaves":1,"securitycraft:dirt_mine":1,"minecraft:coal_ore":141,"cfm:oak_coffee_table":1,"minecraft:gravel":28,"minecraft:cobweb":28,"minecraft:terracotta":2,"minecraft:gold_ore":1,"minecraft:fern":1},"minecraft:used":{"minecraft:iron_shovel":252,"minecraft:ladder":8,"minecraft:shield":27,"minecraft:iron_sword":144,"minecraft:tuff":5,"minecraft:milk_bucket":1,"minecraft:obsidian":4,"minecraft:glass":39,"minecraft:lava_bucket":3,"minecraft:bow":2,"minecraft:hay_block":13,"minecraft:oak_sapling":16,"minecraft:furnace":10,"minecraft:egg":4,"minecraft:diorite":1,"cfm:oak_park_bench":10,"minecraft:stone_pickaxe":825,"minecraft:oak_planks":252,"minecraft:wooden_pickaxe":29,"minecraft:golden_hoe":32,"minecraft:sand":22,"waystones:waystone":3,"minecraft:bread":25,"minecraft:oak_pressure_plate":2,"minecraft:gravel":6,"quark:soul_bead":2,"securitycraft:mine":1,"minecraft:oak_boat":14,"minecraft:bone_meal":21,"minecraft:oak_fence":91,"minecraft:stone_sword":55,"minecraft:flint_and_steel":5,"minecraft:stone_shovel":516,"minecraft:redstone":2,"tacz:gun_smith_table":2,"minecraft:netherrack":4,"minecraft:oak_door":2,"minecraft:torch":167,"minecraft:dirt":1355,"minecraft:oak_fence_gate":1,"minecraft:iron_hoe":88,"cfm:black_sofa":4,"minecraft:iron_axe":294,"minecraft:bamboo":71,"minecraft:basalt":61,"securitycraft:dirt_mine":2,"comforts:sleeping_bag_white":1,"minecraft:cooked_beef":14,"minecraft:cobbled_deepslate":26,"minecraft:cooked_mutton":36,"minecraft:wheat_seeds":120,"minecraft:water_bucket":57,"minecraft:green_bed":14,"cfm:oak_coffee_table":5,"securitycraft:cobblestone_mine":6,"minecraft:oak_slab":118,"minecraft:lime_bed":2,"minecraft:tnt":7,"minecraft:crafting_table":15,"minecraft:white_bed":7,"securitycraft:furnace_mine":5,"minecraft:oak_log":30,"minecraft:iron_pickaxe":1689,"minecraft:stone_axe":370,"minecraft:cobblestone":222,"minecraft:bucket":60,"quark:oak_chest":10},"minecraft:picked_up":{"minecraft:yellow_wool":2,"minecraft:lead":7,"minecraft:enchanted_book":2,"sophisticatedbackpacks:magnet_upgrade":1,"minecraft:music_disc_cat":1,"minecraft:string":76,"minecraft:soul_soil":2,"minecraft:raw_copper":169,"minecraft:gold_nugget":150,"minecraft:cobbled_deepslate":316,"comforts:sleeping_bag_white":1,"minecraft:iron_pickaxe":1,"minecraft:furnace":5,"minecraft:blue_wool":1,"minecraft:white_glazed_terracotta":8,"minecraft:stick":136,"quark:crab_shell":2,"minecraft:oak_fence":44,"minecraft:torch":69,"minecraft:green_bed":13,"quark:blossom_log":23,"minecraft:diorite":14,"quark:lavender_blossom_sapling":3,"quark:ancient_tome":1,"minecraft:stone_sword":3,"man:redcandle":6,"minecraft:rotten_flesh":12,"minecraft:mangrove_roots":5,"minecraft:cobblestone":467,"paraglider:paraglider":1,"minecraft:magma_block":8,"minecraft:feather":2,"minecraft:water_bucket":1,"minecraft:andesite":27,"minecraft:golden_leggings":1,"minecraft:potato":1,"minecraft:flint":2,"minecraft:tuff":37,"minecraft:lapis_lazuli":105,"minecraft:dirt":944,"minecraft:bone":18,"minecraft:bow":3,"minecraft:wheat_seeds":93,"securitycraft:cobblestone_mine":5,"cfm:oak_park_bench":6,"minecraft:raw_gold":10,"quark:soul_bead":7,"minecraft:rabbit":6,"minecraft:bamboo":137,"tacz:gun_smith_table":1,"minecraft:oak_planks":96,"securitycraft:mine":1,"minecraft:music_disc_13":1,"securitycraft:dirt_mine":1,"minecraft:oak_pressure_plate":3,"minecraft:sand":84,"minecraft:red_terracotta":1024,"minecraft:mossy_cobblestone":2,"waystones:waystone":3,"minecraft:granite":52,"minecraft:golden_horse_armor":2,"minecraft:bread":44,"minecraft:oak_sapling":107,"minecraft:netherrack":501,"minecraft:crafting_table":9,"minecraft:azure_bluet":4,"minecraft:chicken":1,"minecraft:ladder":1,"minecraft:brown_mushroom":1,"minecraft:wooden_pickaxe":1,"securitycraft:furnace_mine":4,"minecraft:gold_block":1,"minecraft:diamond_horse_armor":1,"gravestone:obituary":9,"minecraft:shield":2,"minecraft:cornflower":4,"tacz:ammo":795,"minecraft:iron_shovel":2,"minecraft:blackstone":7,"minecraft:beef":68,"minecraft:oak_boat":13,"minecraft:poppy":4,"minecraft:sugar_cane":35,"minecraft:birch_sapling":7,"minecraft:egg":8,"minecraft:raw_iron":93,"sophisticatedbackpacks:backpack":5,"quark:birch_chest":2,"minecraft:redstone":51,"minecraft:iron_horse_armor":3,"minecraft:tnt":19,"minecraft:arrow":34,"minecraft:hay_block":11,"minecraft:saddle":1,"minecraft:mutton":25,"minecraft:rail":4,"minecraft:bone_block":35,"minecraft:white_wool":47,"minecraft:oxeye_daisy":2,"minecraft:lime_bed":5,"minecraft:air":0,"minecraft:basalt":107,"minecraft:glow_ink_sac":5,"minecraft:leather":41,"minecraft:filled_map":1,"minecraft:oak_log":286,"minecraft:lily_pad":8,"minecraft:golden_boots":1,"minecraft:gunpowder":12,"quark:forgotten_hat":3,"man:cassette_1safetyinstructions":2,"minecraft:cooked_mutton":28,"minecraft:apple":15,"minecraft:rabbit_hide":1,"minecraft:iron_ingot":24,"minecraft:stone_pickaxe":1,"minecraft:soul_sand":1,"minecraft:oak_slab":42,"cfm:oak_coffee_table":1,"minecraft:quartz":69,"minecraft:dandelion":30,"minecraft:gravel":39,"minecraft:white_bed":6,"minecraft:stone_axe":2,"tacz:modern_kinetic_gun":8,"cfm:black_sofa":2,"minecraft:terracotta":2,"minecraft:black_wool":6,"minecraft:mangrove_propagule":1,"minecraft:coal":200,"minecraft:ender_pearl":3}},"DataVersion":3465}