{"stats":{"minecraft:killed":{"minecraft:cave_spider":2,"minecraft:rabbit":4,"minecraft:creeper":2},"minecraft:killed_by":{"minecraft:player":7},"minecraft:dropped":{"minecraft:stone_axe":2,"minecraft:lime_bed":2,"minecraft:diorite":2,"minecraft:stone_sword":3,"gravestone:obituary":8,"tacz:modern_kinetic_gun":2,"tacz:ammo":125,"man:cassette_1safetyinstructions":1,"minecraft:stone_pickaxe":2,"minecraft:rail":4,"minecraft:stick":1},"minecraft:mined":{"minecraft:hay_block":4,"minecraft:lime_bed":2,"minecraft:iron_ore":1,"minecraft:tnt":9,"minecraft:torch":5,"gravestone:gravestone":8,"minecraft:coal_ore":31,"minecraft:dead_bush":9,"minecraft:sand":15,"minecraft:cobweb":28,"minecraft:stone":61,"minecraft:oak_planks":14,"minecraft:sugar_cane":9,"minecraft:diorite":2,"minecraft:wall_torch":3,"minecraft:green_bed":3,"minecraft:spawner":1},"minecraft:custom":{"minecraft:time_since_rest":16004,"minecraft:sprint_one_cm":114361,"minecraft:damage_taken":2343,"minecraft:walk_one_cm":133755,"minecraft:mob_kills":8,"minecraft:drop":53,"minecraft:damage_dealt":215,"minecraft:interact_with_crafting_table":9,"minecraft:fly_one_cm":99655,"minecraft:player_kills":13,"minecraft:open_chest":7,"minecraft:crouch_one_cm":2376,"minecraft:play_time":48446,"minecraft:deaths":7,"minecraft:sneak_time":699,"minecraft:jump":532,"minecraft:leave_game":1,"minecraft:walk_on_water_one_cm":3185,"minecraft:time_since_death":23137,"minecraft:sleep_in_bed":2,"minecraft:total_world_time":48446,"minecraft:fall_one_cm":14321},"minecraft:crafted":{"minecraft:crafting_table":1,"minecraft:stick":4,"minecraft:stone_pickaxe":3,"minecraft:wooden_pickaxe":1,"minecraft:stone_sword":3,"minecraft:stone_axe":3},"minecraft:picked_up":{"minecraft:lime_bed":2,"minecraft:stick":16,"minecraft:raw_iron":1,"minecraft:torch":6,"minecraft:green_bed":3,"sophisticatedbackpacks:backpack":1,"minecraft:sand":13,"gravestone:obituary":1,"minecraft:diorite":2,"minecraft:gunpowder":1,"minecraft:string":27,"man:cassette_1safetyinstructions":1,"minecraft:stone_sword":1,"minecraft:tnt":9,"tacz:ammo":389,"tacz:modern_kinetic_gun":2,"minecraft:rabbit_hide":1,"minecraft:hay_block":6,"minecraft:bread":32,"minecraft:rabbit":4,"minecraft:sugar_cane":17,"minecraft:coal":30,"minecraft:oak_planks":14,"minecraft:rail":4,"minecraft:cobblestone":63},"minecraft:used":{"minecraft:stone_sword":39,"minecraft:bread":7,"minecraft:stone_pickaxe":71,"minecraft:wooden_pickaxe":26,"minecraft:torch":4,"minecraft:green_bed":3,"minecraft:sand":16,"minecraft:cobblestone":11,"minecraft:crafting_table":1}},"DataVersion":3465}