{"stats":{"minecraft:broken":{"minecraft:stone_pickaxe":1,"minecraft:iron_axe":1,"minecraft:stone_axe":2,"minecraft:iron_pickaxe":3,"minecraft:stone_shovel":3},"minecraft:mined":{"minecraft:tuff":1,"minecraft:spruce_planks":1,"minecraft:white_bed":6,"minecraft:mossy_cobblestone":2,"minecraft:jungle_leaves":4,"minecraft:mangrove_roots":5,"gravestone:gravestone":15,"minecraft:grass_block":431,"minecraft:jungle_planks":1,"minecraft:redstone_wire":2,"minecraft:oak_pressure_plate":1,"minecraft:sandstone":1,"minecraft:spawner":1,"minecraft:hay_block":16,"minecraft:iron_ore":20,"minecraft:fire":7,"minecraft:andesite":2,"minecraft:deepslate_lapis_ore":2,"minecraft:gold_block":1,"minecraft:white_glazed_terracotta":4,"minecraft:dirt_path":1,"minecraft:vine":1,"minecraft:deepslate_iron_ore":35,"minecraft:bamboo":7,"minecraft:stone":146,"minecraft:green_bed":10,"minecraft:deepslate_redstone_ore":8,"minecraft:oak_slab":40,"minecraft:brown_mushroom":1,"minecraft:glass_pane":2,"quark:lavender_blossom_leaves":5,"minecraft:dandelion":1,"minecraft:oak_fence":1,"minecraft:crafting_table":6,"minecraft:torch":30,"man:redcandle":5,"minecraft:dead_bush":59,"quark:blossom_log":33,"minecraft:copper_ore":19,"minecraft:tall_grass":8,"minecraft:cobblestone":17,"minecraft:lapis_ore":3,"minecraft:oak_planks":60,"minecraft:sugar_cane":13,"minecraft:lily_pad":3,"minecraft:diorite":4,"minecraft:deepslate_copper_ore":3,"minecraft:wall_torch":19,"minecraft:red_terracotta":512,"minecraft:lime_bed":4,"cfm:black_sofa":2,"minecraft:birch_leaves":1,"minecraft:tnt":15,"minecraft:grass":158,"minecraft:coal_ore":69,"minecraft:oak_log":285,"cfm:oak_coffee_table":1,"minecraft:gravel":24,"cfm:oak_park_bench":5,"minecraft:dirt":162,"minecraft:sand":86,"minecraft:cobweb":28,"minecraft:terracotta":2,"minecraft:gold_ore":1,"minecraft:deepslate":25,"minecraft:oak_leaves":32,"minecraft:fern":1},"minecraft:killed":{"minecraft:cave_spider":3,"minecraft:spider":5,"minecraft:horse":5,"minecraft:skeleton":9,"quark:crab":3,"minecraft:drowned":1,"minecraft:husk":1,"minecraft:rabbit":5,"minecraft:wandering_trader":1,"minecraft:frog":1,"minecraft:creeper":8,"minecraft:polar_bear":1,"minecraft:sheep":23,"minecraft:trader_llama":2,"minecraft:pillager":2,"minecraft:zombie":11,"minecraft:enderman":2,"minecraft:cow":32},"minecraft:custom":{"minecraft:mob_kills":116,"minecraft:animals_bred":12,"minecraft:interact_with_crafting_table":61,"minecraft:bell_ring":3,"minecraft:leave_game":10,"minecraft:time_since_death":50501,"minecraft:climb_one_cm":4371,"minecraft:sprint_one_cm":866618,"minecraft:walk_one_cm":1130790,"minecraft:damage_blocked_by_shield":1470,"minecraft:drop":155,"minecraft:talked_to_villager":2,"minecraft:play_time":399592,"minecraft:sneak_time":9341,"minecraft:deaths":16,"minecraft:walk_under_water_one_cm":24071,"minecraft:boat_one_cm":452431,"minecraft:jump":3585,"minecraft:walk_on_water_one_cm":35717,"minecraft:total_world_time":399592,"minecraft:interact_with_furnace":23,"minecraft:pot_flower":2,"minecraft:sleep_in_bed":29,"minecraft:time_since_rest":23698,"minecraft:waystone_activated":5,"minecraft:damage_taken":6739,"minecraft:damage_dealt":7855,"minecraft:player_kills":20,"minecraft:swim_one_cm":54014,"minecraft:fly_one_cm":690144,"minecraft:open_chest":93,"minecraft:crouch_one_cm":29399,"minecraft:fall_one_cm":71734,"minecraft:horse_one_cm":1160236},"minecraft:used":{"minecraft:oak_fence":26,"minecraft:iron_shovel":233,"minecraft:stone_sword":55,"minecraft:flint_and_steel":5,"minecraft:stone_shovel":418,"minecraft:redstone":2,"minecraft:ladder":8,"minecraft:shield":27,"minecraft:iron_sword":125,"minecraft:torch":87,"minecraft:dirt":811,"minecraft:oak_fence_gate":1,"minecraft:obsidian":4,"minecraft:milk_bucket":1,"minecraft:glass":1,"minecraft:lava_bucket":1,"cfm:black_sofa":4,"minecraft:iron_axe":294,"minecraft:bamboo":29,"minecraft:hay_block":13,"minecraft:oak_sapling":16,"minecraft:furnace":2,"minecraft:egg":3,"minecraft:cooked_beef":2,"minecraft:cooked_mutton":28,"minecraft:water_bucket":16,"minecraft:diorite":1,"cfm:oak_park_bench":8,"minecraft:oak_planks":219,"minecraft:stone_pickaxe":180,"minecraft:wooden_pickaxe":29,"cfm:oak_coffee_table":5,"minecraft:green_bed":10,"minecraft:oak_slab":118,"minecraft:lime_bed":2,"minecraft:sand":22,"minecraft:tnt":7,"minecraft:crafting_table":9,"minecraft:white_bed":6,"waystones:waystone":2,"minecraft:oak_log":21,"minecraft:bread":25,"minecraft:iron_pickaxe":707,"minecraft:oak_pressure_plate":2,"minecraft:gravel":6,"minecraft:stone_axe":299,"minecraft:cobblestone":104,"minecraft:bucket":16,"quark:oak_chest":4,"minecraft:oak_boat":10,"minecraft:bone_meal":21},"minecraft:picked_up":{"minecraft:crafting_table":7,"minecraft:chicken":1,"minecraft:lead":7,"minecraft:brown_mushroom":1,"minecraft:wooden_pickaxe":1,"minecraft:gold_block":1,"minecraft:enchanted_book":1,"gravestone:obituary":6,"minecraft:shield":2,"sophisticatedbackpacks:magnet_upgrade":1,"minecraft:cornflower":2,"minecraft:string":76,"minecraft:raw_copper":167,"tacz:ammo":795,"minecraft:iron_shovel":1,"minecraft:cobbled_deepslate":25,"minecraft:beef":62,"minecraft:oak_boat":9,"minecraft:sugar_cane":33,"minecraft:birch_sapling":7,"minecraft:egg":7,"minecraft:raw_iron":59,"minecraft:stick":125,"minecraft:white_glazed_terracotta":4,"quark:crab_shell":2,"minecraft:oak_fence":1,"minecraft:torch":58,"minecraft:green_bed":9,"sophisticatedbackpacks:backpack":5,"quark:blossom_log":23,"minecraft:diorite":4,"minecraft:redstone":47,"quark:lavender_blossom_sapling":3,"minecraft:tnt":19,"minecraft:stone_sword":3,"man:redcandle":6,"minecraft:arrow":20,"minecraft:rotten_flesh":10,"minecraft:hay_block":11,"minecraft:mangrove_roots":5,"minecraft:saddle":1,"minecraft:mutton":25,"minecraft:rail":4,"minecraft:white_wool":20,"minecraft:cobblestone":186,"paraglider:paraglider":1,"minecraft:lime_bed":5,"minecraft:magma_block":2,"minecraft:air":0,"minecraft:feather":2,"minecraft:glow_ink_sac":2,"minecraft:water_bucket":1,"minecraft:andesite":9,"minecraft:leather":36,"minecraft:golden_leggings":1,"minecraft:potato":1,"minecraft:filled_map":1,"minecraft:flint":1,"minecraft:tuff":1,"minecraft:oak_log":267,"minecraft:lily_pad":8,"minecraft:gunpowder":9,"minecraft:lapis_lazuli":32,"minecraft:dirt":768,"quark:forgotten_hat":3,"man:cassette_1safetyinstructions":1,"minecraft:cooked_mutton":26,"minecraft:raw_gold":1,"minecraft:bone":11,"minecraft:apple":15,"minecraft:bow":3,"minecraft:wheat_seeds":21,"cfm:oak_park_bench":4,"minecraft:rabbit_hide":1,"minecraft:iron_ingot":24,"minecraft:stone_pickaxe":1,"minecraft:rabbit":6,"minecraft:bamboo":29,"minecraft:oak_planks":83,"minecraft:oak_slab":42,"cfm:oak_coffee_table":1,"minecraft:dandelion":1,"minecraft:oak_pressure_plate":3,"minecraft:gravel":19,"minecraft:sand":84,"minecraft:white_bed":6,"minecraft:red_terracotta":512,"minecraft:mossy_cobblestone":2,"minecraft:stone_axe":2,"butcher:butchersguidebook":1,"tacz:modern_kinetic_gun":7,"waystones:waystone":2,"cfm:black_sofa":2,"minecraft:bread":44,"minecraft:terracotta":2,"minecraft:oak_sapling":102,"minecraft:black_wool":6,"minecraft:mangrove_propagule":1,"minecraft:coal":126,"minecraft:ender_pearl":2},"minecraft:dropped":{"minecraft:bread":12,"minecraft:wheat_seeds":3,"minecraft:oak_pressure_plate":1,"minecraft:glow_ink_sac":2,"minecraft:mossy_cobblestone":2,"minecraft:polished_blackstone":1,"minecraft:diamond":1,"minecraft:golden_horse_armor":1,"minecraft:golden_axe":1,"minecraft:oak_fence":3,"minecraft:feather":2,"minecraft:cobblestone":13,"man:cassette_1safetyinstructions":1,"minecraft:apple":4,"minecraft:iron_horse_armor":1,"minecraft:rail":4,"minecraft:stick":1,"minecraft:dirt":6,"minecraft:diorite":2,"minecraft:rabbit":4,"gravestone:obituary":19,"tacz:modern_kinetic_gun":5,"minecraft:sand":20,"minecraft:cactus":2,"minecraft:lily_pad":5,"minecraft:dandelion":1,"minecraft:stone_axe":3,"minecraft:sugar_cane":16,"minecraft:stone_sword":5,"minecraft:cobbled_deepslate":5,"minecraft:raw_copper":25,"minecraft:birch_sapling":7,"minecraft:stone_shovel":1,"minecraft:rotten_flesh":21,"minecraft:oak_planks":10,"sophisticatedbackpacks:backpack":1,"butcher:butchersguidebook":1,"minecraft:filled_map":1,"minecraft:lime_bed":3,"minecraft:andesite":7,"minecraft:oak_sapling":3,"quark:forgotten_hat":1,"tacz:ammo":186,"minecraft:wooden_pickaxe":1,"minecraft:stone_pickaxe":2,"minecraft:magma_block":1,"minecraft:terracotta":2,"minecraft:egg":2},"minecraft:killed_by":{"minecraft:player":11,"minecraft:enderman":1,"man:managgresive":2,"minecraft:skeleton":2},"minecraft:crafted":{"minecraft:oak_planks":368,"minecraft:stone_shovel":4,"cfm:oak_coffee_table":4,"minecraft:oak_pressure_plate":1,"minecraft:furnace":2,"minecraft:bone_meal":21,"minecraft:flint_and_steel":1,"minecraft:glass":1,"minecraft:iron_axe":1,"minecraft:ladder":8,"minecraft:stone_pickaxe":3,"cfm:oak_park_bench":4,"minecraft:oak_fence":30,"minecraft:wheat":36,"minecraft:cooked_beef":58,"minecraft:oak_slab":90,"minecraft:crafting_table":4,"minecraft:wooden_pickaxe":1,"minecraft:iron_sword":1,"minecraft:stone_axe":4,"sophisticatedbackpacks:upgrade_base":2,"minecraft:bread":3,"minecraft:air":0,"cfm:black_sofa":2,"minecraft:oak_fence_gate":1,"minecraft:oak_boat":1,"minecraft:charcoal":9,"minecraft:stick":48,"quark:oak_chest":10,"minecraft:iron_ingot":16,"minecraft:iron_pickaxe":4,"minecraft:stone_sword":3,"minecraft:iron_shovel":1,"minecraft:white_bed":1,"minecraft:torch":76}},"DataVersion":3465}