{"stats":{"minecraft:dropped":{"minecraft:stone_axe":2,"minecraft:stone_sword":4,"minecraft:mossy_cobblestone":2,"minecraft:rotten_flesh":20,"man:cassette_1safetyinstructions":1,"minecraft:rail":4,"minecraft:stick":1,"minecraft:lime_bed":2,"minecraft:diorite":2,"minecraft:andesite":7,"gravestone:obituary":13,"tacz:modern_kinetic_gun":5,"tacz:ammo":186,"minecraft:wooden_pickaxe":1,"minecraft:stone_pickaxe":2,"minecraft:terracotta":2},"minecraft:killed_by":{"minecraft:player":8,"minecraft:skeleton":2,"minecraft:enderman":1},"minecraft:mined":{"minecraft:tuff":1,"minecraft:mossy_cobblestone":2,"minecraft:crafting_table":2,"minecraft:torch":14,"gravestone:gravestone":11,"minecraft:dead_bush":18,"minecraft:copper_ore":19,"minecraft:cobblestone":14,"minecraft:oak_planks":14,"minecraft:sugar_cane":11,"minecraft:diorite":4,"minecraft:wall_torch":10,"minecraft:spawner":1,"minecraft:hay_block":10,"minecraft:red_terracotta":7,"minecraft:lime_bed":4,"minecraft:iron_ore":6,"minecraft:andesite":2,"minecraft:tnt":9,"minecraft:deepslate_lapis_ore":1,"minecraft:coal_ore":44,"minecraft:deepslate_iron_ore":16,"minecraft:sand":15,"minecraft:gravel":18,"minecraft:dirt":1,"minecraft:cobweb":28,"minecraft:terracotta":2,"minecraft:stone":80,"minecraft:deepslate":10,"minecraft:green_bed":4},"minecraft:used":{"minecraft:cooked_mutton":10,"minecraft:diorite":1,"minecraft:stone_sword":55,"minecraft:stone_pickaxe":180,"minecraft:wooden_pickaxe":29,"minecraft:shield":27,"minecraft:green_bed":3,"minecraft:torch":30,"minecraft:sand":16,"minecraft:lime_bed":2,"minecraft:crafting_table":3,"minecraft:bread":17,"minecraft:iron_pickaxe":14,"minecraft:stone_axe":21,"minecraft:cobblestone":80,"minecraft:furnace":1},"minecraft:custom":{"minecraft:interact_with_furnace":7,"minecraft:mob_kills":30,"minecraft:interact_with_crafting_table":14,"minecraft:leave_game":5,"minecraft:time_since_death":6273,"minecraft:sleep_in_bed":5,"minecraft:time_since_rest":6338,"minecraft:sprint_one_cm":215841,"minecraft:damage_taken":4626,"minecraft:walk_one_cm":365505,"minecraft:damage_blocked_by_shield":1470,"minecraft:drop":72,"minecraft:damage_dealt":650,"minecraft:player_kills":17,"minecraft:swim_one_cm":1523,"minecraft:fly_one_cm":149625,"minecraft:open_chest":11,"minecraft:crouch_one_cm":12051,"minecraft:play_time":108094,"minecraft:deaths":11,"minecraft:sneak_time":3673,"minecraft:walk_under_water_one_cm":1488,"minecraft:jump":1013,"minecraft:walk_on_water_one_cm":5782,"minecraft:total_world_time":108094,"minecraft:fall_one_cm":21014,"minecraft:horse_one_cm":122104},"minecraft:killed":{"minecraft:husk":1,"minecraft:cave_spider":3,"minecraft:spider":2,"minecraft:rabbit":4,"minecraft:creeper":5,"minecraft:skeleton":7,"minecraft:zombie":6,"minecraft:enderman":2},"minecraft:picked_up":{"paraglider:paraglider":1,"minecraft:lime_bed":5,"minecraft:crafting_table":2,"minecraft:air":0,"minecraft:glow_ink_sac":2,"minecraft:andesite":9,"minecraft:wooden_pickaxe":1,"minecraft:potato":1,"minecraft:enchanted_book":1,"minecraft:tuff":1,"gravestone:obituary":4,"minecraft:shield":1,"minecraft:gunpowder":9,"sophisticatedbackpacks:magnet_upgrade":1,"minecraft:lapis_lazuli":5,"minecraft:string":76,"minecraft:raw_copper":133,"man:cassette_1safetyinstructions":1,"minecraft:cooked_mutton":26,"tacz:ammo":612,"minecraft:bone":7,"minecraft:bow":1,"minecraft:cobbled_deepslate":10,"minecraft:rabbit_hide":1,"minecraft:iron_ingot":4,"minecraft:stone_pickaxe":1,"minecraft:rabbit":5,"minecraft:sugar_cane":20,"minecraft:oak_planks":19,"minecraft:stick":29,"minecraft:raw_iron":26,"minecraft:torch":29,"minecraft:green_bed":4,"sophisticatedbackpacks:backpack":3,"minecraft:gravel":16,"minecraft:sand":14,"minecraft:diorite":4,"minecraft:red_terracotta":7,"minecraft:mossy_cobblestone":2,"minecraft:tnt":9,"minecraft:stone_sword":3,"minecraft:arrow":12,"minecraft:rotten_flesh":4,"minecraft:stone_axe":1,"tacz:modern_kinetic_gun":6,"minecraft:hay_block":6,"minecraft:saddle":1,"minecraft:bread":44,"minecraft:terracotta":2,"minecraft:coal":101,"minecraft:rail":4,"minecraft:cobblestone":117,"minecraft:ender_pearl":1},"minecraft:crafted":{"minecraft:crafting_table":2,"minecraft:wooden_pickaxe":1,"minecraft:iron_sword":1,"minecraft:furnace":1,"minecraft:stone_axe":3,"minecraft:air":0,"minecraft:stick":4,"minecraft:iron_ingot":16,"minecraft:iron_pickaxe":1,"minecraft:stone_pickaxe":3,"minecraft:stone_sword":3,"minecraft:torch":20},"minecraft:broken":{"minecraft:stone_pickaxe":1}},"DataVersion":3465}