{"stats":{"minecraft:picked_up":{"minecraft:lead":7,"minecraft:enchanted_book":2,"sophisticatedbackpacks:magnet_upgrade":1,"minecraft:music_disc_cat":1,"minecraft:string":76,"minecraft:raw_copper":167,"minecraft:cobbled_deepslate":53,"minecraft:furnace":1,"minecraft:white_glazed_terracotta":8,"minecraft:stick":125,"quark:crab_shell":2,"minecraft:oak_fence":1,"minecraft:torch":61,"minecraft:green_bed":13,"quark:blossom_log":23,"minecraft:diorite":14,"quark:lavender_blossom_sapling":3,"quark:ancient_tome":1,"minecraft:stone_sword":3,"man:redcandle":6,"minecraft:rotten_flesh":10,"minecraft:mangrove_roots":5,"minecraft:cobblestone":345,"paraglider:paraglider":1,"minecraft:magma_block":2,"minecraft:feather":2,"minecraft:water_bucket":1,"minecraft:andesite":27,"minecraft:golden_leggings":1,"minecraft:potato":1,"minecraft:flint":2,"minecraft:tuff":1,"minecraft:lapis_lazuli":54,"minecraft:dirt":820,"minecraft:bone":16,"minecraft:bow":3,"securitycraft:cobblestone_mine":3,"minecraft:wheat_seeds":21,"cfm:oak_park_bench":4,"minecraft:raw_gold":1,"minecraft:rabbit":6,"minecraft:bamboo":137,"minecraft:oak_planks":83,"securitycraft:mine":1,"minecraft:music_disc_13":1,"minecraft:oak_pressure_plate":3,"minecraft:sand":84,"minecraft:red_terracotta":1024,"minecraft:mossy_cobblestone":2,"waystones:waystone":2,"minecraft:granite":26,"minecraft:golden_horse_armor":2,"minecraft:bread":44,"minecraft:oak_sapling":102,"minecraft:crafting_table":7,"minecraft:azure_bluet":3,"minecraft:chicken":1,"minecraft:brown_mushroom":1,"minecraft:wooden_pickaxe":1,"minecraft:gold_block":1,"minecraft:diamond_horse_armor":1,"gravestone:obituary":7,"minecraft:shield":2,"minecraft:cornflower":4,"tacz:ammo":795,"minecraft:iron_shovel":1,"minecraft:beef":68,"minecraft:oak_boat":9,"minecraft:poppy":1,"minecraft:sugar_cane":33,"minecraft:birch_sapling":7,"minecraft:egg":8,"minecraft:raw_iron":83,"sophisticatedbackpacks:backpack":5,"minecraft:redstone":47,"minecraft:iron_horse_armor":3,"minecraft:tnt":19,"minecraft:arrow":33,"minecraft:hay_block":11,"minecraft:saddle":1,"minecraft:mutton":25,"minecraft:white_wool":20,"minecraft:rail":4,"minecraft:lime_bed":5,"minecraft:air":0,"minecraft:glow_ink_sac":5,"minecraft:leather":41,"minecraft:filled_map":1,"minecraft:oak_log":267,"minecraft:lily_pad":8,"minecraft:golden_boots":1,"minecraft:gunpowder":10,"man:cassette_1safetyinstructions":2,"quark:forgotten_hat":3,"minecraft:cooked_mutton":26,"minecraft:apple":15,"minecraft:rabbit_hide":1,"minecraft:iron_ingot":24,"minecraft:stone_pickaxe":1,"minecraft:oak_slab":42,"cfm:oak_coffee_table":1,"minecraft:dandelion":10,"minecraft:gravel":39,"minecraft:white_bed":6,"minecraft:stone_axe":2,"tacz:modern_kinetic_gun":7,"cfm:black_sofa":2,"minecraft:terracotta":2,"minecraft:black_wool":6,"minecraft:mangrove_propagule":1,"minecraft:coal":198,"minecraft:ender_pearl":3},"minecraft:killed":{"minecraft:cave_spider":3,"minecraft:spider":6,"minecraft:skeleton":10,"quark:crab":3,"minecraft:creeper":11,"minecraft:sheep":23,"minecraft:trader_llama":2,"minecraft:pillager":2,"minecraft:zombie":16,"minecraft:cow":35,"quark:toretoise":1,"minecraft:horse":5,"minecraft:drowned":1,"minecraft:husk":1,"minecraft:rabbit":5,"minecraft:wandering_trader":1,"minecraft:frog":1,"minecraft:polar_bear":1,"minecraft:enderman":2},"minecraft:killed_by":{"quark:forgotten":2,"man:managgresive":2,"minecraft:player":11,"minecraft:enderman":1,"minecraft:skeleton":2},"minecraft:mined":{"securitycraft:mine":1,"minecraft:spruce_planks":1,"minecraft:white_bed":6,"minecraft:jungle_leaves":4,"minecraft:granite":26,"minecraft:grass_block":431,"minecraft:oak_pressure_plate":1,"minecraft:spawner":1,"minecraft:iron_ore":29,"minecraft:fire":32,"minecraft:deepslate_lapis_ore":6,"minecraft:azure_bluet":3,"minecraft:dirt_path":1,"minecraft:green_bed":10,"minecraft:deepslate_redstone_ore":8,"minecraft:brown_mushroom":1,"minecraft:torch":32,"minecraft:poppy":1,"man:redcandle":5,"minecraft:dead_bush":59,"quark:blossom_log":33,"minecraft:cobblestone":19,"minecraft:sugar_cane":13,"minecraft:oak_planks":60,"minecraft:wall_torch":20,"minecraft:deepslate_copper_ore":3,"minecraft:tnt":15,"minecraft:grass":165,"minecraft:oak_log":285,"cfm:oak_park_bench":5,"minecraft:sand":86,"minecraft:dirt":174,"minecraft:oak_leaves":32,"minecraft:deepslate":55,"minecraft:tuff":1,"minecraft:mossy_cobblestone":2,"minecraft:mangrove_roots":5,"gravestone:gravestone":18,"minecraft:jungle_planks":1,"minecraft:redstone_wire":2,"minecraft:sandstone":1,"minecraft:hay_block":16,"minecraft:furnace":1,"minecraft:andesite":20,"minecraft:gold_block":1,"minecraft:white_glazed_terracotta":4,"minecraft:deepslate_iron_ore":50,"minecraft:vine":1,"securitycraft:cobblestone_mine":3,"minecraft:bamboo":7,"minecraft:stone":306,"minecraft:oak_slab":40,"minecraft:glass_pane":2,"quark:lavender_blossom_leaves":5,"minecraft:dandelion":12,"minecraft:oak_fence":1,"minecraft:crafting_table":6,"minecraft:cornflower":2,"minecraft:tall_grass":9,"minecraft:copper_ore":19,"minecraft:lapis_ore":3,"minecraft:lily_pad":3,"minecraft:diorite":14,"cfm:black_sofa":2,"minecraft:lime_bed":4,"minecraft:red_terracotta":512,"minecraft:birch_leaves":1,"minecraft:coal_ore":141,"cfm:oak_coffee_table":1,"minecraft:gravel":28,"minecraft:cobweb":28,"minecraft:terracotta":2,"minecraft:gold_ore":1,"minecraft:fern":1},"minecraft:dropped":{"minecraft:oak_pressure_plate":1,"minecraft:glow_ink_sac":2,"minecraft:diamond":1,"minecraft:iron_horse_armor":1,"minecraft:rail":4,"minecraft:dirt":6,"gravestone:obituary":23,"minecraft:sand":20,"minecraft:stone_axe":3,"minecraft:sugar_cane":16,"minecraft:cobbled_deepslate":5,"minecraft:birch_sapling":7,"minecraft:rotten_flesh":21,"minecraft:oak_planks":10,"minecraft:lime_bed":3,"quark:forgotten_hat":1,"minecraft:egg":2,"minecraft:iron_ingot":8,"minecraft:bread":12,"minecraft:wheat_seeds":3,"minecraft:polished_blackstone":1,"minecraft:mossy_cobblestone":2,"minecraft:golden_horse_armor":1,"minecraft:oak_fence":3,"minecraft:golden_axe":1,"minecraft:feather":2,"minecraft:cobblestone":13,"man:cassette_1safetyinstructions":1,"minecraft:apple":4,"minecraft:stick":1,"minecraft:diorite":12,"minecraft:rabbit":4,"tacz:modern_kinetic_gun":5,"minecraft:cactus":2,"minecraft:lily_pad":5,"minecraft:dandelion":1,"minecraft:stone_sword":5,"minecraft:raw_copper":25,"minecraft:stone_shovel":1,"sophisticatedbackpacks:backpack":1,"minecraft:filled_map":1,"minecraft:andesite":25,"minecraft:oak_sapling":3,"tacz:ammo":186,"minecraft:stone_pickaxe":2,"minecraft:wooden_pickaxe":1,"minecraft:magma_block":1,"minecraft:terracotta":2},"minecraft:custom":{"minecraft:animals_bred":12,"minecraft:interact_with_crafting_table":68,"minecraft:bell_ring":3,"minecraft:leave_game":14,"minecraft:time_since_death":10152,"minecraft:sprint_one_cm":994496,"minecraft:damage_blocked_by_shield":1470,"minecraft:drop":169,"minecraft:talked_to_villager":2,"minecraft:play_time":455707,"minecraft:deaths":20,"minecraft:jump":4254,"minecraft:walk_on_water_one_cm":45872,"minecraft:interact_with_furnace":32,"minecraft:sleep_in_bed":36,"minecraft:waystone_activated":5,"minecraft:damage_dealt":8362,"minecraft:player_kills":20,"minecraft:crouch_one_cm":34596,"minecraft:horse_one_cm":1160236,"minecraft:mob_kills":130,"minecraft:climb_one_cm":4371,"minecraft:walk_one_cm":1312989,"minecraft:sneak_time":11162,"minecraft:walk_under_water_one_cm":28273,"minecraft:boat_one_cm":452431,"minecraft:total_world_time":455707,"minecraft:pot_flower":2,"minecraft:time_since_rest":1484,"minecraft:damage_taken":9840,"minecraft:swim_one_cm":57157,"minecraft:fly_one_cm":765712,"minecraft:open_chest":103,"minecraft:fall_one_cm":82872},"minecraft:used":{"minecraft:iron_shovel":233,"minecraft:ladder":8,"minecraft:shield":27,"minecraft:iron_sword":135,"minecraft:milk_bucket":1,"minecraft:obsidian":4,"minecraft:glass":11,"minecraft:lava_bucket":1,"minecraft:hay_block":13,"minecraft:furnace":4,"minecraft:oak_sapling":16,"minecraft:egg":3,"minecraft:diorite":1,"cfm:oak_park_bench":8,"minecraft:stone_pickaxe":180,"minecraft:oak_planks":219,"minecraft:wooden_pickaxe":29,"minecraft:sand":22,"waystones:waystone":2,"minecraft:bread":25,"minecraft:oak_pressure_plate":2,"minecraft:gravel":6,"securitycraft:mine":1,"minecraft:oak_boat":10,"minecraft:bone_meal":21,"minecraft:oak_fence":26,"minecraft:stone_sword":55,"minecraft:flint_and_steel":5,"minecraft:stone_shovel":432,"minecraft:redstone":2,"minecraft:torch":120,"minecraft:dirt":1031,"minecraft:oak_fence_gate":1,"cfm:black_sofa":4,"minecraft:iron_axe":294,"minecraft:bamboo":71,"minecraft:cooked_beef":10,"minecraft:cooked_mutton":29,"minecraft:water_bucket":16,"minecraft:green_bed":14,"cfm:oak_coffee_table":5,"securitycraft:cobblestone_mine":3,"minecraft:crafting_table":10,"minecraft:tnt":7,"minecraft:oak_slab":118,"minecraft:lime_bed":2,"minecraft:white_bed":6,"securitycraft:furnace_mine":1,"minecraft:oak_log":21,"minecraft:iron_pickaxe":1059,"minecraft:stone_axe":299,"minecraft:cobblestone":158,"minecraft:bucket":16,"quark:oak_chest":10},"minecraft:broken":{"minecraft:golden_leggings":1,"minecraft:stone_pickaxe":1,"minecraft:stone_axe":2,"quark:forgotten_hat":1,"minecraft:stone_shovel":3,"minecraft:iron_axe":1,"minecraft:iron_pickaxe":4},"minecraft:crafted":{"securitycraft:mine":3,"minecraft:oak_planks":368,"minecraft:oak_pressure_plate":1,"minecraft:glass":64,"cfm:oak_park_bench":4,"minecraft:oak_fence":30,"minecraft:oak_slab":90,"minecraft:crafting_table":4,"minecraft:wooden_pickaxe":1,"minecraft:copper_ingot":12,"sophisticatedbackpacks:upgrade_base":2,"cfm:black_sofa":2,"minecraft:charcoal":9,"minecraft:yellow_dye":2,"quark:oak_chest":10,"minecraft:stick":64,"minecraft:iron_pickaxe":5,"minecraft:iron_ingot":57,"minecraft:stone_sword":3,"minecraft:gold_ingot":9,"securitycraft:furnace_mine":1,"minecraft:stone_shovel":4,"cfm:oak_coffee_table":4,"minecraft:furnace":5,"minecraft:bone_meal":21,"minecraft:flint_and_steel":1,"minecraft:iron_axe":1,"minecraft:ladder":8,"minecraft:stone_pickaxe":3,"minecraft:wheat":36,"sophisticatedbackpacks:iron_backpack":1,"minecraft:cooked_beef":58,"minecraft:iron_sword":1,"sophisticatedbackpacks:gold_backpack":1,"securitycraft:cobblestone_mine":1,"minecraft:stone_axe":4,"minecraft:bread":3,"minecraft:air":0,"minecraft:blue_dye":2,"minecraft:oak_fence_gate":1,"minecraft:oak_boat":1,"minecraft:iron_shovel":1,"minecraft:white_bed":1,"minecraft:torch":76}},"DataVersion":3465}