{"stats":{"minecraft:dropped":{"minecraft:stone_axe":2,"minecraft:stone_sword":3,"minecraft:rotten_flesh":2,"man:cassette_1safetyinstructions":1,"minecraft:rail":4,"minecraft:stick":1,"minecraft:lime_bed":2,"minecraft:diorite":2,"gravestone:obituary":13,"tacz:ammo":186,"tacz:modern_kinetic_gun":5,"minecraft:wooden_pickaxe":1,"minecraft:stone_pickaxe":2},"minecraft:killed_by":{"minecraft:player":7,"minecraft:skeleton":2,"minecraft:enderman":1},"minecraft:mined":{"minecraft:tuff":1,"minecraft:mossy_cobblestone":2,"minecraft:crafting_table":1,"minecraft:torch":11,"gravestone:gravestone":10,"minecraft:dead_bush":9,"minecraft:copper_ore":19,"minecraft:cobblestone":14,"minecraft:sugar_cane":9,"minecraft:oak_planks":14,"minecraft:diorite":4,"minecraft:wall_torch":4,"minecraft:spawner":1,"minecraft:hay_block":4,"minecraft:lime_bed":3,"minecraft:iron_ore":6,"minecraft:andesite":2,"minecraft:tnt":9,"minecraft:coal_ore":44,"minecraft:deepslate_iron_ore":16,"minecraft:dirt":1,"minecraft:gravel":18,"minecraft:sand":15,"minecraft:cobweb":28,"minecraft:stone":80,"minecraft:deepslate":10,"minecraft:green_bed":3},"minecraft:used":{"minecraft:cooked_mutton":6,"minecraft:diorite":1,"minecraft:stone_sword":41,"minecraft:stone_pickaxe":179,"minecraft:wooden_pickaxe":29,"minecraft:shield":26,"minecraft:green_bed":3,"minecraft:torch":26,"minecraft:sand":16,"minecraft:crafting_table":2,"minecraft:bread":14,"minecraft:stone_axe":11,"minecraft:cobblestone":58,"minecraft:furnace":1},"minecraft:custom":{"minecraft:interact_with_furnace":7,"minecraft:mob_kills":22,"minecraft:interact_with_crafting_table":13,"minecraft:leave_game":2,"minecraft:time_since_death":13380,"minecraft:sleep_in_bed":3,"minecraft:time_since_rest":12862,"minecraft:sprint_one_cm":165069,"minecraft:damage_taken":3926,"minecraft:walk_one_cm":296506,"minecraft:damage_blocked_by_shield":1260,"minecraft:drop":65,"minecraft:damage_dealt":380,"minecraft:fly_one_cm":118556,"minecraft:player_kills":13,"minecraft:open_chest":10,"minecraft:crouch_one_cm":10457,"minecraft:play_time":85537,"minecraft:deaths":10,"minecraft:sneak_time":3119,"minecraft:jump":755,"minecraft:walk_on_water_one_cm":3185,"minecraft:total_world_time":85537,"minecraft:fall_one_cm":16305},"minecraft:killed":{"minecraft:cave_spider":3,"minecraft:spider":1,"minecraft:rabbit":4,"minecraft:creeper":5,"minecraft:skeleton":5,"minecraft:zombie":2,"minecraft:enderman":2},"minecraft:picked_up":{"paraglider:paraglider":1,"minecraft:lime_bed":3,"minecraft:crafting_table":1,"minecraft:andesite":9,"minecraft:wooden_pickaxe":1,"minecraft:potato":1,"minecraft:enchanted_book":1,"minecraft:tuff":1,"gravestone:obituary":3,"minecraft:shield":1,"minecraft:gunpowder":9,"sophisticatedbackpacks:magnet_upgrade":1,"minecraft:string":76,"minecraft:raw_copper":133,"man:cassette_1safetyinstructions":1,"minecraft:cooked_mutton":26,"tacz:ammo":612,"minecraft:bone":7,"minecraft:bow":1,"minecraft:cobbled_deepslate":10,"minecraft:rabbit_hide":1,"minecraft:stone_pickaxe":1,"minecraft:iron_ingot":4,"minecraft:rabbit":4,"minecraft:sugar_cane":17,"minecraft:oak_planks":19,"minecraft:stick":18,"minecraft:raw_iron":26,"minecraft:torch":19,"minecraft:green_bed":3,"minecraft:gravel":16,"sophisticatedbackpacks:backpack":2,"minecraft:sand":14,"minecraft:diorite":4,"minecraft:mossy_cobblestone":2,"minecraft:tnt":9,"minecraft:stone_sword":2,"minecraft:arrow":12,"minecraft:rotten_flesh":4,"minecraft:stone_axe":1,"tacz:modern_kinetic_gun":6,"minecraft:hay_block":6,"minecraft:bread":44,"minecraft:coal":78,"minecraft:rail":4,"minecraft:cobblestone":117,"minecraft:ender_pearl":1},"minecraft:crafted":{"minecraft:crafting_table":2,"minecraft:wooden_pickaxe":1,"minecraft:furnace":1,"minecraft:stone_axe":3,"minecraft:air":0,"minecraft:stick":4,"minecraft:iron_ingot":16,"minecraft:stone_pickaxe":3,"minecraft:stone_sword":3,"minecraft:torch":20}},"DataVersion":3465}