{"stats":{"minecraft:broken":{"minecraft:iron_shovel":6,"minecraft:golden_boots":2,"minecraft:iron_chestplate":1,"minecraft:golden_leggings":1,"minecraft:stone_pickaxe":8,"minecraft:stone_axe":2,"minecraft:iron_sword":1,"quark:forgotten_hat":1,"minecraft:stone_shovel":14,"minecraft:golden_hoe":1,"minecraft:stone_hoe":1,"minecraft:iron_axe":1,"minecraft:iron_pickaxe":9},"minecraft:used":{"minecraft:iron_shovel":1744,"farmersdelight:cabbage_seeds":2,"minecraft:ladder":8,"minecraft:white_concrete_powder":617,"minecraft:shield":27,"minecraft:stone":33,"minecraft:iron_sword":234,"minecraft:soul_sand":2,"minecraft:carrot":28,"minecraft:tuff":5,"minecraft:milk_bucket":2,"minecraft:obsidian":40,"minecraft:glass":64,"minecraft:lava_bucket":5,"cfm:white_picket_fence":12,"minecraft:bow":12,"minecraft:hay_block":13,"minecraft:scaffolding":35,"minecraft:oak_sapling":16,"minecraft:furnace":14,"minecraft:beetroot_seeds":19,"minecraft:egg":6,"minecraft:diorite":1,"cfm:oak_park_bench":10,"minecraft:stone_pickaxe":1203,"minecraft:oak_planks":252,"minecraft:wooden_pickaxe":29,"minecraft:blue_bed":1,"minecraft:golden_hoe":32,"minecraft:sand":59,"farmersdelight:rice":10,"minecraft:black_concrete_powder":28,"waystones:waystone":3,"minecraft:bread":25,"minecraft:oak_pressure_plate":2,"minecraft:gravel":15,"quark:soul_bead":5,"securitycraft:mine":1,"minecraft:oak_boat":23,"minecraft:white_concrete":244,"minecraft:bone_meal":30,"minecraft:oak_fence":91,"minecraft:stone_sword":101,"minecraft:flint_and_steel":6,"minecraft:stone_shovel":1862,"minecraft:redstone":2,"tacz:gun_smith_table":3,"minecraft:stone_hoe":132,"minecraft:netherrack":4,"minecraft:oak_door":3,"minecraft:dirt":2056,"minecraft:torch":341,"minecraft:granite":13,"minecraft:oak_fence_gate":1,"minecraft:iron_hoe":172,"cfm:black_sofa":4,"quark:spruce_chest":4,"minecraft:iron_axe":294,"minecraft:bamboo":117,"minecraft:basalt":108,"securitycraft:dirt_mine":2,"comforts:sleeping_bag_white":25,"minecraft:cooked_beef":43,"minecraft:cobbled_deepslate":204,"minecraft:cobbled_deepslate_wall":11,"minecraft:cooked_mutton":47,"minecraft:wheat_seeds":244,"minecraft:water_bucket":258,"minecraft:green_bed":15,"cfm:oak_coffee_table":5,"securitycraft:cobblestone_mine":6,"farmersdelight:onion":42,"minecraft:oak_slab":118,"minecraft:lime_bed":2,"minecraft:tnt":10,"minecraft:crafting_table":26,"minecraft:white_bed":8,"securitycraft:furnace_mine":5,"minecraft:oak_log":30,"minecraft:diamond_pickaxe":651,"minecraft:apple":2,"minecraft:iron_pickaxe":2193,"minecraft:stone_axe":420,"minecraft:cobblestone":521,"minecraft:bucket":263,"quark:oak_chest":10,"minecraft:brush":5},"minecraft:mined":{"securitycraft:mine":1,"minecraft:spruce_planks":1,"minecraft:white_bed":6,"minecraft:farmland":48,"minecraft:jungle_leaves":4,"minecraft:obsidian":56,"minecraft:granite":71,"securitycraft:furnace_mine":3,"minecraft:grass_block":1480,"minecraft:white_concrete":248,"minecraft:oak_pressure_plate":1,"minecraft:soul_soil":2,"tacz:gun_smith_table":1,"minecraft:oxeye_daisy":1,"minecraft:spawner":1,"comforts:sleeping_bag_white":2,"minecraft:magma_block":8,"minecraft:glowstone":13,"farmersdelight:wild_rice":10,"minecraft:iron_ore":92,"minecraft:cobbled_deepslate":28,"minecraft:fire":90,"minecraft:deepslate_lapis_ore":12,"minecraft:azure_bluet":3,"minecraft:dirt_path":1,"minecraft:green_bed":10,"minecraft:deepslate_redstone_ore":9,"minecraft:brown_mushroom":1,"minecraft:blackstone":7,"minecraft:kelp_plant":2,"minecraft:soul_fire":1,"minecraft:torch":59,"minecraft:poppy":3,"man:redcandle":5,"minecraft:dead_bush":59,"quark:blossom_log":52,"minecraft:glass":2,"minecraft:nether_quartz_ore":79,"minecraft:cobblestone":71,"minecraft:oak_planks":75,"minecraft:sugar_cane":18,"minecraft:wall_torch":41,"minecraft:deepslate_copper_ore":4,"farmersdelight:sandy_shrub":12,"minecraft:birch_log":1,"minecraft:wheat":179,"minecraft:tnt":17,"minecraft:grass":548,"quark:birch_chest":2,"minecraft:oak_log":304,"minecraft:beetroots":13,"cfm:oak_park_bench":7,"minecraft:sand":422,"minecraft:dirt":489,"minecraft:netherrack":550,"minecraft:oak_leaves":33,"minecraft:deepslate":450,"minecraft:nether_gold_ore":38,"minecraft:tuff":37,"farmersdelight:onions":12,"minecraft:mossy_cobblestone":2,"minecraft:deepslate_diamond_ore":1,"farmersdelight:wild_carrots":1,"minecraft:mangrove_roots":5,"gravestone:gravestone":43,"minecraft:ladder":2,"minecraft:allium":9,"minecraft:jungle_planks":1,"minecraft:redstone_wire":2,"farmersdelight:wild_cabbages":2,"minecraft:spruce_leaves":1,"minecraft:kelp":4,"minecraft:sandstone":13,"minecraft:white_concrete_powder":57,"farmersdelight:wild_onions":8,"minecraft:hay_block":23,"minecraft:furnace":4,"minecraft:carrots":27,"minecraft:snow":463,"minecraft:andesite":30,"minecraft:gold_block":1,"minecraft:white_glazed_terracotta":4,"minecraft:deepslate_iron_ore":88,"minecraft:vine":1,"minecraft:lantern":3,"securitycraft:cobblestone_mine":5,"minecraft:bamboo":52,"minecraft:stone":1063,"minecraft:bone_block":35,"minecraft:oak_slab":40,"minecraft:scaffolding":19,"minecraft:glass_pane":2,"minecraft:soul_sand":4,"quark:lavender_blossom_leaves":5,"minecraft:basalt":109,"minecraft:dandelion":16,"minecraft:cobbled_deepslate_wall":5,"minecraft:oak_fence":34,"minecraft:crafting_table":15,"minecraft:cornflower":2,"minecraft:copper_ore":23,"minecraft:tall_grass":34,"minecraft:lapis_ore":13,"minecraft:deepslate_gold_ore":14,"minecraft:lily_pad":3,"minecraft:diorite":32,"farmersdelight:wild_beetroots":17,"minecraft:lime_bed":4,"minecraft:red_terracotta":512,"cfm:black_sofa":2,"minecraft:coarse_dirt":1,"minecraft:ice":1,"minecraft:spruce_log":8,"minecraft:birch_leaves":1,"securitycraft:dirt_mine":1,"minecraft:coal_ore":197,"cfm:oak_coffee_table":1,"quark:spruce_chest":3,"minecraft:gravel":759,"minecraft:sunflower":86,"minecraft:cobweb":28,"minecraft:terracotta":2,"minecraft:gold_ore":1,"minecraft:fern":2},"minecraft:dropped":{"minecraft:oak_pressure_plate":1,"minecraft:glow_ink_sac":2,"minecraft:ender_pearl":1,"minecraft:diamond":1,"minecraft:iron_horse_armor":1,"minecraft:rail":4,"minecraft:dirt":391,"minecraft:mutton":1,"securitycraft:furnace_mine":3,"gravestone:obituary":56,"farmersdelight:onion":9,"minecraft:gold_nugget":6,"minecraft:sand":266,"minecraft:oak_door":1,"minecraft:gravel":63,"minecraft:stone_axe":4,"minecraft:sugar_cane":29,"minecraft:cobbled_deepslate":5,"minecraft:birch_sapling":7,"minecraft:obsidian":25,"minecraft:rotten_flesh":47,"minecraft:oak_planks":12,"minecraft:azure_bluet":4,"minecraft:carrot":56,"minecraft:poppy":6,"minecraft:lime_bed":3,"minecraft:leather_chestplate":1,"minecraft:gunpowder":19,"quark:forgotten_hat":1,"minecraft:ladder":1,"minecraft:white_concrete_powder":56,"minecraft:egg":2,"minecraft:iron_ingot":8,"minecraft:bread":12,"minecraft:wheat_seeds":340,"minecraft:tnt":7,"minecraft:polished_blackstone":1,"minecraft:mossy_cobblestone":2,"minecraft:golden_horse_armor":1,"minecraft:oak_fence":3,"minecraft:golden_axe":1,"minecraft:feather":2,"minecraft:cobblestone":77,"minecraft:lead":2,"man:cassette_1safetyinstructions":1,"minecraft:apple":4,"minecraft:granite":22,"minecraft:copper_ingot":17,"minecraft:stick":1,"minecraft:oxeye_daisy":2,"quark:clear_shard":5,"minecraft:diorite":29,"minecraft:torch":1,"minecraft:rabbit":4,"tacz:modern_kinetic_gun":10,"minecraft:cactus":2,"minecraft:iron_shovel":1,"minecraft:string":1,"minecraft:lily_pad":5,"minecraft:dandelion":1,"minecraft:furnace":1,"minecraft:soul_soil":2,"minecraft:stone_sword":5,"minecraft:raw_copper":27,"minecraft:tuff":31,"minecraft:raw_iron":5,"minecraft:stone_shovel":2,"sophisticatedbackpacks:backpack":1,"minecraft:red_terracotta":64,"minecraft:filled_map":1,"minecraft:hay_block":13,"minecraft:andesite":27,"quark:birch_chest":2,"minecraft:oak_boat":1,"minecraft:oak_sapling":6,"minecraft:redstone_torch":1,"minecraft:spider_eye":2,"tacz:ammo":196,"minecraft:wooden_pickaxe":1,"minecraft:stone_pickaxe":2,"minecraft:magma_block":13,"minecraft:terracotta":2},"minecraft:killed":{"naturalist:rattlesnake":2,"minecraft:cave_spider":3,"minecraft:spider":17,"naturalist:snail":1,"minecraft:skeleton":16,"minecraft:chicken":1,"quark:crab":5,"minecraft:magma_cube":5,"minecraft:salmon":1,"minecraft:creeper":25,"minecraft:sheep":25,"minecraft:trader_llama":2,"minecraft:pillager":5,"minecraft:zombie":47,"minecraft:stray":1,"minecraft:cow":35,"benssharks:bonnethead_shark":1,"quark:toretoise":1,"naturalist:coral_snake":2,"minecraft:horse":5,"naturalist:bass":1,"minecraft:drowned":1,"minecraft:husk":1,"quark:foxhound":1,"minecraft:rabbit":5,"minecraft:wandering_trader":2,"minecraft:frog":1,"minecraft:squid":6,"minecraft:polar_bear":1,"royalvariations:royal_zombie":1,"quark:wraith":6,"minecraft:enderman":4},"minecraft:killed_by":{"minecraft:creeper":1,"quark:forgotten":2,"man:managgresive":4,"minecraft:zombie":2,"minecraft:player":17,"minecraft:stray":1,"minecraft:enderman":1,"minecraft:iron_golem":1,"minecraft:skeleton":5,"cave_dweller:cave_dweller":1},"minecraft:crafted":{"minecraft:black_dye":4,"securitycraft:mine":6,"minecraft:oak_planks":530,"minecraft:oak_pressure_plate":1,"minecraft:glass":64,"cfm:white_picket_fence":12,"cfm:oak_park_bench":4,"minecraft:stone_hoe":1,"minecraft:oak_fence":75,"minecraft:oak_slab":90,"minecraft:crafting_table":10,"minecraft:spruce_planks":8,"minecraft:wooden_pickaxe":1,"minecraft:brush":1,"minecraft:cobbled_deepslate_wall":234,"minecraft:copper_ingot":44,"minecraft:hay_block":8,"sophisticatedbackpacks:upgrade_base":2,"cfm:black_sofa":2,"minecraft:iron_chestplate":1,"minecraft:yellow_dye":2,"minecraft:charcoal":15,"quark:torch_arrow":37,"minecraft:stick":188,"quark:oak_chest":10,"minecraft:iron_ingot":117,"minecraft:iron_pickaxe":11,"minecraft:iron_block":1,"minecraft:stone_sword":5,"minecraft:snow_block":114,"minecraft:gold_ingot":40,"naturalist:bug_net":1,"minecraft:shears":1,"minecraft:oak_door":3,"securitycraft:furnace_mine":4,"minecraft:stone_shovel":14,"cfm:oak_coffee_table":4,"comforts:sleeping_bag_white":1,"minecraft:furnace":14,"minecraft:bone_meal":117,"minecraft:flint_and_steel":2,"minecraft:scaffolding":60,"minecraft:white_concrete_powder":560,"minecraft:black_concrete_powder":32,"minecraft:iron_axe":1,"minecraft:ladder":8,"minecraft:iron_hoe":1,"minecraft:stone_pickaxe":12,"quark:spruce_chest":1,"minecraft:wheat":54,"sophisticatedbackpacks:iron_backpack":1,"minecraft:cooked_beef":64,"minecraft:iron_sword":1,"minecraft:blue_bed":1,"tacz:gun_smith_table":1,"sophisticatedbackpacks:gold_backpack":1,"securitycraft:cobblestone_mine":1,"minecraft:stone_axe":6,"minecraft:air":0,"minecraft:bread":3,"securitycraft:dirt_mine":1,"minecraft:blue_dye":19,"minecraft:oak_fence_gate":1,"minecraft:oak_boat":2,"minecraft:white_dye":87,"minecraft:blue_wool":2,"minecraft:iron_shovel":7,"minecraft:white_bed":3,"minecraft:torch":272},"minecraft:custom":{"minecraft:animals_bred":19,"minecraft:interact_with_crafting_table":171,"minecraft:bell_ring":5,"minecraft:leave_game":26,"minecraft:time_since_death":14174,"minecraft:sprint_one_cm":2699424,"minecraft:damage_blocked_by_shield":1470,"minecraft:drop":527,"minecraft:talked_to_villager":2,"minecraft:play_time":1147434,"minecraft:deaths":46,"minecraft:jump":11228,"minecraft:walk_on_water_one_cm":196222,"minecraft:interact_with_furnace":85,"minecraft:sleep_in_bed":89,"minecraft:waystone_activated":7,"minecraft:damage_dealt":11574,"minecraft:player_kills":31,"minecraft:crouch_one_cm":145174,"minecraft:horse_one_cm":1177066,"minecraft:mob_kills":233,"minecraft:climb_one_cm":12883,"minecraft:walk_one_cm":3048502,"minecraft:sneak_time":68065,"minecraft:walk_under_water_one_cm":211425,"minecraft:boat_one_cm":1141878,"minecraft:total_world_time":1147434,"minecraft:pot_flower":2,"minecraft:time_since_rest":13115,"minecraft:damage_taken":19852,"minecraft:swim_one_cm":123311,"minecraft:fly_one_cm":2093200,"minecraft:open_chest":225,"minecraft:fall_one_cm":185415},"minecraft:picked_up":{"minecraft:wheat":155,"minecraft:yellow_wool":2,"minecraft:lead":11,"minecraft:enchanted_book":2,"sophisticatedbackpacks:magnet_upgrade":1,"minecraft:music_disc_cat":1,"minecraft:string":89,"minecraft:soul_soil":2,"minecraft:raw_copper":185,"minecraft:beetroot":5,"minecraft:gold_nugget":150,"minecraft:cobbled_deepslate":465,"comforts:sleeping_bag_white":25,"minecraft:redstone_torch":2,"minecraft:iron_pickaxe":1,"farmersdelight:cabbage_seeds":2,"minecraft:furnace":5,"minecraft:blue_wool":2,"minecraft:white_glazed_terracotta":8,"minecraft:stick":137,"quark:crab_shell":3,"minecraft:oak_fence":44,"minecraft:torch":131,"minecraft:green_bed":14,"quark:blossom_log":42,"minecraft:diorite":32,"quark:lavender_blossom_sapling":3,"minecraft:black_dye":4,"quark:ancient_tome":1,"minecraft:stone_sword":4,"man:redcandle":6,"quark:clear_shard":5,"minecraft:rotten_flesh":54,"farmersdelight:onion":51,"minecraft:mangrove_roots":5,"minecraft:obsidian":106,"minecraft:snowball":459,"minecraft:cobblestone":1287,"paraglider:paraglider":1,"minecraft:magma_block":20,"minecraft:leather_chestplate":1,"minecraft:feather":3,"farmersdelight:rice":10,"minecraft:water_bucket":1,"minecraft:andesite":38,"minecraft:golden_leggings":1,"minecraft:potato":1,"minecraft:flint":77,"minecraft:tuff":37,"minecraft:lapis_lazuli":161,"minecraft:dirt":2651,"minecraft:lantern":3,"minecraft:bone":33,"minecraft:cobbled_deepslate_wall":5,"minecraft:bow":3,"minecraft:wheat_seeds":719,"cfm:oak_park_bench":6,"securitycraft:cobblestone_mine":5,"minecraft:raw_gold":15,"quark:soul_bead":8,"minecraft:rabbit":6,"minecraft:glowstone_dust":39,"minecraft:bamboo":225,"tacz:gun_smith_table":2,"minecraft:oak_planks":98,"securitycraft:mine":1,"minecraft:music_disc_13":1,"securitycraft:dirt_mine":1,"minecraft:oak_pressure_plate":3,"minecraft:sand":677,"minecraft:ink_sac":15,"minecraft:red_terracotta":1088,"minecraft:mossy_cobblestone":2,"minecraft:diamond":1,"waystones:waystone":3,"minecraft:granite":93,"minecraft:white_concrete":248,"minecraft:golden_horse_armor":2,"minecraft:bread":44,"minecraft:oak_sapling":107,"minecraft:netherrack":521,"minecraft:diamond_pickaxe":1,"sophisticatedbackpacks:gold_backpack":1,"minecraft:coarse_dirt":1,"minecraft:crafting_table":16,"minecraft:allium":34,"minecraft:azure_bluet":4,"minecraft:chicken":2,"minecraft:ladder":2,"minecraft:brown_mushroom":1,"minecraft:wooden_pickaxe":1,"securitycraft:furnace_mine":4,"minecraft:gold_block":1,"minecraft:diamond_horse_armor":1,"gravestone:obituary":15,"minecraft:shield":2,"minecraft:cornflower":4,"tacz:ammo":1338,"minecraft:iron_shovel":2,"minecraft:blackstone":7,"quark:spruce_chest":3,"minecraft:beef":68,"minecraft:oak_boat":23,"minecraft:poppy":13,"minecraft:sugar_cane":60,"minecraft:birch_sapling":7,"minecraft:egg":10,"minecraft:raw_iron":183,"minecraft:sandstone":12,"minecraft:oak_door":1,"minecraft:copper_ingot":1,"sophisticatedbackpacks:backpack":5,"quark:birch_chest":2,"minecraft:carrot":99,"minecraft:redstone":51,"minecraft:iron_horse_armor":3,"minecraft:tnt":28,"minecraft:arrow":41,"minecraft:stone_shovel":1,"minecraft:beetroot_seeds":32,"minecraft:hay_block":31,"minecraft:saddle":1,"minecraft:mutton":27,"minecraft:bone_block":47,"minecraft:rail":4,"minecraft:white_wool":60,"minecraft:oxeye_daisy":3,"minecraft:lime_bed":5,"minecraft:air":0,"minecraft:basalt":108,"minecraft:glow_ink_sac":5,"minecraft:leather":42,"minecraft:filled_map":1,"minecraft:oak_log":286,"minecraft:lily_pad":8,"minecraft:golden_boots":2,"minecraft:gunpowder":49,"minecraft:white_banner":1,"quark:forgotten_hat":3,"man:cassette_1safetyinstructions":2,"minecraft:cooked_mutton":28,"minecraft:apple":16,"minecraft:kelp":7,"minecraft:rabbit_hide":9,"minecraft:iron_ingot":27,"minecraft:stone_pickaxe":2,"minecraft:cobweb":10,"minecraft:scaffolding":30,"minecraft:soul_sand":2,"quark:blue_blossom_sapling":3,"minecraft:oak_slab":42,"cfm:oak_coffee_table":1,"minecraft:quartz":79,"minecraft:dandelion":38,"minecraft:gravel":747,"minecraft:spruce_sapling":6,"minecraft:white_bed":6,"minecraft:spruce_log":8,"minecraft:spider_eye":3,"minecraft:white_concrete_powder":113,"minecraft:stone_axe":3,"tacz:modern_kinetic_gun":12,"cfm:black_sofa":2,"minecraft:gray_wool":3,"minecraft:terracotta":2,"minecraft:black_wool":8,"minecraft:mangrove_propagule":1,"minecraft:coal":254,"minecraft:sunflower":188,"minecraft:ender_pearl":4}},"DataVersion":3465}