{"stats":{"minecraft:picked_up":{"born_in_chaos_v1:shattered_skull":1,"minecraft:dandelion":2,"paraglider:spirit_orb":4,"minecraft:oak_log":4,"minecraft:spruce_log":5,"minecraft:shield":1,"minecraft:dirt":1,"minecraft:string":2,"minecraft:red_bed":2,"minecraft:arrow":2,"minecraft:bone":6,"minecraft:rotten_flesh":3,"minecraft:wheat_seeds":6,"minecraft:beef":3,"minecraft:mutton":3,"minecraft:iron_sword":1,"minecraft:egg":1,"minecraft:white_wool":2,"minecraft:cobblestone":3},"minecraft:killed":{"minecraft:sheep":2,"minecraft:zombie":1,"enemyexpansion:direwolf":2,"minecraft:cow":1},"minecraft:mined":{"minecraft:podzol":1,"minecraft:red_bed":2,"minecraft:fire":5,"minecraft:jungle_leaves":2,"minecraft:dandelion":1,"minecraft:spruce_log":5,"minecraft:crafting_table":1,"gravestone:gravestone":2,"minecraft:grass":58,"minecraft:oak_log":4,"minecraft:campfire":1,"minecraft:tall_grass":24,"minecraft:stone":3,"minecraft:oak_leaves":1,"minecraft:spawner":2},"minecraft:custom":{"minecraft:time_since_rest":4240,"minecraft:walk_one_cm":64347,"minecraft:sprint_one_cm":57795,"minecraft:damage_taken":1399,"spartanshields:shield_bash_hits":2,"minecraft:damage_blocked_by_shield":195,"minecraft:mob_kills":6,"minecraft:drop":5,"minecraft:damage_dealt":620,"minecraft:interact_with_crafting_table":4,"minecraft:fly_one_cm":44739,"minecraft:open_barrel":3,"minecraft:open_chest":3,"minecraft:play_time":14972,"minecraft:deaths":4,"minecraft:sneak_time":4,"minecraft:jump":185,"minecraft:time_since_death":4191,"minecraft:sleep_in_bed":1,"minecraft:total_world_time":14972,"minecraft:climb_one_cm":3711,"minecraft:fall_one_cm":5774},"minecraft:killed_by":{"minecraft:stray":3,"minecraft:vex":1},"minecraft:used":{"minecraft:wooden_axe":5,"minecraft:stone_pickaxe":3,"minecraft:wooden_pickaxe":3,"minecraft:shield":7,"minecraft:iron_sword":45,"minecraft:stone_axe":5,"minecraft:wooden_sword":1,"minecraft:crafting_table":2,"minecraft:red_bed":1},"minecraft:crafted":{"minecraft:wooden_sword":2,"minecraft:oak_planks":16,"minecraft:crafting_table":2,"minecraft:spruce_planks":20,"minecraft:stick":12,"minecraft:wooden_pickaxe":1,"minecraft:stone_pickaxe":1,"minecraft:wooden_axe":1,"minecraft:torch":8},"minecraft:dropped":{"minecraft:torch":4,"minecraft:rotten_flesh":3,"minecraft:wooden_sword":1}},"DataVersion":3465}