{"stats":{"minecraft:dropped":{"minecraft:bread":12,"minecraft:wheat_seeds":1,"minecraft:glow_ink_sac":2,"minecraft:polished_blackstone":1,"minecraft:mossy_cobblestone":2,"minecraft:diamond":1,"minecraft:golden_horse_armor":1,"minecraft:golden_axe":1,"minecraft:oak_fence":3,"minecraft:feather":2,"minecraft:cobblestone":13,"man:cassette_1safetyinstructions":1,"minecraft:apple":4,"minecraft:iron_horse_armor":1,"minecraft:rail":4,"minecraft:stick":1,"minecraft:diorite":2,"minecraft:rabbit":4,"gravestone:obituary":15,"tacz:modern_kinetic_gun":5,"minecraft:sand":20,"minecraft:cactus":2,"minecraft:lily_pad":1,"minecraft:dandelion":1,"minecraft:stone_axe":3,"minecraft:sugar_cane":16,"minecraft:stone_sword":5,"minecraft:cobbled_deepslate":5,"minecraft:raw_copper":25,"minecraft:birch_sapling":7,"minecraft:rotten_flesh":21,"minecraft:oak_planks":10,"minecraft:lime_bed":3,"minecraft:andesite":7,"quark:forgotten_hat":1,"tacz:ammo":186,"minecraft:wooden_pickaxe":1,"minecraft:stone_pickaxe":2,"minecraft:terracotta":2,"minecraft:egg":2},"minecraft:killed_by":{"minecraft:player":8,"minecraft:enderman":1,"minecraft:skeleton":2},"minecraft:mined":{"minecraft:tuff":1,"minecraft:white_bed":2,"minecraft:mossy_cobblestone":2,"minecraft:jungle_leaves":4,"gravestone:gravestone":11,"minecraft:grass_block":425,"minecraft:redstone_wire":2,"minecraft:sandstone":1,"minecraft:spawner":1,"minecraft:hay_block":14,"minecraft:iron_ore":6,"minecraft:fire":7,"minecraft:andesite":2,"minecraft:deepslate_lapis_ore":1,"minecraft:gold_block":1,"minecraft:white_glazed_terracotta":4,"minecraft:deepslate_iron_ore":16,"minecraft:vine":1,"minecraft:stone":117,"minecraft:green_bed":10,"minecraft:oak_slab":37,"minecraft:dandelion":1,"minecraft:crafting_table":5,"minecraft:torch":27,"man:redcandle":5,"minecraft:dead_bush":59,"minecraft:copper_ore":19,"minecraft:tall_grass":5,"minecraft:cobblestone":14,"minecraft:oak_planks":50,"minecraft:sugar_cane":13,"minecraft:diorite":4,"minecraft:wall_torch":16,"minecraft:lime_bed":4,"minecraft:red_terracotta":512,"minecraft:tnt":14,"minecraft:grass":150,"minecraft:oak_log":101,"minecraft:coal_ore":44,"minecraft:sand":15,"cfm:oak_park_bench":1,"minecraft:gravel":24,"minecraft:dirt":132,"minecraft:cobweb":28,"minecraft:terracotta":2,"minecraft:oak_leaves":8,"minecraft:deepslate":10,"minecraft:fern":1},"minecraft:used":{"minecraft:oak_fence":26,"minecraft:stone_sword":55,"minecraft:iron_shovel":152,"minecraft:flint_and_steel":5,"minecraft:stone_shovel":409,"minecraft:redstone":2,"minecraft:shield":27,"minecraft:iron_sword":88,"minecraft:torch":58,"minecraft:dirt":556,"minecraft:oak_fence_gate":1,"minecraft:obsidian":4,"minecraft:iron_axe":121,"minecraft:hay_block":13,"minecraft:oak_sapling":16,"minecraft:furnace":2,"minecraft:egg":2,"minecraft:cooked_mutton":20,"minecraft:water_bucket":14,"minecraft:diorite":1,"cfm:oak_park_bench":4,"minecraft:stone_pickaxe":180,"minecraft:oak_planks":92,"minecraft:wooden_pickaxe":29,"minecraft:green_bed":10,"minecraft:sand":16,"minecraft:oak_slab":87,"minecraft:tnt":6,"minecraft:lime_bed":2,"minecraft:crafting_table":8,"minecraft:white_bed":3,"minecraft:oak_log":18,"minecraft:bread":25,"minecraft:iron_pickaxe":579,"minecraft:oak_pressure_plate":1,"minecraft:gravel":6,"minecraft:stone_axe":144,"minecraft:cobblestone":80,"minecraft:bucket":14,"quark:oak_chest":2,"minecraft:oak_boat":7,"minecraft:bone_meal":21},"minecraft:custom":{"minecraft:mob_kills":81,"minecraft:interact_with_crafting_table":48,"minecraft:leave_game":8,"minecraft:time_since_death":150648,"minecraft:climb_one_cm":585,"minecraft:sprint_one_cm":525398,"minecraft:walk_one_cm":784076,"minecraft:damage_blocked_by_shield":1470,"minecraft:drop":137,"minecraft:talked_to_villager":1,"minecraft:play_time":252469,"minecraft:sneak_time":6427,"minecraft:deaths":11,"minecraft:walk_under_water_one_cm":8217,"minecraft:boat_one_cm":287685,"minecraft:jump":2192,"minecraft:walk_on_water_one_cm":15386,"minecraft:total_world_time":252469,"minecraft:interact_with_furnace":11,"minecraft:sleep_in_bed":17,"minecraft:time_since_rest":6324,"minecraft:damage_taken":5224,"minecraft:damage_dealt":4864,"minecraft:player_kills":17,"minecraft:swim_one_cm":10894,"minecraft:fly_one_cm":370857,"minecraft:open_chest":39,"minecraft:crouch_one_cm":23101,"minecraft:fall_one_cm":46203,"minecraft:horse_one_cm":1018180},"minecraft:killed":{"minecraft:cave_spider":3,"minecraft:spider":3,"minecraft:skeleton":9,"minecraft:horse":5,"minecraft:drowned":1,"minecraft:husk":1,"minecraft:rabbit":5,"minecraft:wandering_trader":1,"minecraft:creeper":8,"minecraft:sheep":3,"minecraft:trader_llama":2,"minecraft:pillager":2,"minecraft:zombie":7,"minecraft:enderman":2,"minecraft:cow":28},"minecraft:picked_up":{"minecraft:crafting_table":5,"minecraft:lead":7,"minecraft:wooden_pickaxe":1,"minecraft:gold_block":1,"minecraft:enchanted_book":1,"gravestone:obituary":4,"minecraft:shield":1,"sophisticatedbackpacks:magnet_upgrade":1,"minecraft:cornflower":1,"minecraft:string":76,"minecraft:raw_copper":133,"tacz:ammo":612,"minecraft:cobbled_deepslate":10,"minecraft:beef":54,"minecraft:oak_boat":6,"minecraft:sugar_cane":33,"minecraft:birch_sapling":7,"minecraft:egg":4,"minecraft:white_glazed_terracotta":4,"minecraft:stick":75,"minecraft:raw_iron":26,"minecraft:torch":50,"minecraft:green_bed":9,"sophisticatedbackpacks:backpack":3,"minecraft:diorite":4,"minecraft:redstone":10,"minecraft:tnt":12,"minecraft:rotten_flesh":6,"minecraft:stone_sword":3,"man:redcandle":6,"minecraft:arrow":20,"minecraft:hay_block":8,"minecraft:saddle":1,"minecraft:rail":4,"minecraft:white_wool":3,"minecraft:cobblestone":155,"paraglider:paraglider":1,"minecraft:lime_bed":5,"minecraft:magma_block":1,"minecraft:air":0,"minecraft:feather":2,"minecraft:glow_ink_sac":2,"minecraft:water_bucket":1,"minecraft:andesite":9,"minecraft:leather":28,"minecraft:potato":1,"minecraft:flint":1,"minecraft:tuff":1,"minecraft:oak_log":84,"minecraft:lily_pad":1,"minecraft:gunpowder":9,"minecraft:lapis_lazuli":5,"minecraft:dirt":556,"man:cassette_1safetyinstructions":1,"quark:forgotten_hat":2,"minecraft:cooked_mutton":26,"minecraft:bone":9,"minecraft:apple":4,"minecraft:bow":3,"minecraft:wheat_seeds":18,"minecraft:rabbit_hide":1,"minecraft:iron_ingot":16,"minecraft:stone_pickaxe":1,"minecraft:rabbit":6,"minecraft:oak_planks":73,"minecraft:oak_slab":39,"minecraft:dandelion":1,"minecraft:gravel":19,"minecraft:sand":14,"minecraft:white_bed":2,"minecraft:red_terracotta":512,"minecraft:mossy_cobblestone":2,"minecraft:stone_axe":2,"tacz:modern_kinetic_gun":6,"minecraft:bread":44,"minecraft:terracotta":2,"minecraft:oak_sapling":21,"minecraft:coal":101,"minecraft:ender_pearl":2},"minecraft:broken":{"minecraft:stone_pickaxe":1,"minecraft:stone_axe":1,"minecraft:iron_pickaxe":2,"minecraft:stone_shovel":3},"minecraft:crafted":{"minecraft:oak_planks":256,"minecraft:stone_shovel":3,"minecraft:oak_pressure_plate":1,"minecraft:furnace":2,"minecraft:bone_meal":21,"minecraft:flint_and_steel":1,"minecraft:iron_axe":1,"minecraft:stone_pickaxe":3,"cfm:oak_park_bench":4,"minecraft:oak_fence":30,"minecraft:wheat":9,"minecraft:oak_slab":90,"minecraft:crafting_table":3,"minecraft:wooden_pickaxe":1,"minecraft:iron_sword":1,"minecraft:stone_axe":3,"sophisticatedbackpacks:upgrade_base":2,"minecraft:bread":3,"minecraft:air":0,"minecraft:oak_fence_gate":1,"minecraft:oak_boat":1,"minecraft:stick":32,"quark:oak_chest":2,"minecraft:iron_ingot":16,"minecraft:iron_pickaxe":4,"minecraft:stone_sword":3,"minecraft:iron_shovel":1,"minecraft:white_bed":1,"minecraft:torch":20}},"DataVersion":3465}