{"stats":{"minecraft:broken":{"minecraft:stone_pickaxe":1,"minecraft:stone_axe":2,"minecraft:iron_pickaxe":2,"minecraft:stone_shovel":3},"minecraft:mined":{"minecraft:tuff":1,"minecraft:spruce_planks":1,"minecraft:white_bed":6,"minecraft:mossy_cobblestone":2,"minecraft:jungle_leaves":4,"minecraft:mangrove_roots":5,"gravestone:gravestone":12,"minecraft:grass_block":430,"minecraft:jungle_planks":1,"minecraft:redstone_wire":2,"minecraft:sandstone":1,"minecraft:spawner":1,"minecraft:hay_block":14,"minecraft:iron_ore":6,"minecraft:fire":7,"minecraft:andesite":2,"minecraft:deepslate_lapis_ore":1,"minecraft:gold_block":1,"minecraft:white_glazed_terracotta":4,"minecraft:dirt_path":1,"minecraft:vine":1,"minecraft:deepslate_iron_ore":16,"minecraft:bamboo":1,"minecraft:stone":117,"minecraft:green_bed":10,"minecraft:oak_slab":37,"minecraft:brown_mushroom":1,"minecraft:glass_pane":2,"quark:lavender_blossom_leaves":5,"minecraft:dandelion":1,"minecraft:crafting_table":6,"minecraft:torch":29,"man:redcandle":5,"minecraft:dead_bush":59,"quark:blossom_log":33,"minecraft:copper_ore":19,"minecraft:tall_grass":6,"minecraft:cobblestone":14,"minecraft:oak_planks":50,"minecraft:sugar_cane":13,"minecraft:lily_pad":3,"minecraft:diorite":4,"minecraft:wall_torch":16,"minecraft:lime_bed":4,"minecraft:red_terracotta":512,"minecraft:birch_leaves":1,"minecraft:tnt":14,"minecraft:grass":158,"minecraft:coal_ore":44,"minecraft:oak_log":285,"minecraft:gravel":24,"cfm:oak_park_bench":1,"minecraft:dirt":144,"minecraft:sand":15,"minecraft:cobweb":28,"minecraft:terracotta":2,"minecraft:deepslate":10,"minecraft:oak_leaves":32,"minecraft:fern":1},"minecraft:killed":{"minecraft:cave_spider":3,"minecraft:spider":3,"minecraft:skeleton":9,"minecraft:horse":5,"quark:crab":3,"minecraft:drowned":1,"minecraft:husk":1,"minecraft:rabbit":5,"minecraft:wandering_trader":1,"minecraft:frog":1,"minecraft:creeper":8,"minecraft:polar_bear":1,"minecraft:sheep":23,"minecraft:trader_llama":2,"minecraft:pillager":2,"minecraft:zombie":7,"minecraft:enderman":2,"minecraft:cow":32},"minecraft:custom":{"minecraft:mob_kills":110,"minecraft:animals_bred":4,"minecraft:interact_with_crafting_table":52,"minecraft:bell_ring":2,"minecraft:leave_game":9,"minecraft:time_since_death":22335,"minecraft:climb_one_cm":2221,"minecraft:sprint_one_cm":767132,"minecraft:walk_one_cm":954159,"minecraft:damage_blocked_by_shield":1470,"minecraft:drop":148,"minecraft:talked_to_villager":2,"minecraft:play_time":337268,"minecraft:sneak_time":7208,"minecraft:deaths":13,"minecraft:walk_under_water_one_cm":23101,"minecraft:boat_one_cm":452431,"minecraft:jump":3269,"minecraft:walk_on_water_one_cm":34989,"minecraft:total_world_time":337268,"minecraft:interact_with_furnace":19,"minecraft:pot_flower":2,"minecraft:sleep_in_bed":24,"minecraft:waystone_activated":1,"minecraft:time_since_rest":13058,"minecraft:damage_taken":5852,"minecraft:damage_dealt":7366,"minecraft:player_kills":18,"minecraft:swim_one_cm":54014,"minecraft:fly_one_cm":631165,"minecraft:open_chest":73,"minecraft:crouch_one_cm":24165,"minecraft:fall_one_cm":66175,"minecraft:horse_one_cm":1018180},"minecraft:used":{"minecraft:oak_fence":26,"minecraft:iron_shovel":164,"minecraft:stone_sword":55,"minecraft:flint_and_steel":5,"minecraft:stone_shovel":409,"minecraft:redstone":2,"minecraft:shield":27,"minecraft:iron_sword":111,"minecraft:torch":65,"minecraft:dirt":561,"minecraft:oak_fence_gate":1,"minecraft:obsidian":4,"minecraft:milk_bucket":1,"minecraft:lava_bucket":1,"minecraft:iron_axe":282,"minecraft:hay_block":13,"minecraft:oak_sapling":16,"minecraft:furnace":2,"minecraft:egg":2,"minecraft:cooked_mutton":27,"minecraft:diorite":1,"minecraft:water_bucket":16,"cfm:oak_park_bench":4,"minecraft:oak_planks":124,"minecraft:stone_pickaxe":180,"minecraft:wooden_pickaxe":29,"minecraft:green_bed":10,"minecraft:sand":16,"minecraft:oak_slab":87,"minecraft:tnt":7,"minecraft:lime_bed":2,"minecraft:crafting_table":9,"minecraft:white_bed":6,"minecraft:oak_log":18,"minecraft:bread":25,"minecraft:iron_pickaxe":579,"minecraft:oak_pressure_plate":1,"minecraft:gravel":6,"minecraft:stone_axe":299,"minecraft:cobblestone":84,"minecraft:bucket":16,"quark:oak_chest":2,"minecraft:oak_boat":10,"minecraft:bone_meal":21},"minecraft:picked_up":{"minecraft:crafting_table":7,"minecraft:chicken":1,"minecraft:brown_mushroom":1,"minecraft:lead":7,"minecraft:wooden_pickaxe":1,"minecraft:gold_block":1,"minecraft:enchanted_book":1,"gravestone:obituary":4,"minecraft:shield":2,"sophisticatedbackpacks:magnet_upgrade":1,"minecraft:cornflower":2,"minecraft:string":76,"minecraft:raw_copper":155,"tacz:ammo":615,"minecraft:iron_shovel":1,"minecraft:cobbled_deepslate":10,"minecraft:beef":62,"minecraft:oak_boat":9,"minecraft:sugar_cane":33,"minecraft:birch_sapling":7,"minecraft:egg":6,"minecraft:white_glazed_terracotta":4,"minecraft:stick":125,"minecraft:raw_iron":26,"quark:crab_shell":2,"minecraft:torch":54,"minecraft:green_bed":9,"sophisticatedbackpacks:backpack":4,"quark:blossom_log":23,"minecraft:diorite":4,"minecraft:redstone":10,"quark:lavender_blossom_sapling":3,"minecraft:tnt":18,"minecraft:stone_sword":3,"man:redcandle":6,"minecraft:arrow":20,"minecraft:rotten_flesh":6,"minecraft:hay_block":9,"minecraft:saddle":1,"minecraft:mangrove_roots":5,"minecraft:mutton":25,"minecraft:rail":4,"minecraft:white_wool":20,"minecraft:cobblestone":155,"paraglider:paraglider":1,"minecraft:lime_bed":5,"minecraft:magma_block":2,"minecraft:air":0,"minecraft:feather":2,"minecraft:glow_ink_sac":2,"minecraft:water_bucket":1,"minecraft:andesite":9,"minecraft:leather":36,"minecraft:golden_leggings":1,"minecraft:potato":1,"minecraft:filled_map":1,"minecraft:flint":1,"minecraft:tuff":1,"minecraft:oak_log":267,"minecraft:lily_pad":8,"minecraft:gunpowder":9,"minecraft:lapis_lazuli":5,"minecraft:dirt":753,"man:cassette_1safetyinstructions":1,"quark:forgotten_hat":3,"minecraft:cooked_mutton":26,"minecraft:bone":11,"minecraft:apple":15,"minecraft:bow":3,"minecraft:wheat_seeds":21,"minecraft:rabbit_hide":1,"minecraft:iron_ingot":24,"minecraft:stone_pickaxe":1,"minecraft:rabbit":6,"minecraft:bamboo":11,"minecraft:oak_planks":73,"minecraft:oak_slab":39,"minecraft:dandelion":1,"minecraft:gravel":19,"minecraft:sand":14,"minecraft:white_bed":6,"minecraft:red_terracotta":512,"minecraft:mossy_cobblestone":2,"butcher:butchersguidebook":1,"minecraft:stone_axe":2,"tacz:modern_kinetic_gun":6,"minecraft:bread":44,"minecraft:terracotta":2,"minecraft:oak_sapling":102,"minecraft:black_wool":6,"minecraft:mangrove_propagule":1,"minecraft:coal":101,"minecraft:ender_pearl":2},"minecraft:dropped":{"minecraft:bread":12,"minecraft:wheat_seeds":2,"minecraft:glow_ink_sac":2,"minecraft:polished_blackstone":1,"minecraft:mossy_cobblestone":2,"minecraft:diamond":1,"minecraft:golden_horse_armor":1,"minecraft:golden_axe":1,"minecraft:oak_fence":3,"minecraft:feather":2,"minecraft:cobblestone":13,"man:cassette_1safetyinstructions":1,"minecraft:apple":4,"minecraft:iron_horse_armor":1,"minecraft:rail":4,"minecraft:stick":1,"minecraft:dirt":6,"minecraft:diorite":2,"minecraft:rabbit":4,"gravestone:obituary":16,"tacz:modern_kinetic_gun":5,"minecraft:sand":20,"minecraft:cactus":2,"minecraft:lily_pad":3,"minecraft:dandelion":1,"minecraft:stone_axe":3,"minecraft:sugar_cane":16,"minecraft:stone_sword":5,"minecraft:cobbled_deepslate":5,"minecraft:raw_copper":25,"minecraft:birch_sapling":7,"minecraft:stone_shovel":1,"minecraft:rotten_flesh":21,"minecraft:oak_planks":10,"sophisticatedbackpacks:backpack":1,"butcher:butchersguidebook":1,"minecraft:filled_map":1,"minecraft:lime_bed":3,"minecraft:andesite":7,"minecraft:oak_sapling":3,"quark:forgotten_hat":1,"tacz:ammo":186,"minecraft:wooden_pickaxe":1,"minecraft:stone_pickaxe":2,"minecraft:magma_block":1,"minecraft:terracotta":2,"minecraft:egg":2},"minecraft:killed_by":{"minecraft:player":8,"minecraft:enderman":1,"man:managgresive":2,"minecraft:skeleton":2},"minecraft:crafted":{"minecraft:oak_planks":288,"minecraft:stone_shovel":3,"minecraft:oak_pressure_plate":1,"minecraft:furnace":2,"minecraft:bone_meal":21,"minecraft:flint_and_steel":1,"minecraft:iron_axe":1,"minecraft:stone_pickaxe":3,"cfm:oak_park_bench":4,"minecraft:oak_fence":30,"minecraft:wheat":18,"minecraft:oak_slab":90,"minecraft:crafting_table":4,"minecraft:wooden_pickaxe":1,"minecraft:iron_sword":1,"minecraft:stone_axe":4,"sophisticatedbackpacks:upgrade_base":2,"minecraft:bread":3,"minecraft:air":0,"minecraft:oak_fence_gate":1,"minecraft:oak_boat":1,"minecraft:stick":32,"quark:oak_chest":2,"minecraft:iron_ingot":16,"minecraft:iron_pickaxe":4,"minecraft:stone_sword":3,"minecraft:iron_shovel":1,"minecraft:white_bed":1,"minecraft:torch":20}},"DataVersion":3465}