{"stats":{"minecraft:broken":{"minecraft:iron_shovel":5,"minecraft:golden_boots":1,"minecraft:golden_leggings":1,"minecraft:stone_pickaxe":8,"minecraft:stone_axe":2,"quark:forgotten_hat":1,"minecraft:stone_shovel":8,"minecraft:golden_hoe":1,"minecraft:iron_axe":1,"minecraft:iron_pickaxe":9},"minecraft:used":{"minecraft:iron_shovel":1262,"minecraft:ladder":8,"minecraft:white_concrete_powder":617,"minecraft:shield":27,"minecraft:iron_sword":225,"minecraft:soul_sand":2,"minecraft:carrot":17,"minecraft:tuff":5,"minecraft:milk_bucket":2,"minecraft:obsidian":4,"minecraft:glass":64,"minecraft:lava_bucket":3,"cfm:white_picket_fence":12,"minecraft:bow":12,"minecraft:hay_block":13,"minecraft:oak_sapling":16,"minecraft:furnace":11,"minecraft:egg":6,"minecraft:diorite":1,"cfm:oak_park_bench":10,"minecraft:stone_pickaxe":1093,"minecraft:oak_planks":252,"minecraft:wooden_pickaxe":29,"minecraft:blue_bed":1,"minecraft:golden_hoe":32,"minecraft:sand":59,"minecraft:black_concrete_powder":28,"waystones:waystone":3,"minecraft:bread":25,"minecraft:oak_pressure_plate":2,"minecraft:gravel":7,"quark:soul_bead":5,"securitycraft:mine":1,"minecraft:oak_boat":23,"minecraft:white_concrete":244,"minecraft:bone_meal":21,"minecraft:oak_fence":91,"minecraft:stone_sword":55,"minecraft:flint_and_steel":6,"minecraft:stone_shovel":1164,"minecraft:redstone":2,"tacz:gun_smith_table":3,"minecraft:stone_hoe":65,"minecraft:netherrack":4,"minecraft:oak_door":3,"minecraft:torch":300,"minecraft:dirt":1893,"minecraft:granite":5,"minecraft:oak_fence_gate":1,"minecraft:iron_hoe":88,"cfm:black_sofa":4,"minecraft:iron_axe":294,"minecraft:bamboo":71,"minecraft:basalt":108,"securitycraft:dirt_mine":2,"comforts:sleeping_bag_white":16,"minecraft:cooked_beef":33,"minecraft:cobbled_deepslate":183,"minecraft:cooked_mutton":47,"minecraft:wheat_seeds":179,"minecraft:water_bucket":210,"minecraft:green_bed":15,"cfm:oak_coffee_table":5,"securitycraft:cobblestone_mine":6,"farmersdelight:onion":12,"minecraft:oak_slab":118,"minecraft:lime_bed":2,"minecraft:tnt":10,"minecraft:crafting_table":23,"minecraft:white_bed":7,"securitycraft:furnace_mine":5,"minecraft:oak_log":30,"minecraft:diamond_pickaxe":436,"minecraft:iron_pickaxe":2188,"minecraft:stone_axe":379,"minecraft:cobblestone":421,"minecraft:bucket":212,"quark:oak_chest":10},"minecraft:mined":{"securitycraft:mine":1,"minecraft:spruce_planks":1,"minecraft:white_bed":6,"minecraft:farmland":42,"minecraft:jungle_leaves":4,"minecraft:granite":37,"securitycraft:furnace_mine":3,"minecraft:grass_block":948,"minecraft:white_concrete":248,"minecraft:oak_pressure_plate":1,"minecraft:soul_soil":2,"tacz:gun_smith_table":1,"minecraft:oxeye_daisy":1,"minecraft:spawner":1,"comforts:sleeping_bag_white":2,"minecraft:magma_block":8,"minecraft:glowstone":13,"farmersdelight:wild_rice":10,"minecraft:iron_ore":68,"minecraft:cobbled_deepslate":25,"minecraft:fire":69,"minecraft:deepslate_lapis_ore":11,"minecraft:azure_bluet":3,"minecraft:dirt_path":1,"minecraft:green_bed":10,"minecraft:deepslate_redstone_ore":9,"minecraft:brown_mushroom":1,"minecraft:blackstone":7,"minecraft:kelp_plant":2,"minecraft:soul_fire":1,"minecraft:torch":53,"minecraft:poppy":3,"man:redcandle":5,"minecraft:dead_bush":59,"quark:blossom_log":33,"minecraft:glass":2,"minecraft:nether_quartz_ore":79,"minecraft:cobblestone":55,"minecraft:oak_planks":75,"minecraft:sugar_cane":18,"minecraft:wall_torch":37,"minecraft:deepslate_copper_ore":4,"farmersdelight:sandy_shrub":12,"minecraft:birch_log":1,"minecraft:wheat":179,"minecraft:tnt":17,"minecraft:grass":521,"quark:birch_chest":2,"minecraft:oak_log":304,"cfm:oak_park_bench":7,"minecraft:sand":420,"minecraft:dirt":419,"minecraft:netherrack":550,"minecraft:oak_leaves":33,"minecraft:deepslate":411,"minecraft:nether_gold_ore":38,"minecraft:tuff":37,"farmersdelight:onions":12,"minecraft:mossy_cobblestone":2,"minecraft:deepslate_diamond_ore":1,"farmersdelight:wild_carrots":1,"minecraft:mangrove_roots":5,"gravestone:gravestone":30,"minecraft:ladder":2,"minecraft:allium":9,"minecraft:jungle_planks":1,"minecraft:redstone_wire":2,"farmersdelight:wild_cabbages":2,"minecraft:kelp":4,"minecraft:sandstone":13,"minecraft:white_concrete_powder":57,"farmersdelight:wild_onions":8,"minecraft:hay_block":23,"minecraft:furnace":4,"minecraft:carrots":16,"minecraft:andesite":23,"minecraft:gold_block":1,"minecraft:white_glazed_terracotta":4,"minecraft:deepslate_iron_ore":58,"minecraft:vine":1,"securitycraft:cobblestone_mine":5,"minecraft:bamboo":48,"minecraft:stone":977,"minecraft:bone_block":35,"minecraft:oak_slab":40,"minecraft:glass_pane":2,"minecraft:soul_sand":4,"quark:lavender_blossom_leaves":5,"minecraft:basalt":109,"minecraft:dandelion":16,"minecraft:oak_fence":34,"minecraft:crafting_table":12,"minecraft:cornflower":2,"minecraft:copper_ore":23,"minecraft:tall_grass":34,"minecraft:lapis_ore":13,"minecraft:deepslate_gold_ore":14,"minecraft:lily_pad":3,"minecraft:diorite":31,"farmersdelight:wild_beetroots":17,"minecraft:red_terracotta":512,"minecraft:lime_bed":4,"cfm:black_sofa":2,"minecraft:coarse_dirt":1,"minecraft:birch_leaves":1,"securitycraft:dirt_mine":1,"minecraft:coal_ore":182,"cfm:oak_coffee_table":1,"minecraft:sunflower":86,"minecraft:gravel":627,"minecraft:cobweb":28,"minecraft:terracotta":2,"minecraft:gold_ore":1,"minecraft:fern":2},"minecraft:dropped":{"minecraft:oak_pressure_plate":1,"minecraft:glow_ink_sac":2,"minecraft:diamond":1,"minecraft:iron_horse_armor":1,"minecraft:rail":4,"minecraft:dirt":6,"securitycraft:furnace_mine":3,"gravestone:obituary":41,"minecraft:gold_nugget":6,"minecraft:sand":266,"minecraft:oak_door":1,"minecraft:gravel":40,"minecraft:stone_axe":4,"minecraft:sugar_cane":16,"minecraft:cobbled_deepslate":5,"minecraft:birch_sapling":7,"minecraft:rotten_flesh":32,"minecraft:oak_planks":12,"minecraft:azure_bluet":4,"minecraft:leather_chestplate":1,"minecraft:lime_bed":3,"minecraft:gunpowder":1,"quark:forgotten_hat":1,"minecraft:ladder":1,"minecraft:white_concrete_powder":56,"minecraft:egg":2,"minecraft:iron_ingot":8,"minecraft:bread":12,"minecraft:wheat_seeds":70,"minecraft:polished_blackstone":1,"minecraft:mossy_cobblestone":2,"minecraft:golden_horse_armor":1,"minecraft:oak_fence":3,"minecraft:golden_axe":1,"minecraft:feather":2,"minecraft:cobblestone":77,"man:cassette_1safetyinstructions":1,"minecraft:apple":4,"minecraft:granite":22,"minecraft:copper_ingot":1,"minecraft:stick":1,"minecraft:oxeye_daisy":1,"quark:clear_shard":5,"minecraft:diorite":29,"minecraft:torch":1,"minecraft:rabbit":4,"tacz:modern_kinetic_gun":10,"minecraft:cactus":2,"minecraft:iron_shovel":1,"minecraft:string":1,"minecraft:lily_pad":5,"minecraft:dandelion":1,"minecraft:furnace":1,"minecraft:soul_soil":2,"minecraft:stone_sword":5,"minecraft:raw_copper":27,"minecraft:tuff":31,"minecraft:stone_shovel":2,"sophisticatedbackpacks:backpack":1,"minecraft:filled_map":1,"minecraft:andesite":27,"quark:birch_chest":2,"minecraft:oak_sapling":6,"minecraft:redstone_torch":1,"tacz:ammo":196,"minecraft:wooden_pickaxe":1,"minecraft:stone_pickaxe":2,"minecraft:magma_block":7,"minecraft:terracotta":2},"minecraft:killed":{"naturalist:rattlesnake":2,"minecraft:cave_spider":3,"minecraft:spider":14,"naturalist:snail":1,"minecraft:skeleton":13,"quark:crab":4,"minecraft:magma_cube":5,"minecraft:salmon":1,"minecraft:creeper":21,"minecraft:sheep":25,"minecraft:trader_llama":2,"minecraft:pillager":5,"minecraft:zombie":30,"minecraft:cow":35,"benssharks:bonnethead_shark":1,"quark:toretoise":1,"naturalist:coral_snake":2,"minecraft:horse":5,"naturalist:bass":1,"minecraft:drowned":1,"minecraft:husk":1,"quark:foxhound":1,"minecraft:rabbit":5,"minecraft:wandering_trader":2,"minecraft:frog":1,"minecraft:squid":2,"minecraft:polar_bear":1,"royalvariations:royal_zombie":1,"quark:wraith":6,"minecraft:enderman":2},"minecraft:killed_by":{"minecraft:creeper":1,"quark:forgotten":2,"man:managgresive":3,"minecraft:zombie":1,"minecraft:player":15,"minecraft:enderman":1,"minecraft:skeleton":2,"cave_dweller:cave_dweller":1},"minecraft:crafted":{"minecraft:black_dye":4,"securitycraft:mine":6,"minecraft:oak_planks":502,"minecraft:oak_pressure_plate":1,"minecraft:glass":64,"cfm:white_picket_fence":12,"cfm:oak_park_bench":4,"minecraft:stone_hoe":1,"minecraft:oak_fence":75,"minecraft:oak_slab":90,"minecraft:crafting_table":10,"minecraft:wooden_pickaxe":1,"minecraft:copper_ingot":44,"minecraft:hay_block":8,"sophisticatedbackpacks:upgrade_base":2,"cfm:black_sofa":2,"minecraft:iron_chestplate":1,"minecraft:yellow_dye":2,"minecraft:charcoal":15,"quark:torch_arrow":37,"minecraft:stick":176,"quark:oak_chest":10,"minecraft:iron_ingot":117,"minecraft:iron_pickaxe":11,"minecraft:iron_block":1,"minecraft:stone_sword":3,"minecraft:gold_ingot":40,"minecraft:shears":1,"minecraft:oak_door":3,"securitycraft:furnace_mine":4,"minecraft:stone_shovel":9,"cfm:oak_coffee_table":4,"comforts:sleeping_bag_white":1,"minecraft:furnace":11,"minecraft:bone_meal":108,"minecraft:flint_and_steel":2,"minecraft:white_concrete_powder":560,"minecraft:black_concrete_powder":32,"minecraft:iron_axe":1,"minecraft:ladder":8,"minecraft:iron_hoe":1,"minecraft:stone_pickaxe":10,"minecraft:wheat":54,"sophisticatedbackpacks:iron_backpack":1,"minecraft:cooked_beef":64,"minecraft:iron_sword":1,"minecraft:blue_bed":1,"tacz:gun_smith_table":1,"sophisticatedbackpacks:gold_backpack":1,"securitycraft:cobblestone_mine":1,"minecraft:stone_axe":5,"minecraft:air":0,"minecraft:bread":3,"securitycraft:dirt_mine":1,"minecraft:blue_dye":10,"minecraft:oak_fence_gate":1,"minecraft:oak_boat":2,"minecraft:white_dye":87,"minecraft:blue_wool":2,"minecraft:iron_shovel":7,"minecraft:white_bed":2,"minecraft:torch":252},"minecraft:custom":{"minecraft:animals_bred":19,"minecraft:interact_with_crafting_table":151,"minecraft:bell_ring":3,"minecraft:leave_game":24,"minecraft:time_since_death":2911,"minecraft:sprint_one_cm":2200162,"minecraft:damage_blocked_by_shield":1470,"minecraft:drop":344,"minecraft:talked_to_villager":2,"minecraft:play_time":969545,"minecraft:deaths":32,"minecraft:jump":9075,"minecraft:walk_on_water_one_cm":172032,"minecraft:interact_with_furnace":74,"minecraft:sleep_in_bed":76,"minecraft:waystone_activated":6,"minecraft:damage_dealt":9241,"minecraft:player_kills":26,"minecraft:crouch_one_cm":108166,"minecraft:horse_one_cm":1175366,"minecraft:mob_kills":197,"minecraft:climb_one_cm":6848,"minecraft:walk_one_cm":2591718,"minecraft:sneak_time":45729,"minecraft:walk_under_water_one_cm":147798,"minecraft:boat_one_cm":1141878,"minecraft:total_world_time":969545,"minecraft:pot_flower":2,"minecraft:time_since_rest":2190,"minecraft:damage_taken":15669,"minecraft:swim_one_cm":102544,"minecraft:fly_one_cm":1655548,"minecraft:open_chest":177,"minecraft:fall_one_cm":148147},"minecraft:picked_up":{"minecraft:wheat":155,"minecraft:yellow_wool":2,"minecraft:lead":9,"minecraft:enchanted_book":2,"sophisticatedbackpacks:magnet_upgrade":1,"minecraft:music_disc_cat":1,"minecraft:string":82,"minecraft:soul_soil":2,"minecraft:raw_copper":185,"minecraft:beetroot":5,"minecraft:cobbled_deepslate":423,"minecraft:gold_nugget":150,"comforts:sleeping_bag_white":16,"minecraft:redstone_torch":2,"minecraft:iron_pickaxe":1,"farmersdelight:cabbage_seeds":2,"minecraft:furnace":5,"minecraft:blue_wool":2,"minecraft:white_glazed_terracotta":8,"minecraft:stick":136,"quark:crab_shell":2,"minecraft:oak_fence":44,"minecraft:torch":115,"minecraft:green_bed":14,"quark:blossom_log":23,"minecraft:diorite":31,"quark:lavender_blossom_sapling":3,"minecraft:black_dye":4,"quark:ancient_tome":1,"minecraft:stone_sword":3,"man:redcandle":6,"minecraft:rotten_flesh":39,"quark:clear_shard":5,"farmersdelight:onion":51,"minecraft:mangrove_roots":5,"minecraft:cobblestone":1005,"paraglider:paraglider":1,"minecraft:magma_block":14,"minecraft:leather_chestplate":1,"minecraft:feather":2,"farmersdelight:rice":10,"minecraft:water_bucket":1,"minecraft:andesite":29,"minecraft:golden_leggings":1,"minecraft:potato":1,"minecraft:flint":61,"minecraft:tuff":37,"minecraft:lapis_lazuli":152,"minecraft:dirt":1817,"minecraft:bone":22,"minecraft:bow":3,"minecraft:wheat_seeds":602,"securitycraft:cobblestone_mine":5,"cfm:oak_park_bench":6,"minecraft:raw_gold":15,"quark:soul_bead":8,"minecraft:rabbit":6,"minecraft:glowstone_dust":39,"minecraft:bamboo":172,"tacz:gun_smith_table":2,"minecraft:oak_planks":98,"securitycraft:mine":1,"minecraft:music_disc_13":1,"securitycraft:dirt_mine":1,"minecraft:oak_pressure_plate":3,"minecraft:sand":675,"minecraft:ink_sac":6,"minecraft:red_terracotta":1024,"minecraft:mossy_cobblestone":2,"minecraft:diamond":1,"waystones:waystone":3,"minecraft:granite":63,"minecraft:white_concrete":248,"minecraft:golden_horse_armor":2,"minecraft:bread":44,"minecraft:oak_sapling":107,"minecraft:netherrack":521,"minecraft:diamond_pickaxe":1,"sophisticatedbackpacks:gold_backpack":1,"minecraft:coarse_dirt":1,"minecraft:crafting_table":13,"minecraft:allium":34,"minecraft:azure_bluet":4,"minecraft:chicken":1,"minecraft:ladder":2,"minecraft:brown_mushroom":1,"minecraft:wooden_pickaxe":1,"securitycraft:furnace_mine":4,"minecraft:gold_block":1,"minecraft:diamond_horse_armor":1,"gravestone:obituary":11,"minecraft:shield":2,"minecraft:cornflower":4,"tacz:ammo":1293,"minecraft:iron_shovel":2,"minecraft:blackstone":7,"minecraft:beef":68,"minecraft:oak_boat":22,"minecraft:poppy":6,"minecraft:sugar_cane":47,"minecraft:birch_sapling":7,"minecraft:egg":10,"minecraft:raw_iron":130,"minecraft:sandstone":12,"minecraft:oak_door":1,"minecraft:copper_ingot":1,"sophisticatedbackpacks:backpack":5,"quark:birch_chest":2,"minecraft:carrot":88,"minecraft:redstone":51,"minecraft:iron_horse_armor":3,"minecraft:tnt":21,"minecraft:arrow":36,"minecraft:stone_shovel":1,"minecraft:beetroot_seeds":19,"minecraft:hay_block":18,"minecraft:saddle":1,"minecraft:mutton":26,"minecraft:bone_block":35,"minecraft:rail":4,"minecraft:white_wool":60,"minecraft:oxeye_daisy":2,"minecraft:lime_bed":5,"minecraft:air":0,"minecraft:basalt":108,"minecraft:glow_ink_sac":5,"minecraft:leather":42,"minecraft:filled_map":1,"minecraft:oak_log":286,"minecraft:lily_pad":8,"minecraft:golden_boots":1,"minecraft:gunpowder":25,"minecraft:white_banner":1,"quark:forgotten_hat":3,"man:cassette_1safetyinstructions":2,"minecraft:cooked_mutton":28,"minecraft:apple":15,"minecraft:kelp":7,"minecraft:rabbit_hide":1,"minecraft:iron_ingot":26,"minecraft:stone_pickaxe":1,"minecraft:soul_sand":2,"minecraft:oak_slab":42,"cfm:oak_coffee_table":1,"minecraft:quartz":79,"minecraft:dandelion":38,"minecraft:gravel":608,"minecraft:white_bed":6,"minecraft:spider_eye":1,"minecraft:white_concrete_powder":113,"minecraft:stone_axe":3,"tacz:modern_kinetic_gun":12,"cfm:black_sofa":2,"minecraft:gray_wool":3,"minecraft:terracotta":2,"minecraft:black_wool":8,"minecraft:mangrove_propagule":1,"minecraft:coal":239,"minecraft:sunflower":188,"minecraft:ender_pearl":3}},"DataVersion":3465}