{"stats":{"minecraft:dropped":{"minecraft:bread":41,"minecraft:furnace":2,"minecraft:stone_sword":1,"minecraft:cobbled_deepslate":5,"minecraft:ender_pearl":1,"minecraft:oak_fence":8,"minecraft:oak_planks":1,"minecraft:rail":16,"minecraft:sandstone_wall":2,"minecraft:lime_bed":1,"minecraft:diorite":6,"minecraft:stone_button":4,"minecraft:torch":1,"minecraft:oak_boat":1,"gravestone:obituary":15,"minecraft:spider_eye":2,"tacz:ammo":160,"tacz:modern_kinetic_gun":1,"minecraft:sandstone":2,"minecraft:sand":2,"minecraft:powered_rail":8,"minecraft:wooden_pickaxe":1,"quark:jasper":8,"minecraft:cactus":2,"minecraft:bone":2},"minecraft:killed_by":{"minecraft:player":6,"minecraft:cave_spider":3,"minecraft:skeleton":1,"minecraft:creeper":1,"cave_dweller:cave_dweller":1},"minecraft:mined":{"minecraft:deepslate_redstone_ore":13,"minecraft:deepslate_diamond_ore":1,"minecraft:oak_fence":8,"minecraft:crafting_table":2,"minecraft:torch":4,"gravestone:gravestone":10,"minecraft:blast_furnace":1,"minecraft:stone_button":2,"minecraft:dead_bush":6,"minecraft:copper_ore":11,"minecraft:cobblestone":22,"minecraft:lapis_ore":5,"minecraft:oak_planks":1,"minecraft:diorite":5,"minecraft:wall_torch":4,"quark:jasper":9,"minecraft:spawner":1,"minecraft:hay_block":38,"minecraft:lime_bed":1,"minecraft:furnace":1,"minecraft:iron_ore":23,"minecraft:white_glazed_terracotta":5,"minecraft:bell":1,"minecraft:coal_ore":22,"minecraft:oak_log":19,"minecraft:sand":16,"minecraft:dirt":2,"minecraft:cobweb":21,"minecraft:sandstone_wall":1,"minecraft:stone":88,"minecraft:deepslate":5,"minecraft:green_bed":4},"minecraft:used":{"minecraft:cooked_mutton":2,"minecraft:stone_sword":43,"minecraft:stone_pickaxe":131,"minecraft:wooden_pickaxe":10,"minecraft:green_bed":4,"minecraft:torch":19,"minecraft:sand":13,"minecraft:crafting_table":2,"minecraft:bread":17,"minecraft:iron_pickaxe":82,"quark:jasper":1,"minecraft:stone_axe":36,"minecraft:furnace":1,"minecraft:cobblestone":72,"minecraft:bucket":1},"minecraft:custom":{"minecraft:interact_with_furnace":11,"minecraft:mob_kills":6,"minecraft:interact_with_crafting_table":19,"minecraft:leave_game":7,"minecraft:time_since_death":6147,"minecraft:sleep_in_bed":6,"minecraft:time_since_rest":6205,"minecraft:sprint_one_cm":184264,"minecraft:damage_taken":4115,"minecraft:walk_one_cm":306852,"minecraft:drop":51,"minecraft:damage_dealt":911,"minecraft:player_kills":3,"minecraft:fly_one_cm":130591,"minecraft:play_time":92786,"minecraft:crouch_one_cm":12683,"minecraft:deaths":12,"minecraft:sneak_time":3535,"minecraft:walk_under_water_one_cm":4561,"minecraft:jump":896,"minecraft:interact_with_blast_furnace":1,"minecraft:walk_on_water_one_cm":2425,"minecraft:total_world_time":92786,"minecraft:fall_one_cm":24108,"minecraft:horse_one_cm":137958},"minecraft:killed":{"minecraft:zombie_villager":1,"minecraft:rabbit":2,"minecraft:creeper":1,"minecraft:skeleton":1},"minecraft:picked_up":{"minecraft:lime_bed":2,"minecraft:crafting_table":1,"minecraft:glow_ink_sac":4,"minecraft:wooden_pickaxe":1,"minecraft:oak_log":18,"gravestone:obituary":6,"minecraft:gunpowder":2,"minecraft:lapis_lazuli":28,"minecraft:string":30,"minecraft:raw_copper":36,"tacz:ammo":276,"minecraft:bone":4,"minecraft:bow":1,"minecraft:cobbled_deepslate":5,"minecraft:bell":1,"minecraft:rabbit_hide":1,"minecraft:stone_pickaxe":1,"minecraft:rabbit":2,"minecraft:powered_rail":4,"minecraft:oak_planks":1,"minecraft:furnace":2,"minecraft:raw_iron":22,"minecraft:white_glazed_terracotta":4,"minecraft:stick":7,"minecraft:sandstone":2,"minecraft:oak_fence":8,"minecraft:torch":9,"minecraft:green_bed":4,"sophisticatedbackpacks:backpack":2,"minecraft:sandstone_wall":2,"minecraft:sand":15,"minecraft:stone_button":4,"minecraft:blast_furnace":1,"minecraft:diorite":6,"minecraft:redstone":58,"minecraft:spider_eye":2,"quark:jasper":9,"minecraft:stone_sword":2,"minecraft:arrow":3,"minecraft:cactus":2,"minecraft:diamond":1,"minecraft:stone_axe":1,"tacz:modern_kinetic_gun":2,"minecraft:hay_block":37,"minecraft:coal":22,"minecraft:rail":8,"minecraft:cobblestone":101,"minecraft:ender_pearl":2},"minecraft:crafted":{"minecraft:oak_planks":32,"minecraft:crafting_table":1,"minecraft:furnace":1,"minecraft:bucket":1,"minecraft:bread":72,"minecraft:air":0,"minecraft:oak_boat":2,"minecraft:stick":16,"minecraft:iron_ingot":18,"minecraft:iron_pickaxe":1,"minecraft:torch":20,"minecraft:wheat":216},"minecraft:broken":{"minecraft:stone_pickaxe":1}},"DataVersion":3465}