{"stats":{"minecraft:picked_up":{"minecraft:music_disc_strad":1,"minecraft:wheat":93,"minecraft:lead":5,"minecraft:infested_stone":23,"minecraft:string":90,"minecraft:raw_copper":47,"minecraft:smooth_stone_slab":2,"minecraft:zombie_head":1,"minecraft:oak_sign":11,"minecraft:red_sand":1,"minecraft:cobbled_deepslate":35,"minecraft:bucket":4,"comforts:sleeping_bag_white":5,"minecraft:melon_slice":24,"minecraft:coal_block":12,"minecraft:furnace":7,"minecraft:white_glazed_terracotta":4,"minecraft:polished_blackstone_brick_slab":1,"minecraft:stick":119,"minecraft:jungle_door":6,"minecraft:brown_terracotta":1,"minecraft:oak_fence":13,"minecraft:torch":68,"minecraft:green_bed":5,"minecraft:sandstone_wall":2,"minecraft:snow_block":2,"minecraft:porkchop":8,"minecraft:diorite":21,"minecraft:chiseled_nether_bricks":2,"minecraft:stone_sword":2,"man:redcandle":3,"minecraft:cactus":2,"quark:clear_shard":2,"minecraft:rotten_flesh":14,"minecraft:iron_bars":3,"minecraft:cobblestone":1023,"minecraft:birch_log":149,"minecraft:magma_block":5,"minecraft:cooked_beef":4,"minecraft:feather":2,"minecraft:lilac":28,"minecraft:andesite":11,"minecraft:water_bucket":1,"minecraft:jungle_log":76,"minecraft:golden_leggings":1,"minecraft:flint":6,"minecraft:tuff":2,"minecraft:lapis_lazuli":125,"minecraft:dirt":3411,"minecraft:bone":16,"minecraft:bow":2,"minecraft:wheat_seeds":267,"cfm:oak_park_bench":1,"minecraft:raw_gold":35,"minecraft:bell":2,"minecraft:grindstone":12,"tacz:gun_smith_table":1,"minecraft:rabbit":2,"minecraft:bamboo":64,"minecraft:powered_rail":4,"minecraft:oak_planks":72,"minecraft:chiseled_polished_blackstone":1,"minecraft:oak_pressure_plate":3,"minecraft:polished_blackstone_slab":2,"minecraft:sand":121,"minecraft:jungle_planks":15,"minecraft:stripped_spruce_log":2,"sophisticatedbackpacks:iron_backpack":1,"minecraft:red_terracotta":1,"minecraft:jungle_slab":2,"minecraft:mossy_cobblestone":2,"quark:jasper":9,"minecraft:diamond":2,"minecraft:spruce_boat":2,"waystones:waystone":2,"minecraft:crossbow":1,"minecraft:granite":19,"minecraft:bread":13,"minecraft:oak_sapling":109,"minecraft:netherrack":142,"minecraft:coarse_dirt":1,"minecraft:crafting_table":19,"minecraft:azure_bluet":16,"minecraft:chicken":3,"minecraft:clay_ball":96,"minecraft:wooden_pickaxe":1,"gravestone:obituary":10,"minecraft:shield":1,"minecraft:cornflower":6,"minecraft:moss_carpet":1,"tacz:ammo":405,"minecraft:polished_blackstone_wall":4,"minecraft:iron_shovel":1,"cfm:jungle_table":4,"minecraft:beef":7,"minecraft:oak_boat":8,"minecraft:jungle_sapling":15,"minecraft:poppy":16,"minecraft:sugar_cane":40,"minecraft:birch_sapling":61,"minecraft:egg":13,"minecraft:raw_iron":145,"minecraft:sandstone":2,"minecraft:spruce_fence":4,"sophisticatedbackpacks:backpack":4,"minecraft:stone_button":4,"minecraft:redstone":104,"minecraft:tnt":2,"minecraft:arrow":35,"minecraft:stone_shovel":1,"minecraft:peony":1,"minecraft:hay_block":63,"minecraft:polished_blackstone":1,"minecraft:bone_block":9,"minecraft:mutton":14,"minecraft:rail":8,"minecraft:white_wool":40,"minecraft:oxeye_daisy":14,"minecraft:stripped_oak_log":1,"quark:crab_leg":14,"minecraft:lime_bed":6,"minecraft:glow_ink_sac":7,"minecraft:leather":9,"minecraft:jungle_fence":10,"minecraft:filled_map":2,"minecraft:oak_log":158,"minecraft:gunpowder":15,"minecraft:white_banner":3,"quark:forgotten_hat":2,"minecraft:cooked_mutton":33,"minecraft:apple":9,"minecraft:stone_bricks":52,"minecraft:rabbit_hide":5,"minecraft:iron_ingot":13,"minecraft:stone_pickaxe":1,"minecraft:stone_brick_slab":2,"minecraft:dandelion":117,"minecraft:gravel":73,"minecraft:spruce_sapling":8,"minecraft:blast_furnace":5,"minecraft:white_bed":6,"minecraft:spruce_log":15,"quark:oak_chest":8,"minecraft:mossy_stone_brick_slab":1,"minecraft:spider_eye":2,"minecraft:stone_axe":1,"tacz:modern_kinetic_gun":5,"minecraft:terracotta":1,"minecraft:black_wool":2,"minecraft:coal":398,"minecraft:ender_pearl":2},"minecraft:killed":{"minecraft:skeleton":12,"minecraft:chicken":3,"quark:crab":1,"minecraft:pig":4,"minecraft:zombie_villager":1,"minecraft:creeper":11,"minecraft:sheep":10,"minecraft:trader_llama":2,"minecraft:pillager":6,"minecraft:zombie":10,"minecraft:stray":1,"minecraft:cow":3,"minecraft:rabbit":2,"minecraft:wandering_trader":1,"minecraft:frog":2,"minecraft:polar_bear":1,"minecraft:enderman":1},"minecraft:killed_by":{"minecraft:zombie_villager":1,"minecraft:creeper":1,"man:managgresive":1,"minecraft:cave_spider":3,"minecraft:player":6,"minecraft:skeleton":3,"cave_dweller:cave_dweller":1},"minecraft:mined":{"minecraft:white_bed":6,"minecraft:oak_sapling":6,"minecraft:farmland":3,"minecraft:mossy_stone_brick_slab":1,"minecraft:jungle_slab":2,"minecraft:granite":18,"minecraft:red_sand":1,"minecraft:grass_block":2153,"minecraft:jungle_log":76,"minecraft:oak_pressure_plate":1,"minecraft:oxeye_daisy":5,"tacz:gun_smith_table":1,"minecraft:oak_wall_sign":1,"minecraft:spawner":1,"minecraft:magma_block":10,"minecraft:iron_ore":99,"minecraft:fire":18,"minecraft:moss_carpet":1,"minecraft:deepslate_lapis_ore":4,"minecraft:azure_bluet":4,"minecraft:dirt_path":49,"minecraft:oak_sign":6,"minecraft:iron_bars":3,"minecraft:green_bed":4,"minecraft:deepslate_redstone_ore":25,"minecraft:jungle_door":1,"minecraft:clay":25,"minecraft:torch":27,"minecraft:blast_furnace":2,"minecraft:poppy":3,"minecraft:melon":4,"man:redcandle":2,"minecraft:dead_bush":7,"minecraft:glass":1,"minecraft:cobblestone":51,"minecraft:oak_planks":12,"minecraft:sugar_cane":4,"minecraft:grindstone":2,"minecraft:wall_torch":23,"minecraft:birch_sapling":2,"minecraft:mud":1,"minecraft:birch_log":149,"minecraft:lilac":28,"minecraft:smooth_stone_slab":1,"minecraft:grass":224,"minecraft:oak_log":161,"minecraft:sand":124,"minecraft:dirt":1300,"minecraft:sandstone_wall":1,"minecraft:netherrack":162,"minecraft:oak_leaves":16,"minecraft:deepslate":35,"minecraft:tuff":2,"minecraft:mossy_cobblestone":2,"minecraft:deepslate_diamond_ore":1,"gravestone:gravestone":15,"minecraft:stone_button":2,"minecraft:spruce_fence":1,"minecraft:jungle_planks":14,"minecraft:spruce_leaves":1,"quark:jasper":9,"minecraft:hay_block":63,"minecraft:furnace":6,"minecraft:jungle_sapling":1,"minecraft:andesite":11,"minecraft:stripped_spruce_log":2,"minecraft:peony":1,"minecraft:white_glazed_terracotta":5,"minecraft:bell":2,"minecraft:deepslate_iron_ore":47,"minecraft:stripped_oak_log":1,"minecraft:bamboo":2,"minecraft:stone":942,"quark:oak_chest":8,"minecraft:stone_brick_slab":2,"minecraft:dandelion":16,"minecraft:oak_fence":10,"minecraft:cornflower":1,"minecraft:crafting_table":15,"minecraft:copper_ore":15,"minecraft:tall_grass":20,"minecraft:deepslate_gold_ore":17,"minecraft:lapis_ore":16,"minecraft:diorite":20,"cfm:jungle_table":4,"minecraft:red_terracotta":1,"minecraft:lime_bed":5,"minecraft:coarse_dirt":1,"minecraft:spruce_log":15,"minecraft:jungle_fence":2,"minecraft:coal_ore":267,"minecraft:gravel":76,"minecraft:cobweb":21,"minecraft:brown_terracotta":1,"minecraft:terracotta":1,"minecraft:polished_blackstone":1,"minecraft:stone_bricks":53,"minecraft:gold_ore":12,"minecraft:fern":2},"minecraft:dropped":{"minecraft:porkchop":7,"minecraft:ender_pearl":2,"minecraft:crafting_table":2,"minecraft:leather":2,"minecraft:rail":16,"minecraft:dirt":14,"minecraft:stone_button":4,"minecraft:cornflower":3,"gravestone:obituary":19,"minecraft:sand":2,"minecraft:polished_blackstone_slab":2,"minecraft:birch_log":15,"minecraft:white_wool":1,"minecraft:bone":4,"minecraft:gravel":5,"minecraft:polished_blackstone_wall":4,"minecraft:chiseled_polished_blackstone":1,"minecraft:sugar_cane":10,"minecraft:cobbled_deepslate":6,"minecraft:birch_sapling":7,"quark:crab_leg":5,"minecraft:oak_planks":29,"minecraft:mossy_stone_brick_slab":1,"minecraft:cooked_mutton":33,"minecraft:azure_bluet":4,"minecraft:sandstone_wall":2,"minecraft:rabbit_hide":1,"minecraft:lime_bed":1,"man:redcandle":2,"quark:forgotten_hat":3,"minecraft:arrow":5,"minecraft:powered_rail":8,"minecraft:white_glazed_terracotta":4,"minecraft:netherrack":32,"minecraft:egg":2,"minecraft:water_bucket":2,"minecraft:bread":41,"minecraft:iron_ingot":26,"minecraft:chiseled_nether_bricks":2,"minecraft:wheat_seeds":20,"minecraft:tnt":6,"minecraft:oak_fence":9,"minecraft:feather":2,"minecraft:cobblestone":35,"minecraft:diorite":6,"minecraft:torch":1,"minecraft:rabbit":2,"minecraft:melon_slice":24,"tacz:modern_kinetic_gun":3,"minecraft:polished_blackstone_brick_slab":1,"minecraft:cactus":2,"quark:jasper":8,"minecraft:iron_shovel":2,"minecraft:string":30,"minecraft:bucket":3,"minecraft:dandelion":26,"minecraft:stone_brick_slab":2,"minecraft:redstone":8,"minecraft:snow_block":1,"minecraft:furnace":2,"minecraft:moss_carpet":1,"minecraft:coarse_dirt":1,"minecraft:stone_sword":2,"minecraft:smooth_stone_slab":2,"minecraft:green_bed":1,"minecraft:tuff":2,"minecraft:stone_shovel":2,"minecraft:chicken":2,"sophisticatedbackpacks:backpack":2,"minecraft:oak_sign":2,"minecraft:spruce_fence":1,"minecraft:blast_furnace":1,"minecraft:filled_map":2,"minecraft:hay_block":2,"minecraft:shield":1,"minecraft:andesite":2,"minecraft:golden_leggings":2,"minecraft:oak_boat":4,"minecraft:oak_sapling":38,"minecraft:spider_eye":2,"minecraft:bamboo":16,"tacz:ammo":174,"minecraft:sandstone":2,"minecraft:bow":1,"minecraft:wooden_pickaxe":1,"minecraft:magma_block":3,"minecraft:black_wool":4},"minecraft:custom":{"minecraft:animals_bred":15,"minecraft:interact_with_crafting_table":129,"minecraft:bell_ring":4,"minecraft:leave_game":24,"minecraft:time_since_death":383876,"minecraft:sprint_one_cm":1993255,"minecraft:damage_blocked_by_shield":855,"minecraft:drop":198,"minecraft:play_time":790041,"minecraft:deaths":16,"minecraft:jump":6969,"minecraft:walk_on_water_one_cm":73483,"minecraft:interact_with_furnace":194,"minecraft:sleep_in_bed":72,"minecraft:waystone_activated":6,"minecraft:damage_dealt":4561,"minecraft:player_kills":4,"minecraft:crouch_one_cm":51171,"minecraft:interact_with_smoker":1,"minecraft:horse_one_cm":350707,"minecraft:mob_kills":72,"minecraft:climb_one_cm":5366,"minecraft:walk_one_cm":2500517,"minecraft:sneak_time":18489,"minecraft:walk_under_water_one_cm":33511,"minecraft:boat_one_cm":428241,"minecraft:interact_with_blast_furnace":20,"minecraft:total_world_time":790041,"minecraft:pot_flower":3,"minecraft:interact_with_stonecutter":1,"minecraft:interact_with_grindstone":1,"minecraft:time_since_rest":7211,"minecraft:damage_taken":8322,"minecraft:swim_one_cm":18837,"minecraft:fly_one_cm":1330949,"minecraft:open_chest":365,"minecraft:fall_one_cm":135074},"minecraft:used":{"minecraft:iron_shovel":250,"minecraft:polished_blackstone":1,"minecraft:oak_sign":2,"cfm:jungle_table":4,"minecraft:shield":18,"minecraft:stone":67,"minecraft:iron_sword":103,"minecraft:bell":2,"minecraft:jungle_planks":79,"minecraft:milk_bucket":4,"minecraft:glass":52,"minecraft:spruce_boat":3,"minecraft:jungle_sapling":10,"minecraft:lava_bucket":4,"minecraft:jungle_fence_gate":3,"minecraft:birch_sapling":28,"minecraft:stone_bricks":425,"minecraft:oak_sapling":20,"minecraft:furnace":9,"minecraft:egg":1,"cfm:oak_park_bench":1,"minecraft:oak_planks":88,"minecraft:stone_pickaxe":393,"minecraft:jungle_fence":37,"minecraft:wooden_pickaxe":10,"minecraft:sand":13,"minecraft:blast_furnace":2,"waystones:waystone":1,"minecraft:bread":21,"quark:jasper":1,"minecraft:oak_pressure_plate":4,"minecraft:gravel":26,"minecraft:grindstone":4,"minecraft:oak_boat":3,"minecraft:bone_meal":30,"minecraft:oak_fence":11,"minecraft:stone_sword":116,"minecraft:stone_shovel":3618,"tacz:gun_smith_table":2,"minecraft:stone_hoe":58,"minecraft:cooked_chicken":1,"minecraft:netherrack":49,"minecraft:torch":326,"minecraft:dirt":2363,"minecraft:iron_axe":484,"comforts:sleeping_bag_white":5,"minecraft:cooked_beef":7,"minecraft:cobbled_deepslate":9,"minecraft:cooked_mutton":72,"minecraft:wheat_seeds":53,"minecraft:water_bucket":71,"minecraft:birch_planks":358,"minecraft:lead":1,"minecraft:green_bed":4,"man:redcandle":1,"minecraft:oak_slab":12,"minecraft:lime_bed":5,"minecraft:crafting_table":20,"minecraft:white_bed":9,"minecraft:oak_log":1,"minecraft:flower_pot":2,"minecraft:iron_pickaxe":1471,"minecraft:stone_axe":137,"minecraft:cobblestone":137,"minecraft:white_banner":1,"minecraft:cooked_porkchop":1,"minecraft:jungle_door":8,"minecraft:bucket":79,"quark:oak_chest":19},"minecraft:broken":{"minecraft:iron_shovel":1,"minecraft:stone_pickaxe":3,"minecraft:stone_axe":1,"minecraft:stone_shovel":25,"minecraft:iron_axe":1,"minecraft:iron_pickaxe":5},"minecraft:crafted":{"minecraft:brick":6,"minecraft:oak_planks":330,"minecraft:jungle_fence_gate":3,"minecraft:oak_pressure_plate":2,"minecraft:cooked_chicken":1,"minecraft:stone":745,"minecraft:cooked_mutton":10,"minecraft:glass":52,"minecraft:iron_boots":1,"minecraft:stone_hoe":1,"minecraft:stone_bricks":384,"minecraft:oak_fence":12,"minecraft:flower_pot":2,"minecraft:oak_slab":12,"minecraft:cooked_porkchop":1,"minecraft:crafting_table":9,"minecraft:spruce_planks":20,"minecraft:iron_helmet":1,"cfm:jungle_table":4,"minecraft:copper_ingot":47,"minecraft:birch_planks":392,"minecraft:iron_chestplate":1,"minecraft:stick":152,"quark:oak_chest":11,"minecraft:iron_ingot":145,"minecraft:iron_pickaxe":6,"minecraft:iron_block":1,"minecraft:gold_ingot":35,"minecraft:shears":1,"minecraft:coal":9,"minecraft:stone_shovel":29,"minecraft:iron_nugget":18,"comforts:sleeping_bag_white":1,"minecraft:furnace":4,"minecraft:bone_meal":30,"minecraft:iron_axe":2,"minecraft:stone_pickaxe":2,"minecraft:spruce_boat":1,"minecraft:jungle_fence":51,"minecraft:wheat":243,"minecraft:cooked_beef":3,"minecraft:coal_block":24,"minecraft:iron_sword":1,"tacz:gun_smith_table":1,"sophisticatedbackpacks:gold_backpack":1,"minecraft:bucket":3,"minecraft:bread":72,"minecraft:air":0,"minecraft:jungle_planks":256,"minecraft:oak_boat":2,"minecraft:jungle_door":3,"minecraft:iron_shovel":1,"minecraft:iron_leggings":1,"minecraft:white_bed":3,"minecraft:torch":276}},"DataVersion":3465}