{"stats":{"minecraft:killed":{"minecraft:cave_spider":1,"minecraft:witch":1,"minecraft:spider":4,"royalvariations:royal_skeleton":1,"minecraft:skeleton":21,"minecraft:chicken":3,"quark:crab":1,"minecraft:pig":4,"minecraft:zombie_villager":1,"minecraft:salmon":2,"minecraft:creeper":20,"minecraft:sheep":10,"minecraft:trader_llama":2,"minecraft:pillager":11,"minecraft:zombie":22,"minecraft:stray":7,"cave_dweller:cave_dweller":1,"minecraft:cow":5,"royalvariations:royal_creeper":1,"naturalist:bass":10,"quark:foxhound":4,"minecraft:rabbit":4,"minecraft:wandering_trader":1,"minecraft:frog":2,"minecraft:squid":40,"minecraft:polar_bear":1,"royalvariations:royal_zombie":1,"quark:wraith":1,"minecraft:enderman":2},"minecraft:crafted":{"minecraft:brick":58,"minecraft:black_dye":48,"minecraft:oak_planks":338,"minecraft:jungle_fence_gate":3,"quark:birch_chest":8,"minecraft:oak_pressure_plate":2,"minecraft:cooked_chicken":1,"minecraft:birch_boat":2,"minecraft:lightning_rod":1,"minecraft:birch_slab":126,"minecraft:stone":937,"minecraft:cooked_mutton":22,"minecraft:quartz_block":29,"minecraft:glass":234,"minecraft:iron_boots":1,"quark:cooked_crab_leg":3,"minecraft:stone_hoe":3,"minecraft:stone_bricks":384,"minecraft:oak_fence":12,"minecraft:cooked_rabbit":5,"minecraft:flower_pot":2,"minecraft:golden_boots":1,"minecraft:item_frame":1,"minecraft:oak_slab":12,"minecraft:cooked_porkchop":1,"minecraft:crafting_table":18,"minecraft:spruce_planks":32,"cfm:jungle_table":4,"minecraft:iron_helmet":1,"minecraft:cobbled_deepslate_wall":6,"minecraft:copper_ingot":174,"minecraft:birch_planks":540,"minecraft:white_stained_glass_pane":208,"minecraft:paper":81,"minecraft:wooden_hoe":1,"minecraft:iron_chestplate":1,"minecraft:book":5,"minecraft:stick":152,"quark:oak_chest":16,"minecraft:iron_ingot":267,"minecraft:iron_pickaxe":16,"minecraft:iron_block":1,"minecraft:gold_ingot":71,"minecraft:shears":1,"minecraft:stone_shovel":37,"minecraft:coal":72,"minecraft:fishing_rod":2,"minecraft:leather_boots":1,"minecraft:iron_nugget":18,"comforts:sleeping_bag_white":2,"minecraft:furnace":6,"minecraft:bone_meal":120,"minecraft:glass_pane":336,"minecraft:flint_and_steel":1,"minecraft:terracotta":84,"minecraft:black_terracotta":304,"minecraft:iron_axe":5,"minecraft:stone_pickaxe":15,"minecraft:spruce_boat":1,"minecraft:jungle_fence":51,"minecraft:dark_oak_planks":4,"sophisticatedbackpacks:iron_backpack":1,"minecraft:wheat":243,"minecraft:cooked_beef":9,"minecraft:coal_block":24,"minecraft:iron_sword":2,"tacz:gun_smith_table":1,"sophisticatedbackpacks:gold_backpack":2,"minecraft:bucket":3,"minecraft:stone_axe":8,"minecraft:glowstone":10,"minecraft:jungle_planks":256,"minecraft:bread":72,"minecraft:acacia_boat":1,"minecraft:air":0,"minecraft:black_stained_glass":8,"minecraft:oak_boat":2,"minecraft:jungle_door":3,"minecraft:white_dye":26,"minecraft:iron_shovel":1,"minecraft:iron_leggings":1,"minecraft:white_bed":3,"minecraft:acacia_planks":36,"minecraft:torch":316,"minecraft:clay":84},"minecraft:broken":{"minecraft:iron_shovel":1,"minecraft:iron_chestplate":1,"minecraft:iron_leggings":1,"minecraft:stone_pickaxe":9,"minecraft:stone_axe":9,"minecraft:stone_shovel":33,"minecraft:iron_axe":4,"minecraft:iron_pickaxe":14,"minecraft:iron_helmet":1},"minecraft:custom":{"minecraft:animals_bred":24,"minecraft:interact_with_crafting_table":242,"minecraft:bell_ring":6,"minecraft:leave_game":49,"minecraft:time_since_death":163356,"minecraft:sprint_one_cm":3929141,"minecraft:damage_blocked_by_shield":855,"minecraft:drop":360,"minecraft:talked_to_villager":4,"minecraft:play_time":1784305,"minecraft:deaths":40,"minecraft:jump":15617,"minecraft:walk_on_water_one_cm":238010,"minecraft:enchant_item":4,"minecraft:interact_with_furnace":314,"minecraft:sleep_in_bed":138,"minecraft:waystone_activated":22,"minecraft:damage_dealt":6642,"minecraft:player_kills":10,"minecraft:crouch_one_cm":204400,"minecraft:interact_with_smoker":25,"minecraft:horse_one_cm":374967,"minecraft:mob_kills":187,"minecraft:damage_dealt_resisted":347,"minecraft:climb_one_cm":9521,"minecraft:walk_one_cm":5001980,"minecraft:damage_dealt_absorbed":80,"minecraft:sneak_time":74326,"minecraft:walk_under_water_one_cm":297122,"minecraft:boat_one_cm":1317598,"minecraft:interact_with_blast_furnace":48,"minecraft:total_world_time":1784305,"minecraft:pot_flower":3,"minecraft:interact_with_stonecutter":1,"minecraft:interact_with_grindstone":2,"minecraft:time_since_rest":12381,"minecraft:damage_taken":18715,"minecraft:swim_one_cm":110022,"minecraft:fly_one_cm":2955161,"minecraft:open_chest":898,"minecraft:fish_caught":5,"minecraft:fall_one_cm":281435},"minecraft:mined":{"minecraft:dark_oak_planks":1,"minecraft:oak_sapling":6,"minecraft:white_bed":6,"quark:azalea_log":6,"minecraft:farmland":9,"minecraft:mossy_stone_brick_slab":1,"minecraft:black_terracotta":25,"minecraft:jungle_slab":2,"minecraft:obsidian":19,"minecraft:granite":63,"minecraft:red_sand":1,"minecraft:acacia_log":9,"minecraft:grass_block":2539,"minecraft:jungle_log":76,"minecraft:oak_pressure_plate":1,"minecraft:soul_soil":52,"minecraft:oxeye_daisy":5,"tacz:gun_smith_table":1,"minecraft:oak_wall_sign":1,"minecraft:spawner":2,"minecraft:tall_seagrass":12,"minecraft:magma_block":14,"minecraft:glowstone":32,"minecraft:iron_ore":171,"minecraft:fire":93,"minecraft:cobbled_deepslate":10,"minecraft:moss_carpet":1,"minecraft:deepslate_lapis_ore":4,"minecraft:azure_bluet":4,"minecraft:oak_sign":9,"minecraft:flowering_azalea_leaves":7,"minecraft:dirt_path":124,"minecraft:iron_bars":3,"minecraft:green_carpet":2,"minecraft:azalea_leaves":18,"minecraft:green_bed":5,"minecraft:deepslate_redstone_ore":25,"minecraft:sandstone_slab":4,"minecraft:jungle_door":1,"minecraft:blackstone":86,"minecraft:smoker":1,"minecraft:soul_fire":14,"minecraft:clay":99,"minecraft:torch":85,"minecraft:blast_furnace":2,"minecraft:poppy":3,"minecraft:melon":4,"minecraft:dead_bush":7,"minecraft:white_stained_glass_pane":1,"man:redcandle":2,"quark:blossom_log":59,"minecraft:mushroom_stem":1,"minecraft:glass":1,"minecraft:cobblestone":97,"minecraft:nether_quartz_ore":237,"minecraft:oak_planks":18,"minecraft:sugar_cane":46,"minecraft:grindstone":2,"minecraft:smooth_sandstone_slab":7,"minecraft:wall_torch":54,"minecraft:birch_sapling":2,"minecraft:white_terracotta":11,"minecraft:seagrass":4,"minecraft:birch_log":749,"minecraft:mud":1,"minecraft:wheat":23,"minecraft:lilac":28,"minecraft:smooth_stone_slab":5,"minecraft:potted_poppy":1,"minecraft:grass":289,"minecraft:oak_log":166,"minecraft:lime_terracotta":1,"minecraft:sand":175,"minecraft:dirt":1566,"minecraft:sandstone_wall":2,"minecraft:netherrack":1231,"minecraft:oak_leaves":23,"minecraft:deepslate":259,"minecraft:nether_gold_ore":29,"minecraft:diamond_ore":1,"minecraft:tuff":3,"minecraft:mossy_cobblestone":13,"minecraft:deepslate_diamond_ore":2,"minecraft:stripped_birch_log":78,"minecraft:dark_oak_log":371,"gravestone:gravestone":37,"minecraft:stone_button":2,"minecraft:spruce_fence":1,"minecraft:jungle_planks":14,"minecraft:birch_slab":2,"minecraft:spruce_leaves":6,"quark:jasper":9,"minecraft:hay_block":136,"minecraft:furnace":8,"minecraft:jungle_sapling":1,"minecraft:snow":12,"minecraft:andesite":55,"minecraft:stripped_spruce_log":2,"minecraft:peony":1,"minecraft:gold_block":1,"minecraft:white_glazed_terracotta":5,"minecraft:bell":2,"minecraft:deepslate_iron_ore":85,"minecraft:lantern":9,"minecraft:stripped_oak_log":1,"minecraft:bamboo":2,"minecraft:stone":1851,"minecraft:bone_block":1,"minecraft:oak_slab":9,"minecraft:soul_sand":82,"quark:oak_chest":8,"minecraft:stripped_dark_oak_log":1,"minecraft:basalt":2,"minecraft:stone_brick_slab":2,"minecraft:dandelion":18,"minecraft:oak_fence":18,"minecraft:smooth_sandstone":8,"minecraft:crafting_table":22,"minecraft:cornflower":2,"minecraft:cobbled_deepslate_wall":6,"minecraft:potted_oxeye_daisy":1,"minecraft:stone_slab":1,"minecraft:copper_ore":47,"minecraft:tall_grass":21,"minecraft:lapis_ore":20,"minecraft:deepslate_gold_ore":23,"minecraft:diorite":65,"cfm:jungle_table":4,"minecraft:lime_bed":5,"minecraft:red_terracotta":1,"minecraft:coarse_dirt":2,"minecraft:birch_leaves":1,"minecraft:spruce_log":101,"minecraft:jungle_fence":2,"minecraft:white_wall_banner":3,"minecraft:coal_ore":403,"minecraft:gravel":138,"minecraft:cobweb":25,"minecraft:brown_terracotta":1,"minecraft:terracotta":240,"minecraft:polished_blackstone":1,"minecraft:stone_bricks":55,"minecraft:gold_ore":21,"minecraft:fern":2,"paraglider:goddess_statue":2},"minecraft:dropped":{"minecraft:porkchop":7,"minecraft:birch_planks":12,"minecraft:lapis_lazuli":8,"minecraft:ender_pearl":2,"minecraft:diamond":1,"minecraft:crafting_table":2,"minecraft:leather":2,"minecraft:rail":16,"minecraft:dirt":464,"minecraft:stone_button":4,"minecraft:cornflower":3,"minecraft:snowball":1,"securitycraft:furnace_mine":1,"gravestone:obituary":54,"minecraft:gold_nugget":11,"minecraft:sand":4,"minecraft:iron_pickaxe":2,"minecraft:polished_blackstone_slab":2,"minecraft:dark_oak_planks":1,"minecraft:birch_log":28,"minecraft:white_wool":1,"minecraft:gold_ingot":6,"minecraft:bone":11,"minecraft:gravel":13,"minecraft:polished_blackstone_wall":4,"minecraft:chiseled_polished_blackstone":1,"minecraft:sugar_cane":10,"minecraft:iron_nugget":1,"minecraft:cobbled_deepslate":12,"minecraft:birch_sapling":7,"minecraft:obsidian":50,"quark:crab_leg":5,"minecraft:rotten_flesh":7,"minecraft:oak_planks":33,"minecraft:mossy_stone_brick_slab":1,"minecraft:cooked_mutton":34,"minecraft:azure_bluet":4,"minecraft:sandstone_wall":2,"minecraft:poppy":1,"minecraft:rabbit_hide":1,"minecraft:lime_bed":1,"man:redcandle":2,"quark:forgotten_hat":3,"minecraft:arrow":5,"minecraft:powered_rail":8,"minecraft:white_glazed_terracotta":4,"minecraft:netherrack":42,"minecraft:egg":2,"minecraft:water_bucket":2,"minecraft:stone_hoe":1,"minecraft:iron_ingot":26,"minecraft:bread":41,"minecraft:chiseled_nether_bricks":2,"minecraft:wheat_seeds":23,"minecraft:tnt":6,"minecraft:oak_fence":9,"minecraft:feather":2,"minecraft:cobblestone":253,"minecraft:book":3,"minecraft:deepslate_brick_stairs":5,"minecraft:diorite":13,"minecraft:wooden_hoe":1,"minecraft:torch":2,"minecraft:white_concrete":1,"minecraft:melon_slice":24,"minecraft:rabbit":2,"minecraft:green_carpet":2,"tacz:modern_kinetic_gun":5,"minecraft:polished_blackstone_brick_slab":1,"minecraft:smooth_sandstone_slab":7,"minecraft:cactus":17,"quark:jasper":8,"minecraft:iron_shovel":2,"minecraft:string":30,"minecraft:bucket":3,"minecraft:redstone":8,"minecraft:stone_brick_slab":2,"minecraft:dandelion":26,"minecraft:snow_block":1,"minecraft:furnace":4,"minecraft:moss_carpet":1,"minecraft:coarse_dirt":1,"minecraft:stone_sword":2,"minecraft:raw_copper":2,"minecraft:smooth_stone_slab":2,"minecraft:green_bed":3,"minecraft:tuff":2,"minecraft:stone_shovel":2,"minecraft:chicken":2,"sophisticatedbackpacks:backpack":2,"minecraft:oak_sign":3,"minecraft:spruce_fence":1,"minecraft:blast_furnace":1,"minecraft:deepslate_bricks":128,"minecraft:filled_map":2,"minecraft:hay_block":2,"minecraft:shield":1,"minecraft:diamond_pickaxe":1,"minecraft:andesite":2,"minecraft:oak_sapling":38,"minecraft:oak_boat":4,"minecraft:golden_leggings":2,"minecraft:spider_eye":2,"tacz:ammo":180,"minecraft:bamboo":16,"minecraft:sandstone":19,"minecraft:bow":1,"minecraft:wooden_pickaxe":1,"minecraft:stone_pickaxe":4,"minecraft:magma_block":5,"minecraft:black_wool":4},"minecraft:picked_up":{"minecraft:music_disc_strad":1,"minecraft:wheat":235,"minecraft:chainmail_boots":1,"minecraft:flower_pot":2,"royalvariations:royal_gunpowder":1,"minecraft:lead":7,"minecraft:enchanted_book":1,"minecraft:infested_stone":23,"quark:azalea_log":6,"paraglider:goddess_statue":2,"minecraft:string":111,"minecraft:soul_soil":43,"minecraft:raw_copper":262,"minecraft:smooth_stone_slab":10,"minecraft:zombie_head":2,"minecraft:oak_sign":14,"minecraft:beetroot":15,"minecraft:red_sand":1,"minecraft:gold_nugget":127,"minecraft:cobbled_deepslate":282,"farmersdelight:cabbage":24,"minecraft:bucket":6,"comforts:sleeping_bag_white":28,"minecraft:azalea":4,"minecraft:iron_pickaxe":2,"minecraft:melon_slice":24,"minecraft:coal_block":12,"farmersdelight:cabbage_seeds":40,"minecraft:furnace":13,"minecraft:tipped_arrow":2,"minecraft:polished_blackstone_brick_slab":1,"minecraft:white_glazed_terracotta":4,"minecraft:stick":286,"minecraft:jungle_door":6,"minecraft:brown_terracotta":1,"minecraft:oak_fence":21,"minecraft:torch":202,"minecraft:green_bed":9,"minecraft:acacia_log":9,"quark:blossom_log":58,"minecraft:sandstone_wall":3,"minecraft:snow_block":2,"minecraft:porkchop":10,"tacz:attachment":5,"minecraft:diorite":78,"minecraft:chiseled_nether_bricks":2,"minecraft:stone_sword":2,"minecraft:cactus":2,"man:redcandle":3,"quark:clear_shard":2,"minecraft:rotten_flesh":58,"farmersdelight:onion":9,"minecraft:white_terracotta":11,"minecraft:obsidian":48,"minecraft:iron_bars":3,"minecraft:snowball":48,"minecraft:cod":3,"minecraft:cobblestone":2092,"paraglider:paraglider":1,"minecraft:birch_log":787,"minecraft:magma_block":8,"minecraft:dune_armor_trim_smithing_template":2,"minecraft:lilac":28,"minecraft:feather":2,"minecraft:cooked_beef":4,"minecraft:andesite":57,"minecraft:water_bucket":2,"minecraft:jungle_log":76,"minecraft:golden_leggings":1,"minecraft:copper_block":3,"minecraft:smoker":1,"paraglider:spirit_orb":2,"minecraft:flint":13,"minecraft:tuff":3,"minecraft:acacia_boat":2,"minecraft:stripped_birch_log":78,"minecraft:lapis_lazuli":160,"farmersdelight:tomato":30,"minecraft:dirt":4733,"minecraft:lantern":9,"minecraft:name_tag":1,"minecraft:bone":40,"minecraft:bow":2,"minecraft:cobbled_deepslate_wall":6,"minecraft:wheat_seeds":636,"cfm:oak_park_bench":1,"minecraft:raw_gold":55,"minecraft:bell":2,"minecraft:grindstone":12,"quark:soul_bead":2,"minecraft:bamboo":64,"minecraft:powered_rail":4,"minecraft:rabbit":11,"minecraft:glowstone_dust":88,"tacz:gun_smith_table":1,"minecraft:oak_planks":86,"minecraft:black_terracotta":25,"minecraft:chiseled_polished_blackstone":1,"minecraft:oak_pressure_plate":3,"royalvariations:royal_bone":1,"minecraft:polished_blackstone_slab":2,"minecraft:sand":305,"minecraft:jungle_planks":15,"minecraft:stripped_spruce_log":2,"sophisticatedbackpacks:iron_backpack":1,"minecraft:ink_sac":93,"minecraft:red_terracotta":1,"minecraft:jungle_slab":2,"minecraft:dark_oak_log":352,"minecraft:mossy_cobblestone":11,"quark:jasper":9,"minecraft:spruce_boat":6,"minecraft:diamond":4,"waystones:waystone":3,"minecraft:crossbow":1,"minecraft:granite":65,"minecraft:bone_meal":1,"minecraft:golden_apple":1,"minecraft:white_concrete":1,"minecraft:bread":35,"minecraft:emerald":3,"minecraft:oak_sapling":132,"minecraft:netherrack":1203,"sophisticatedbackpacks:gold_backpack":1,"minecraft:coarse_dirt":2,"minecraft:crafting_table":26,"minecraft:azure_bluet":23,"minecraft:chicken":5,"minecraft:clay_ball":392,"minecraft:wooden_pickaxe":1,"securitycraft:furnace_mine":3,"minecraft:gold_block":1,"gravestone:obituary":21,"minecraft:shield":1,"minecraft:cornflower":7,"minecraft:moss_carpet":1,"tacz:ammo":795,"minecraft:iron_shovel":1,"minecraft:polished_blackstone_wall":4,"minecraft:blackstone":84,"cfm:jungle_table":4,"minecraft:beef":13,"minecraft:oak_boat":8,"minecraft:jungle_sapling":15,"minecraft:iron_nugget":2,"minecraft:poppy":19,"quark:yellow_blossom_sapling":4,"minecraft:sugar_cane":181,"minecraft:birch_sapling":266,"minecraft:egg":22,"minecraft:dark_oak_sapling":21,"minecraft:raw_iron":265,"minecraft:sandstone":36,"minecraft:copper_ingot":80,"sophisticatedbackpacks:backpack":5,"minecraft:spruce_fence":4,"minecraft:stone_button":4,"minecraft:carrot":58,"minecraft:redstone":107,"minecraft:iron_horse_armor":1,"minecraft:dark_oak_planks":1,"minecraft:smooth_sandstone_slab":7,"minecraft:tnt":4,"minecraft:arrow":49,"minecraft:stone_shovel":1,"minecraft:beetroot_seeds":16,"minecraft:peony":1,"minecraft:hay_block":132,"minecraft:gold_ingot":2,"minecraft:polished_blackstone":1,"minecraft:mutton":14,"minecraft:white_wool":40,"minecraft:bone_block":23,"minecraft:rail":12,"minecraft:oxeye_daisy":19,"minecraft:stripped_oak_log":1,"quark:crab_leg":14,"minecraft:lime_bed":6,"minecraft:basalt":2,"minecraft:glow_ink_sac":10,"minecraft:salmon":8,"minecraft:leather":27,"minecraft:jungle_fence":10,"minecraft:filled_map":2,"quark:smithing_template_rune":4,"minecraft:oak_log":163,"minecraft:gunpowder":34,"minecraft:white_banner":7,"quark:forgotten_hat":3,"naturalist:bass":10,"minecraft:cooked_mutton":33,"minecraft:smooth_sandstone":1,"minecraft:apple":11,"minecraft:stone_bricks":54,"minecraft:kelp":3,"minecraft:rabbit_hide":8,"minecraft:iron_ingot":14,"minecraft:stone_pickaxe":1,"minecraft:soul_sand":65,"minecraft:iron_sword":1,"sophisticatedbackpacks:diamond_backpack":1,"minecraft:oak_slab":13,"minecraft:birch_boat":1,"minecraft:stone_brick_slab":2,"minecraft:quartz":236,"minecraft:dandelion":139,"minecraft:gravel":149,"minecraft:spruce_sapling":14,"minecraft:blast_furnace":5,"minecraft:white_bed":6,"minecraft:spruce_log":68,"quark:oak_chest":9,"minecraft:green_carpet":2,"minecraft:mossy_stone_brick_slab":1,"minecraft:spider_eye":5,"minecraft:red_stained_glass":15,"minecraft:stone_axe":1,"tacz:modern_kinetic_gun":9,"minecraft:oak_button":1,"minecraft:terracotta":240,"minecraft:black_wool":2,"minecraft:stripped_dark_oak_log":1,"minecraft:coal":606,"minecraft:ender_pearl":4},"minecraft:used":{"minecraft:iron_shovel":250,"minecraft:polished_blackstone":1,"farmersdelight:cabbage_seeds":36,"minecraft:oak_sign":2,"cfm:jungle_table":4,"minecraft:shield":18,"minecraft:stone":400,"minecraft:iron_sword":214,"minecraft:bell":2,"minecraft:jungle_planks":79,"minecraft:carrot":58,"minecraft:milk_bucket":5,"minecraft:glass":55,"minecraft:spruce_boat":7,"minecraft:jungle_sapling":10,"minecraft:lava_bucket":12,"minecraft:jungle_fence_gate":3,"minecraft:birch_sapling":125,"minecraft:lantern":2,"minecraft:stone_bricks":427,"minecraft:item_frame":1,"minecraft:oak_sapling":20,"minecraft:furnace":12,"minecraft:beetroot_seeds":17,"minecraft:egg":1,"minecraft:diorite":1,"minecraft:oak_planks":94,"minecraft:stone_pickaxe":1178,"cfm:oak_park_bench":1,"minecraft:stripped_birch_log":74,"minecraft:red_stained_glass":2,"minecraft:jungle_fence":37,"minecraft:wooden_pickaxe":10,"minecraft:sand":16,"minecraft:blast_furnace":2,"minecraft:lightning_rod":1,"minecraft:black_terracotta":303,"waystones:waystone":3,"minecraft:birch_slab":56,"minecraft:bread":67,"minecraft:dark_oak_log":73,"minecraft:oak_pressure_plate":4,"minecraft:gravel":42,"quark:jasper":1,"minecraft:grindstone":4,"minecraft:cooked_rabbit":1,"minecraft:andesite":2,"minecraft:birch_log":510,"minecraft:oak_boat":3,"minecraft:bone_meal":30,"minecraft:oak_fence":11,"quark:birch_chest":8,"minecraft:stone_sword":116,"minecraft:stone_shovel":4677,"tacz:gun_smith_table":2,"minecraft:stone_hoe":65,"minecraft:cooked_chicken":1,"minecraft:netherrack":434,"minecraft:torch":539,"minecraft:dirt":3528,"quark:yellow_blossom_sapling":4,"minecraft:golden_shovel":1,"minecraft:iron_axe":1306,"quark:cooked_crab_leg":1,"minecraft:black_stained_glass":1,"minecraft:white_stained_glass_pane":169,"farmersdelight:tomato_seeds":18,"comforts:sleeping_bag_white":29,"minecraft:cooked_beef":12,"minecraft:cooked_mutton":119,"minecraft:cobbled_deepslate":9,"minecraft:cobbled_deepslate_wall":6,"minecraft:wheat_seeds":120,"minecraft:acacia_boat":2,"minecraft:water_bucket":164,"minecraft:birch_planks":388,"minecraft:lead":1,"minecraft:birch_boat":2,"minecraft:green_bed":6,"man:redcandle":1,"minecraft:lime_bed":5,"minecraft:crafting_table":37,"minecraft:oak_slab":13,"securitycraft:furnace_mine":1,"minecraft:white_bed":10,"minecraft:smoker":1,"minecraft:oak_log":1,"minecraft:flower_pot":2,"minecraft:wooden_hoe":2,"minecraft:diamond_pickaxe":319,"minecraft:iron_pickaxe":3858,"minecraft:stone_axe":1266,"minecraft:fishing_rod":13,"minecraft:cobblestone":188,"minecraft:white_banner":6,"minecraft:cooked_porkchop":1,"minecraft:jungle_door":8,"minecraft:bucket":179,"minecraft:glass_pane":5,"quark:oak_chest":25},"minecraft:killed_by":{"minecraft:zombie_villager":1,"minecraft:creeper":3,"man:managgresive":1,"minecraft:cave_spider":3,"minecraft:zombie":3,"minecraft:player":12,"minecraft:skeleton":6,"cave_dweller:cave_dweller":1}},"DataVersion":3465}