{"stats":{"minecraft:broken":{"minecraft:iron_shovel":1,"minecraft:stone_pickaxe":1,"minecraft:stone_axe":1,"minecraft:stone_shovel":11,"minecraft:iron_pickaxe":2},"minecraft:mined":{"minecraft:white_bed":6,"minecraft:mossy_stone_brick_slab":1,"minecraft:jungle_slab":2,"minecraft:granite":14,"minecraft:grass_block":1155,"minecraft:jungle_log":31,"minecraft:oak_wall_sign":1,"minecraft:oxeye_daisy":4,"minecraft:spawner":1,"minecraft:magma_block":7,"minecraft:iron_ore":70,"minecraft:fire":17,"minecraft:moss_carpet":1,"minecraft:azure_bluet":2,"minecraft:oak_sign":1,"minecraft:dirt_path":2,"minecraft:green_bed":4,"minecraft:deepslate_redstone_ore":13,"minecraft:jungle_door":1,"minecraft:clay":25,"minecraft:torch":12,"minecraft:blast_furnace":2,"minecraft:poppy":2,"minecraft:melon":4,"man:redcandle":2,"minecraft:dead_bush":6,"minecraft:cobblestone":51,"minecraft:grindstone":2,"minecraft:sugar_cane":4,"minecraft:oak_planks":11,"minecraft:wall_torch":18,"minecraft:mud":1,"minecraft:birch_log":15,"minecraft:smooth_stone_slab":1,"minecraft:grass":77,"minecraft:oak_log":69,"minecraft:sand":124,"minecraft:dirt":533,"minecraft:sandstone_wall":1,"minecraft:netherrack":93,"minecraft:oak_leaves":9,"minecraft:deepslate":5,"minecraft:deepslate_diamond_ore":1,"gravestone:gravestone":15,"minecraft:stone_button":2,"minecraft:spruce_fence":1,"minecraft:jungle_planks":12,"quark:jasper":9,"minecraft:hay_block":38,"minecraft:furnace":3,"minecraft:andesite":6,"minecraft:white_glazed_terracotta":5,"minecraft:bell":2,"minecraft:bamboo":2,"minecraft:stone":298,"minecraft:stone_brick_slab":2,"minecraft:dandelion":10,"minecraft:oak_fence":10,"minecraft:cornflower":1,"minecraft:crafting_table":8,"minecraft:tall_grass":19,"minecraft:copper_ore":15,"minecraft:lapis_ore":9,"minecraft:diorite":8,"minecraft:lime_bed":5,"minecraft:coarse_dirt":1,"minecraft:coal_ore":186,"minecraft:gravel":47,"minecraft:cobweb":21,"minecraft:polished_blackstone":1,"minecraft:gold_ore":11,"minecraft:fern":2},"minecraft:killed":{"minecraft:skeleton":5,"minecraft:chicken":3,"quark:crab":1,"minecraft:pig":3,"minecraft:zombie_villager":1,"minecraft:creeper":2,"minecraft:sheep":9,"minecraft:pillager":6,"minecraft:zombie":2,"minecraft:stray":1,"minecraft:cow":3,"minecraft:rabbit":2,"minecraft:frog":2,"minecraft:polar_bear":1},"minecraft:custom":{"minecraft:interact_with_crafting_table":67,"minecraft:bell_ring":4,"minecraft:leave_game":13,"minecraft:time_since_death":19699,"minecraft:sprint_one_cm":1078323,"minecraft:damage_blocked_by_shield":705,"minecraft:drop":169,"minecraft:play_time":425864,"minecraft:deaths":16,"minecraft:jump":4407,"minecraft:walk_on_water_one_cm":61105,"minecraft:interact_with_furnace":107,"minecraft:sleep_in_bed":41,"minecraft:waystone_activated":2,"minecraft:damage_dealt":3302,"minecraft:player_kills":3,"minecraft:crouch_one_cm":38532,"minecraft:interact_with_smoker":1,"minecraft:horse_one_cm":214705,"minecraft:mob_kills":42,"minecraft:climb_one_cm":4503,"minecraft:walk_one_cm":1375322,"minecraft:sneak_time":13227,"minecraft:walk_under_water_one_cm":28312,"minecraft:boat_one_cm":266421,"minecraft:interact_with_blast_furnace":7,"minecraft:total_world_time":425864,"minecraft:pot_flower":2,"minecraft:interact_with_grindstone":1,"minecraft:interact_with_stonecutter":1,"minecraft:time_since_rest":14695,"minecraft:damage_taken":6710,"minecraft:swim_one_cm":18837,"minecraft:fly_one_cm":849929,"minecraft:open_chest":116,"minecraft:fall_one_cm":96036},"minecraft:used":{"minecraft:iron_shovel":250,"minecraft:polished_blackstone":1,"minecraft:oak_sign":2,"minecraft:shield":14,"minecraft:stone":67,"minecraft:iron_sword":56,"minecraft:bell":2,"minecraft:jungle_planks":79,"minecraft:milk_bucket":3,"minecraft:glass":52,"minecraft:lava_bucket":3,"minecraft:furnace":6,"cfm:oak_park_bench":1,"minecraft:stone_pickaxe":131,"minecraft:oak_planks":88,"minecraft:wooden_pickaxe":10,"minecraft:sand":13,"minecraft:blast_furnace":1,"waystones:waystone":1,"minecraft:bread":21,"quark:jasper":1,"minecraft:gravel":4,"minecraft:grindstone":4,"minecraft:oak_boat":3,"minecraft:oak_fence":11,"minecraft:stone_sword":116,"minecraft:stone_shovel":1598,"minecraft:netherrack":49,"minecraft:torch":157,"minecraft:dirt":1540,"minecraft:iron_axe":83,"minecraft:cooked_beef":3,"minecraft:cooked_mutton":36,"minecraft:water_bucket":49,"minecraft:green_bed":4,"man:redcandle":1,"minecraft:crafting_table":12,"minecraft:oak_slab":12,"minecraft:lime_bed":5,"minecraft:white_bed":8,"minecraft:flower_pot":2,"minecraft:iron_pickaxe":698,"minecraft:stone_axe":137,"minecraft:cobblestone":131,"minecraft:white_banner":1,"minecraft:jungle_door":5,"minecraft:bucket":54,"quark:oak_chest":11},"minecraft:picked_up":{"minecraft:string":30,"minecraft:raw_copper":47,"minecraft:smooth_stone_slab":2,"minecraft:oak_sign":2,"minecraft:cobbled_deepslate":5,"minecraft:bucket":4,"minecraft:melon_slice":24,"minecraft:furnace":4,"minecraft:stick":48,"minecraft:polished_blackstone_brick_slab":1,"minecraft:white_glazed_terracotta":4,"minecraft:jungle_door":3,"minecraft:oak_fence":10,"minecraft:torch":37,"minecraft:green_bed":5,"minecraft:sandstone_wall":2,"minecraft:porkchop":7,"minecraft:diorite":9,"minecraft:chiseled_nether_bricks":2,"man:redcandle":3,"minecraft:stone_sword":2,"minecraft:cactus":2,"minecraft:rotten_flesh":3,"minecraft:cobblestone":396,"minecraft:birch_log":15,"minecraft:magma_block":3,"minecraft:feather":2,"minecraft:andesite":6,"minecraft:water_bucket":1,"minecraft:jungle_log":31,"minecraft:golden_leggings":1,"minecraft:flint":3,"minecraft:lapis_lazuli":52,"minecraft:dirt":1651,"minecraft:bone":9,"minecraft:bow":2,"minecraft:wheat_seeds":69,"cfm:oak_park_bench":1,"minecraft:raw_gold":11,"minecraft:bell":2,"minecraft:grindstone":8,"minecraft:rabbit":2,"minecraft:bamboo":16,"minecraft:powered_rail":4,"minecraft:oak_planks":71,"minecraft:chiseled_polished_blackstone":1,"minecraft:polished_blackstone_slab":2,"minecraft:jungle_planks":13,"minecraft:sand":121,"sophisticatedbackpacks:iron_backpack":1,"minecraft:jungle_slab":2,"quark:jasper":9,"minecraft:diamond":2,"waystones:waystone":2,"minecraft:crossbow":1,"minecraft:granite":14,"minecraft:bread":13,"minecraft:oak_sapling":33,"minecraft:netherrack":84,"minecraft:coarse_dirt":1,"minecraft:crafting_table":9,"minecraft:azure_bluet":2,"minecraft:chicken":3,"minecraft:clay_ball":96,"minecraft:wooden_pickaxe":1,"gravestone:obituary":7,"minecraft:shield":1,"minecraft:cornflower":3,"minecraft:moss_carpet":1,"minecraft:polished_blackstone_wall":4,"tacz:ammo":381,"minecraft:iron_shovel":1,"minecraft:beef":7,"minecraft:oak_boat":7,"minecraft:jungle_sapling":2,"minecraft:poppy":4,"minecraft:sugar_cane":10,"minecraft:birch_sapling":7,"minecraft:egg":8,"minecraft:raw_iron":69,"minecraft:sandstone":2,"sophisticatedbackpacks:backpack":4,"minecraft:spruce_fence":1,"minecraft:stone_button":4,"minecraft:redstone":58,"minecraft:tnt":2,"minecraft:arrow":6,"minecraft:hay_block":38,"minecraft:polished_blackstone":1,"minecraft:mutton":13,"minecraft:white_wool":10,"minecraft:rail":8,"minecraft:oxeye_daisy":5,"quark:crab_leg":5,"minecraft:lime_bed":6,"minecraft:glow_ink_sac":4,"minecraft:leather":3,"minecraft:filled_map":2,"minecraft:oak_log":66,"minecraft:gunpowder":5,"minecraft:white_banner":2,"quark:forgotten_hat":2,"minecraft:apple":6,"minecraft:stone_pickaxe":1,"minecraft:rabbit_hide":1,"minecraft:iron_ingot":5,"minecraft:stone_brick_slab":2,"minecraft:dandelion":22,"minecraft:gravel":44,"minecraft:blast_furnace":2,"minecraft:white_bed":6,"minecraft:mossy_stone_brick_slab":1,"minecraft:spider_eye":2,"minecraft:stone_axe":1,"tacz:modern_kinetic_gun":2,"minecraft:black_wool":2,"minecraft:coal":248,"minecraft:ender_pearl":2},"minecraft:dropped":{"minecraft:porkchop":7,"minecraft:ender_pearl":2,"minecraft:crafting_table":1,"minecraft:leather":2,"minecraft:rail":16,"minecraft:dirt":14,"minecraft:stone_button":4,"minecraft:cornflower":2,"gravestone:obituary":18,"minecraft:sand":2,"minecraft:polished_blackstone_slab":2,"minecraft:birch_log":15,"minecraft:white_wool":1,"minecraft:bone":4,"minecraft:gravel":2,"minecraft:polished_blackstone_wall":4,"minecraft:chiseled_polished_blackstone":1,"minecraft:cobbled_deepslate":5,"minecraft:birch_sapling":7,"quark:crab_leg":2,"minecraft:oak_planks":29,"minecraft:mossy_stone_brick_slab":1,"minecraft:sandstone_wall":2,"minecraft:rabbit_hide":1,"minecraft:lime_bed":1,"man:redcandle":2,"quark:forgotten_hat":3,"minecraft:powered_rail":8,"minecraft:white_glazed_terracotta":4,"minecraft:netherrack":32,"minecraft:egg":2,"minecraft:water_bucket":2,"minecraft:iron_ingot":26,"minecraft:bread":41,"minecraft:chiseled_nether_bricks":2,"minecraft:wheat_seeds":20,"minecraft:tnt":6,"minecraft:oak_fence":8,"minecraft:feather":2,"minecraft:cobblestone":35,"minecraft:diorite":6,"minecraft:torch":1,"minecraft:rabbit":2,"minecraft:melon_slice":24,"tacz:modern_kinetic_gun":1,"minecraft:polished_blackstone_brick_slab":1,"quark:jasper":8,"minecraft:cactus":2,"minecraft:iron_shovel":2,"minecraft:bucket":3,"minecraft:stone_brick_slab":2,"minecraft:redstone":8,"minecraft:furnace":2,"minecraft:moss_carpet":1,"minecraft:coarse_dirt":1,"minecraft:stone_sword":2,"minecraft:smooth_stone_slab":2,"minecraft:green_bed":1,"minecraft:chicken":2,"sophisticatedbackpacks:backpack":2,"minecraft:filled_map":2,"minecraft:hay_block":2,"minecraft:shield":1,"minecraft:andesite":2,"minecraft:golden_leggings":2,"minecraft:oak_boat":4,"minecraft:oak_sapling":38,"minecraft:spider_eye":2,"tacz:ammo":169,"minecraft:sandstone":2,"minecraft:bow":1,"minecraft:wooden_pickaxe":1,"minecraft:magma_block":3,"minecraft:black_wool":4},"minecraft:killed_by":{"minecraft:zombie_villager":1,"minecraft:creeper":1,"man:managgresive":1,"minecraft:cave_spider":3,"minecraft:player":6,"minecraft:skeleton":3,"cave_dweller:cave_dweller":1},"minecraft:crafted":{"minecraft:brick":6,"minecraft:oak_planks":242,"minecraft:stone":78,"minecraft:cooked_mutton":10,"minecraft:glass":52,"minecraft:iron_boots":1,"minecraft:oak_fence":12,"minecraft:flower_pot":2,"minecraft:oak_slab":12,"minecraft:crafting_table":7,"minecraft:iron_helmet":1,"minecraft:iron_chestplate":1,"minecraft:stick":36,"quark:oak_chest":11,"minecraft:iron_pickaxe":3,"minecraft:iron_ingot":76,"minecraft:coal":9,"minecraft:stone_shovel":14,"minecraft:furnace":4,"minecraft:iron_axe":1,"minecraft:wheat":216,"minecraft:cooked_beef":3,"minecraft:coal_block":9,"minecraft:iron_sword":1,"minecraft:bucket":2,"minecraft:bread":72,"minecraft:air":0,"minecraft:jungle_planks":124,"minecraft:oak_boat":2,"minecraft:jungle_door":3,"minecraft:iron_shovel":1,"minecraft:iron_leggings":1,"minecraft:white_bed":2,"minecraft:torch":150}},"DataVersion":3465}