{"stats":{"minecraft:dropped":{"minecraft:bread":40,"minecraft:stone_sword":1,"minecraft:ender_pearl":1,"minecraft:oak_fence":8,"minecraft:rail":8,"minecraft:lime_bed":1,"minecraft:diorite":4,"tacz:modern_kinetic_gun":1,"tacz:ammo":160,"gravestone:obituary":8,"minecraft:spider_eye":2,"minecraft:sand":1,"minecraft:powered_rail":4,"minecraft:cactus":2},"minecraft:killed_by":{"minecraft:player":4,"minecraft:cave_spider":1,"cave_dweller:cave_dweller":1},"minecraft:mined":{"minecraft:oak_fence":8,"minecraft:torch":4,"gravestone:gravestone":5,"minecraft:dead_bush":5,"minecraft:copper_ore":11,"minecraft:cobblestone":15,"minecraft:lapis_ore":5,"minecraft:diorite":5,"quark:jasper":9,"minecraft:wall_torch":2,"minecraft:spawner":1,"minecraft:hay_block":26,"minecraft:iron_ore":19,"minecraft:oak_log":7,"minecraft:coal_ore":20,"minecraft:sand":15,"minecraft:cobweb":21,"minecraft:stone":76,"minecraft:green_bed":4},"minecraft:used":{"minecraft:cooked_mutton":2,"minecraft:stone_sword":43,"minecraft:stone_pickaxe":131,"minecraft:wooden_pickaxe":10,"minecraft:green_bed":4,"minecraft:torch":10,"minecraft:sand":13,"minecraft:crafting_table":1,"minecraft:bread":10,"minecraft:iron_pickaxe":26,"quark:jasper":1,"minecraft:stone_axe":15,"minecraft:cobblestone":54,"minecraft:furnace":1},"minecraft:custom":{"minecraft:interact_with_furnace":9,"minecraft:mob_kills":4,"minecraft:interact_with_crafting_table":11,"minecraft:leave_game":3,"minecraft:time_since_death":246,"minecraft:sleep_in_bed":5,"minecraft:time_since_rest":325,"minecraft:sprint_one_cm":105694,"minecraft:damage_taken":2175,"minecraft:walk_one_cm":194758,"minecraft:drop":25,"minecraft:damage_dealt":434,"minecraft:fly_one_cm":87269,"minecraft:player_kills":3,"minecraft:crouch_one_cm":11324,"minecraft:play_time":59336,"minecraft:deaths":6,"minecraft:sneak_time":3059,"minecraft:jump":564,"minecraft:total_world_time":59336,"minecraft:fall_one_cm":15498},"minecraft:killed":{"minecraft:zombie_villager":1,"minecraft:rabbit":2,"minecraft:skeleton":1},"minecraft:picked_up":{"minecraft:lime_bed":1,"minecraft:wooden_pickaxe":1,"minecraft:oak_log":7,"gravestone:obituary":3,"minecraft:lapis_lazuli":28,"minecraft:string":25,"minecraft:raw_copper":36,"tacz:ammo":276,"minecraft:bone":2,"minecraft:rabbit_hide":1,"minecraft:stone_pickaxe":1,"minecraft:rabbit":2,"minecraft:powered_rail":4,"minecraft:stick":5,"minecraft:raw_iron":18,"minecraft:oak_fence":8,"minecraft:torch":6,"minecraft:green_bed":4,"sophisticatedbackpacks:backpack":1,"minecraft:sand":14,"minecraft:diorite":6,"minecraft:spider_eye":2,"quark:jasper":9,"minecraft:arrow":1,"minecraft:stone_sword":2,"minecraft:cactus":2,"minecraft:stone_axe":1,"tacz:modern_kinetic_gun":2,"minecraft:hay_block":24,"minecraft:coal":20,"minecraft:rail":8,"minecraft:cobblestone":76,"minecraft:ender_pearl":2},"minecraft:crafted":{"minecraft:oak_planks":12,"minecraft:crafting_table":1,"minecraft:furnace":1,"minecraft:bread":72,"minecraft:air":0,"minecraft:stick":16,"minecraft:iron_pickaxe":1,"minecraft:iron_ingot":12,"minecraft:torch":20,"minecraft:wheat":216},"minecraft:broken":{"minecraft:stone_pickaxe":1}},"DataVersion":3465}