{"stats":{"minecraft:mined":{"minecraft:birch_log":44,"minecraft:oak_log":245},"minecraft:custom":{"minecraft:time_since_rest":86438,"minecraft:waystone_activated":5,"minecraft:sprint_one_cm":75301,"minecraft:walk_one_cm":257338,"minecraft:drop":6,"minecraft:damage_dealt":50,"minecraft:fly_one_cm":375209,"minecraft:open_chest":5,"minecraft:crouch_one_cm":981,"minecraft:play_time":86438,"minecraft:sneak_time":834,"minecraft:jump":530,"minecraft:leave_game":1,"minecraft:walk_on_water_one_cm":312,"minecraft:time_since_death":86438,"minecraft:total_world_time":86438},"minecraft:used":{"minecraft:redstone_torch":8,"waystones:waystone":1,"minecraft:black_concrete":274,"minecraft:birch_planks":396,"minecraft:black_stained_glass_pane":1,"minecraft:stripped_birch_log":88,"minecraft:grass_block":57,"minecraft:quartz_block":35,"minecraft:polished_blackstone_brick_wall":10,"securitycraft:reinforced_deepslate_tile_wall":60,"minecraft:white_terracotta":19,"minecraft:smooth_quartz":79,"minecraft:stone_bricks":403,"minecraft:dirt":143,"minecraft:stripped_dark_oak_log":99,"minecraft:tnt":5,"minecraft:white_stained_glass_pane":226,"quark:oak_chest":4,"minecraft:white_concrete":261,"securitycraft:reinforced_nether_brick_wall":1},"minecraft:picked_up":{"minecraft:birch_log":13,"minecraft:stick":57,"minecraft:lilac":6,"minecraft:oak_log":143,"minecraft:moss_carpet":3,"minecraft:apple":8,"minecraft:wheat_seeds":3,"minecraft:redstone_torch":2,"minecraft:oak_sapling":62,"minecraft:birch_sapling":4},"minecraft:dropped":{"minecraft:stone":1,"minecraft:wheat_seeds":1,"minecraft:redstone_torch":3,"tacz:modern_kinetic_gun":1}},"DataVersion":3465}