{"stats":{"minecraft:killed_by":{"minecraft:zombie_villager":1,"minecraft:zombie":3,"cave_dweller:cave_dweller":1,"naturalist:rattlesnake":1,"minecraft:creeper":3,"man:managgresive":2,"minecraft:cave_spider":3,"minecraft:player":13,"minecraft:skeleton":6},"minecraft:mined":{"minecraft:dark_oak_planks":5,"minecraft:white_bed":9,"quark:azalea_log":6,"minecraft:fire_coral_wall_fan":8,"minecraft:black_terracotta":101,"minecraft:obsidian":19,"minecraft:granite":63,"minecraft:red_sand":15,"minecraft:acacia_log":9,"minecraft:stone_brick_wall":8,"minecraft:jungle_log":76,"minecraft:horn_coral_fan":2,"minecraft:oak_pressure_plate":4,"tacz:gun_smith_table":1,"minecraft:oak_wall_sign":1,"minecraft:oxeye_daisy":5,"minecraft:spawner":3,"minecraft:tall_seagrass":13,"minecraft:magma_block":14,"minecraft:cobbled_deepslate":10,"minecraft:fire":94,"minecraft:moss_carpet":1,"minecraft:deepslate_lapis_ore":4,"minecraft:oak_sign":9,"minecraft:dirt_path":126,"minecraft:green_carpet":2,"minecraft:white_banner":8,"minecraft:sandstone_slab":5,"minecraft:cut_sandstone":12,"minecraft:smoker":2,"minecraft:soul_fire":20,"minecraft:torch":94,"minecraft:blast_furnace":3,"minecraft:melon":4,"minecraft:white_stained_glass_pane":5,"minecraft:dead_bush":13,"quark:blossom_log":59,"minecraft:glass":45,"minecraft:tube_coral_fan":4,"minecraft:sugar_cane":86,"minecraft:smooth_sandstone_slab":7,"minecraft:birch_sapling":2,"minecraft:white_terracotta":12,"minecraft:mud":1,"minecraft:wheat":29,"minecraft:lilac":28,"minecraft:potted_poppy":1,"minecraft:grass":290,"minecraft:sandstone_wall":2,"minecraft:zombie_wall_head":1,"minecraft:deepslate":259,"minecraft:mossy_cobblestone":13,"minecraft:dark_oak_log":432,"minecraft:stripped_birch_log":113,"minecraft:sea_lantern":1,"minecraft:nether_bricks":1,"minecraft:dark_oak_fence":4,"minecraft:spruce_fence":1,"minecraft:jungle_planks":78,"minecraft:horn_coral_wall_fan":11,"minecraft:horn_coral":1,"minecraft:black_stained_glass_pane":3,"minecraft:jungle_sapling":1,"minecraft:snow":12,"minecraft:andesite":55,"minecraft:white_glazed_terracotta":5,"minecraft:rail":7,"minecraft:brain_coral_wall_fan":8,"minecraft:bamboo":3,"minecraft:bone_block":1,"minecraft:brain_coral":1,"minecraft:smithing_table":2,"minecraft:birch_stairs":10,"minecraft:oak_slab":9,"minecraft:glass_pane":5,"minecraft:soul_sand":90,"quark:oak_chest":8,"minecraft:stone_brick_slab":2,"minecraft:dandelion":18,"minecraft:fire_coral":4,"minecraft:smooth_sandstone":8,"minecraft:cobbled_deepslate_wall":18,"minecraft:cornflower":2,"minecraft:brain_coral_fan":2,"minecraft:potted_oxeye_daisy":1,"minecraft:tall_grass":21,"minecraft:copper_ore":47,"minecraft:deepslate_gold_ore":23,"farmersdelight:wild_tomatoes":3,"minecraft:diorite":65,"cfm:jungle_table":4,"minecraft:black_stained_glass":1,"minecraft:red_terracotta":1,"minecraft:coarse_dirt":2,"minecraft:spruce_log":101,"minecraft:birch_leaves":1,"minecraft:jungle_fence":2,"minecraft:zombie_head":1,"minecraft:gravel":138,"minecraft:cobweb":40,"minecraft:brown_terracotta":3,"minecraft:polished_blackstone":1,"minecraft:stone_bricks":61,"minecraft:gold_ore":21,"minecraft:fern":2,"minecraft:oak_sapling":6,"minecraft:farmland":9,"minecraft:mossy_stone_brick_slab":1,"minecraft:jungle_slab":2,"minecraft:grass_block":2548,"quark:potted_sea_pickle":1,"minecraft:bubble_coral_fan":3,"minecraft:soul_soil":71,"minecraft:glowstone":51,"minecraft:iron_ore":174,"minecraft:azure_bluet":4,"minecraft:flowering_azalea_leaves":7,"minecraft:iron_bars":3,"minecraft:azalea_leaves":18,"quark:blossom_planks_slab":1,"minecraft:green_bed":5,"minecraft:deepslate_redstone_ore":25,"minecraft:jungle_door":8,"minecraft:quartz_block":7,"minecraft:blackstone":86,"minecraft:orange_terracotta":191,"minecraft:clay":99,"minecraft:poppy":3,"man:redcandle":2,"minecraft:mushroom_stem":1,"minecraft:nether_quartz_ore":281,"minecraft:cobblestone":108,"minecraft:grindstone":4,"minecraft:oak_planks":89,"minecraft:wall_torch":75,"minecraft:seagrass":5,"minecraft:birch_log":911,"minecraft:smooth_stone_slab":5,"minecraft:oak_log":166,"minecraft:lime_terracotta":1,"minecraft:sand":209,"minecraft:dirt":1649,"minecraft:netherrack":1438,"minecraft:oak_leaves":23,"minecraft:nether_gold_ore":60,"minecraft:tube_coral":5,"minecraft:diamond_ore":1,"minecraft:tuff":3,"minecraft:deepslate_diamond_ore":2,"minecraft:blackstone_wall":2,"minecraft:red_stained_glass":2,"gravestone:gravestone":40,"minecraft:tube_coral_wall_fan":19,"minecraft:stone_button":2,"minecraft:birch_slab":16,"minecraft:spruce_leaves":6,"minecraft:sandstone":4,"quark:jasper":9,"minecraft:hay_block":136,"minecraft:furnace":11,"minecraft:stripped_spruce_log":2,"minecraft:peony":1,"minecraft:gold_block":1,"minecraft:bell":2,"minecraft:deepslate_iron_ore":85,"minecraft:lantern":11,"minecraft:stripped_oak_log":1,"minecraft:stone":2014,"minecraft:stripped_dark_oak_log":13,"minecraft:basalt":2,"minecraft:oak_fence":18,"minecraft:crafting_table":22,"minecraft:stone_slab":1,"minecraft:lapis_ore":20,"minecraft:birch_planks":3,"minecraft:lime_bed":7,"minecraft:bubble_coral":2,"minecraft:sea_pickle":1,"minecraft:white_wall_banner":3,"minecraft:coal_ore":443,"minecraft:bubble_coral_wall_fan":15,"minecraft:terracotta":367,"paraglider:goddess_statue":4},"minecraft:killed":{"naturalist:rattlesnake":1,"minecraft:cave_spider":5,"enemyexpansion:equestrian":1,"royalvariations:royal_skeleton":7,"minecraft:skeleton":32,"minecraft:chicken":3,"minecraft:salmon":2,"minecraft:pillager":15,"minecraft:zombie":33,"minecraft:cow":5,"enemyexpansion:scorpion":1,"minecraft:husk":1,"minecraft:rabbit":4,"enemyexpansion:sprinter":1,"minecraft:wandering_trader":2,"minecraft:frog":2,"minecraft:polar_bear":1,"royalvariations:royal_zombie":3,"quark:wraith":1,"minecraft:enderman":2,"minecraft:witch":1,"minecraft:spider":6,"quark:crab":1,"minecraft:turtle":2,"minecraft:pig":4,"minecraft:zombie_villager":1,"minecraft:creeper":28,"minecraft:sheep":10,"minecraft:trader_llama":4,"minecraft:stray":7,"cave_dweller:cave_dweller":1,"royalvariations:royal_creeper":1,"naturalist:bass":10,"minecraft:drowned":4,"quark:foxhound":4,"minecraft:squid":40},"minecraft:dropped":{"minecraft:porkchop":7,"minecraft:lapis_lazuli":22,"minecraft:diamond":1,"minecraft:crafting_table":2,"minecraft:rail":16,"minecraft:dirt":464,"minecraft:dark_oak_fence":4,"minecraft:stone_button":4,"minecraft:gold_nugget":11,"minecraft:sand":4,"minecraft:iron_pickaxe":4,"minecraft:polished_blackstone_slab":2,"minecraft:dark_oak_planks":1,"minecraft:fishing_rod":3,"minecraft:white_wool":1,"minecraft:bone":11,"minecraft:polished_blackstone_wall":4,"minecraft:sugar_cane":136,"minecraft:iron_nugget":1,"minecraft:cobbled_deepslate":12,"minecraft:birch_sapling":7,"minecraft:obsidian":50,"minecraft:rotten_flesh":10,"minecraft:oak_planks":33,"minecraft:azure_bluet":4,"minecraft:lime_bed":1,"minecraft:white_glazed_terracotta":4,"minecraft:egg":2,"minecraft:iron_ingot":26,"minecraft:chiseled_nether_bricks":2,"minecraft:wheat_seeds":23,"minecraft:tnt":6,"minecraft:oak_fence":9,"minecraft:feather":2,"minecraft:cobblestone":253,"minecraft:book":8,"minecraft:granite":3,"minecraft:wooden_hoe":1,"minecraft:rabbit":2,"minecraft:smooth_sandstone_slab":7,"quark:jasper":8,"minecraft:iron_shovel":2,"minecraft:paper":66,"minecraft:string":30,"minecraft:stone_brick_slab":2,"minecraft:snow_block":1,"minecraft:furnace":4,"minecraft:moss_carpet":1,"minecraft:stone_sword":2,"minecraft:smooth_stone_slab":2,"minecraft:green_bed":3,"minecraft:stone_shovel":2,"minecraft:chicken":2,"sophisticatedbackpacks:backpack":2,"minecraft:oak_sign":3,"minecraft:spruce_fence":1,"minecraft:blast_furnace":1,"minecraft:hay_block":2,"minecraft:diamond_pickaxe":3,"minecraft:spider_eye":2,"minecraft:bamboo":16,"tacz:ammo":180,"minecraft:sandstone":19,"minecraft:red_sand":7,"minecraft:bow":6,"minecraft:magma_block":5,"minecraft:black_wool":4,"minecraft:birch_planks":12,"minecraft:ender_pearl":2,"minecraft:leather":3,"minecraft:cornflower":3,"minecraft:seagrass":1,"minecraft:snowball":1,"securitycraft:furnace_mine":1,"gravestone:obituary":57,"minecraft:birch_log":28,"minecraft:gold_ingot":6,"minecraft:gravel":13,"minecraft:chiseled_polished_blackstone":1,"quark:crab_leg":5,"minecraft:mossy_stone_brick_slab":1,"minecraft:cooked_mutton":34,"minecraft:sandstone_wall":2,"minecraft:poppy":1,"minecraft:rabbit_hide":1,"man:redcandle":2,"minecraft:beetroot_seeds":1,"quark:forgotten_hat":3,"comforts:sleeping_bag_white":1,"minecraft:powered_rail":8,"minecraft:arrow":5,"minecraft:netherrack":42,"minecraft:water_bucket":2,"minecraft:stone_hoe":1,"minecraft:bread":41,"minecraft:stick":5,"minecraft:deepslate_brick_stairs":5,"minecraft:diorite":13,"minecraft:torch":3,"minecraft:melon_slice":24,"minecraft:white_concrete":1,"minecraft:green_carpet":2,"tacz:modern_kinetic_gun":6,"minecraft:polished_blackstone_brick_slab":1,"minecraft:cactus":17,"minecraft:bucket":3,"minecraft:dandelion":26,"minecraft:redstone":8,"minecraft:coarse_dirt":1,"minecraft:raw_copper":2,"minecraft:tuff":2,"minecraft:deepslate_bricks":128,"minecraft:filled_map":3,"minecraft:shield":1,"minecraft:orange_terracotta":3,"minecraft:andesite":2,"minecraft:oak_sapling":38,"minecraft:golden_leggings":2,"minecraft:oak_boat":4,"minecraft:stone_pickaxe":4,"minecraft:wooden_pickaxe":1},"minecraft:used":{"minecraft:polished_blackstone":1,"farmersdelight:cabbage_seeds":36,"cfm:jungle_table":4,"minecraft:stone":400,"minecraft:soul_sand":1,"minecraft:spruce_boat":7,"minecraft:jungle_sapling":10,"minecraft:lava_bucket":12,"minecraft:jungle_fence_gate":3,"minecraft:black_stained_glass_pane":51,"minecraft:birch_sapling":144,"minecraft:quartz_block":66,"minecraft:oak_sapling":20,"minecraft:furnace":12,"minecraft:egg":2,"minecraft:diorite":1,"cfm:oak_park_bench":1,"minecraft:stripped_birch_log":74,"minecraft:red_stained_glass":2,"minecraft:wooden_pickaxe":10,"minecraft:sand":16,"minecraft:blast_furnace":2,"minecraft:lightning_rod":1,"minecraft:birch_slab":247,"minecraft:zombie_head":3,"quark:jasper":1,"minecraft:oak_pressure_plate":4,"minecraft:smithing_table":2,"minecraft:birch_log":628,"minecraft:oak_boat":3,"waystones:sandy_waystone":2,"minecraft:stone_sword":116,"minecraft:netherrack":631,"minecraft:torch":585,"quark:yellow_blossom_sapling":4,"minecraft:nether_quartz_ore":46,"minecraft:golden_shovel":1,"quark:blossom_planks_slab":1,"minecraft:iron_axe":1351,"minecraft:bamboo":17,"quark:cooked_crab_leg":1,"comforts:sleeping_bag_white":56,"farmersdelight:tomato_seeds":18,"minecraft:cobbled_deepslate":9,"minecraft:wheat_seeds":120,"minecraft:water_bucket":183,"minecraft:birch_planks":393,"minecraft:lead":1,"minecraft:oak_slab":13,"minecraft:crafting_table":38,"minecraft:white_bed":14,"minecraft:fire_coral":1,"minecraft:oak_log":1,"minecraft:diamond_pickaxe":568,"minecraft:iron_pickaxe":4404,"minecraft:cobblestone":208,"minecraft:cooked_porkchop":1,"minecraft:glass_pane":5,"quark:oak_chest":25,"minecraft:iron_shovel":250,"minecraft:oak_sign":2,"minecraft:shield":18,"minecraft:iron_sword":278,"minecraft:bubble_coral":2,"minecraft:bell":2,"paraglider:goddess_statue":4,"minecraft:jungle_planks":79,"minecraft:nether_bricks":1,"minecraft:carrot":64,"minecraft:milk_bucket":6,"minecraft:glass":55,"farmersdelight:tomato":1,"minecraft:coal_ore":29,"minecraft:lantern":8,"minecraft:stone_bricks":499,"minecraft:item_frame":3,"minecraft:horn_coral":1,"minecraft:beetroot_seeds":17,"minecraft:fire_coral_fan":1,"minecraft:tube_coral_fan":12,"minecraft:stone_pickaxe":1498,"minecraft:jungle_fence":37,"minecraft:oak_planks":94,"minecraft:white_wool":9,"minecraft:brain_coral":1,"minecraft:blackstone_wall":62,"minecraft:stone_brick_wall":37,"minecraft:black_terracotta":538,"waystones:waystone":3,"minecraft:dark_oak_log":350,"minecraft:bread":67,"minecraft:gravel":42,"minecraft:grindstone":4,"minecraft:cooked_rabbit":1,"minecraft:andesite":2,"minecraft:tropical_fish_bucket":1,"minecraft:bone_meal":30,"minecraft:oak_fence":11,"quark:birch_chest":11,"minecraft:flint_and_steel":3,"minecraft:stone_shovel":4822,"tacz:gun_smith_table":2,"minecraft:stone_hoe":66,"minecraft:cooked_chicken":1,"minecraft:dirt":3547,"minecraft:wooden_axe":53,"minecraft:black_stained_glass":1,"minecraft:soul_soil":19,"minecraft:white_stained_glass_pane":251,"minecraft:cooked_beef":13,"minecraft:cobbled_deepslate_wall":12,"minecraft:cooked_mutton":163,"minecraft:acacia_boat":2,"minecraft:birch_boat":3,"minecraft:green_bed":6,"man:redcandle":1,"minecraft:stripped_dark_oak_log":8,"minecraft:terracotta":10,"minecraft:lime_bed":7,"securitycraft:furnace_mine":1,"minecraft:smoker":1,"minecraft:nether_gold_ore":36,"minecraft:wooden_hoe":2,"minecraft:flower_pot":4,"minecraft:map":1,"minecraft:stone_axe":1970,"minecraft:fishing_rod":52,"minecraft:white_banner":14,"minecraft:jungle_door":14,"minecraft:bucket":199,"minecraft:birch_stairs":12},"minecraft:broken":{"minecraft:golden_boots":1,"minecraft:iron_chestplate":1,"minecraft:iron_leggings":1,"minecraft:iron_axe":5,"minecraft:iron_pickaxe":15,"minecraft:iron_helmet":1,"minecraft:iron_shovel":1,"minecraft:stone_pickaxe":11,"minecraft:stone_axe":14,"minecraft:stone_shovel":34},"minecraft:picked_up":{"minecraft:seagrass":1,"minecraft:chainmail_boots":1,"minecraft:flower_pot":3,"minecraft:diamond_sword":1,"minecraft:smithing_table":2,"minecraft:lead":9,"royalvariations:royal_gunpowder":1,"minecraft:enchanted_book":2,"minecraft:infested_stone":23,"quark:azalea_log":6,"paraglider:goddess_statue":4,"minecraft:string":135,"minecraft:soul_soil":62,"minecraft:pufferfish":3,"minecraft:beetroot":19,"minecraft:gold_nugget":127,"minecraft:cobbled_deepslate":282,"minecraft:bubble_coral":2,"minecraft:coal_block":12,"minecraft:melon_slice":24,"minecraft:white_glazed_terracotta":4,"minecraft:polished_blackstone_brick_slab":1,"minecraft:green_bed":9,"minecraft:acacia_log":9,"minecraft:sandstone_wall":3,"quark:blossom_log":58,"minecraft:chiseled_nether_bricks":2,"minecraft:stone_sword":2,"minecraft:horn_coral_fan":12,"quark:clear_shard":131,"minecraft:tropical_fish":1,"minecraft:blackstone_wall":2,"farmersdelight:onion":9,"minecraft:white_terracotta":11,"minecraft:iron_bars":3,"minecraft:snowball":48,"minecraft:birch_log":949,"minecraft:magma_block":8,"minecraft:dune_armor_trim_smithing_template":2,"minecraft:feather":2,"minecraft:cooked_beef":4,"minecraft:birch_slab":8,"minecraft:water_bucket":2,"minecraft:jungle_log":76,"minecraft:copper_block":3,"minecraft:smoker":2,"minecraft:flint":13,"minecraft:lantern":11,"farmersdelight:tomato":39,"cfm:oak_park_bench":1,"quark:soul_bead":2,"minecraft:rabbit":11,"minecraft:glowstone_dust":139,"tacz:gun_smith_table":1,"minecraft:chiseled_polished_blackstone":1,"royalvariations:royal_bone":3,"minecraft:stripped_spruce_log":2,"sophisticatedbackpacks:iron_backpack":1,"minecraft:ink_sac":93,"minecraft:dark_oak_log":412,"minecraft:red_terracotta":1,"quark:jasper":9,"minecraft:granite":68,"minecraft:bread":35,"minecraft:dark_oak_fence":4,"minecraft:diamond_pickaxe":3,"sophisticatedbackpacks:gold_backpack":1,"minecraft:crafting_table":26,"minecraft:coarse_dirt":2,"minecraft:bubble_coral_fan":17,"minecraft:sandstone_slab":1,"minecraft:clay_ball":392,"gravestone:obituary":21,"minecraft:fire_coral":4,"minecraft:cornflower":7,"tacz:ammo":1018,"minecraft:iron_shovel":1,"minecraft:polished_blackstone_wall":4,"cfm:jungle_table":4,"minecraft:beef":13,"minecraft:jungle_sapling":15,"minecraft:iron_nugget":2,"minecraft:poppy":19,"quark:yellow_blossom_sapling":4,"minecraft:birch_sapling":325,"minecraft:egg":23,"minecraft:sandstone":37,"minecraft:stone":1,"sophisticatedbackpacks:backpack":5,"minecraft:spruce_fence":4,"farmersdelight:tomato_seeds":3,"minecraft:carrot":64,"minecraft:redstone":107,"minecraft:tnt":4,"minecraft:stone_shovel":1,"minecraft:beetroot_seeds":24,"minecraft:peony":1,"royalvariations:royal_knight_helmet_helmet":1,"minecraft:tube_coral_fan":20,"minecraft:hay_block":132,"minecraft:gold_ingot":3,"minecraft:polished_blackstone":1,"minecraft:mutton":16,"minecraft:lime_bed":8,"minecraft:white_wool":41,"minecraft:bone_block":23,"minecraft:rail":16,"minecraft:oxeye_daisy":19,"minecraft:stripped_oak_log":1,"quark:crab_leg":14,"minecraft:jungle_fence":10,"minecraft:filled_map":3,"securitycraft:sc_manual":1,"waystones:sandy_waystone":2,"minecraft:oak_log":163,"minecraft:golden_boots":1,"minecraft:white_banner":16,"minecraft:apple":11,"minecraft:stone_bricks":60,"minecraft:kelp":3,"minecraft:stone_pickaxe":1,"minecraft:iron_ore":3,"minecraft:iron_sword":2,"minecraft:gravel":149,"minecraft:birch_stairs":10,"minecraft:spruce_sapling":14,"minecraft:spruce_log":68,"minecraft:sea_lantern":1,"minecraft:red_stained_glass":15,"minecraft:coal_ore":29,"minecraft:stone_axe":1,"tacz:modern_kinetic_gun":14,"minecraft:oak_button":1,"minecraft:stripped_dark_oak_log":13,"minecraft:ender_pearl":4,"minecraft:music_disc_strad":1,"minecraft:wheat":271,"minecraft:raw_copper":262,"minecraft:smooth_stone_slab":10,"minecraft:zombie_head":4,"minecraft:oak_sign":15,"minecraft:sea_pickle":5,"minecraft:red_sand":13,"minecraft:bucket":7,"farmersdelight:cabbage":30,"comforts:sleeping_bag_white":56,"minecraft:azalea":4,"quark:black_shard":2,"minecraft:iron_pickaxe":3,"farmersdelight:cabbage_seeds":55,"minecraft:furnace":16,"minecraft:tipped_arrow":2,"minecraft:stick":328,"minecraft:jungle_door":13,"minecraft:brown_terracotta":2,"minecraft:oak_fence":21,"minecraft:torch":252,"minecraft:porkchop":10,"minecraft:snow_block":2,"tacz:attachment":5,"minecraft:diorite":78,"minecraft:quartz_block":7,"minecraft:cactus":2,"minecraft:nether_gold_ore":36,"man:redcandle":3,"minecraft:rotten_flesh":80,"minecraft:fire_coral_fan":8,"minecraft:obsidian":48,"minecraft:cod":8,"minecraft:cobblestone":2249,"paraglider:paraglider":1,"minecraft:lilac":28,"minecraft:andesite":57,"minecraft:golden_leggings":1,"minecraft:potato":2,"paraglider:spirit_orb":2,"minecraft:tuff":3,"minecraft:horn_coral":1,"minecraft:acacia_boat":2,"minecraft:dirt":4822,"minecraft:lapis_lazuli":183,"minecraft:stripped_birch_log":97,"minecraft:name_tag":2,"minecraft:bone":58,"minecraft:bow":7,"minecraft:wheat_seeds":706,"minecraft:cobbled_deepslate_wall":18,"minecraft:raw_gold":55,"minecraft:bell":3,"minecraft:grindstone":14,"minecraft:bamboo":65,"minecraft:powered_rail":4,"minecraft:oak_planks":157,"minecraft:brain_coral":1,"minecraft:black_terracotta":99,"minecraft:oak_pressure_plate":6,"minecraft:polished_blackstone_slab":2,"minecraft:black_stained_glass_pane":2,"minecraft:sand":323,"minecraft:jungle_planks":78,"minecraft:jungle_slab":2,"minecraft:spectral_arrow":6,"minecraft:mossy_cobblestone":11,"quark:red_shard":7,"minecraft:diamond":4,"minecraft:spruce_boat":6,"waystones:waystone":3,"minecraft:crossbow":1,"minecraft:bone_meal":1,"minecraft:golden_apple":1,"minecraft:white_concrete":1,"minecraft:emerald":3,"minecraft:oak_sapling":132,"minecraft:netherrack":1402,"minecraft:fishing_rod":3,"minecraft:azure_bluet":23,"minecraft:chicken":5,"minecraft:wooden_pickaxe":1,"securitycraft:furnace_mine":3,"minecraft:stone_brick_wall":8,"minecraft:gold_block":1,"minecraft:shield":1,"minecraft:moss_carpet":1,"minecraft:item_frame":2,"minecraft:blackstone":84,"minecraft:oak_boat":8,"minecraft:sugar_cane":266,"minecraft:dark_oak_sapling":21,"minecraft:raw_iron":265,"minecraft:copper_ingot":90,"quark:blossom_planks_slab":1,"minecraft:stone_button":4,"minecraft:iron_horse_armor":1,"minecraft:dark_oak_planks":5,"minecraft:smooth_sandstone_slab":7,"minecraft:tube_coral":4,"minecraft:arrow":60,"minecraft:nether_bricks":1,"minecraft:basalt":2,"minecraft:glow_ink_sac":10,"minecraft:salmon":9,"minecraft:cut_sandstone":3,"minecraft:leather":31,"minecraft:birch_planks":7,"quark:smithing_template_rune":4,"minecraft:gunpowder":44,"quark:forgotten_hat":3,"minecraft:orange_terracotta":182,"minecraft:cooked_mutton":33,"naturalist:bass":10,"minecraft:smooth_sandstone":1,"minecraft:rabbit_hide":8,"minecraft:iron_ingot":14,"minecraft:soul_sand":66,"sophisticatedbackpacks:diamond_backpack":1,"minecraft:book":1,"minecraft:oak_slab":13,"minecraft:nether_quartz_ore":46,"minecraft:birch_boat":1,"minecraft:stone_brick_slab":2,"minecraft:quartz":238,"minecraft:dandelion":139,"minecraft:brain_coral_fan":9,"minecraft:blast_furnace":6,"minecraft:white_bed":9,"quark:oak_chest":9,"minecraft:green_carpet":2,"minecraft:mossy_stone_brick_slab":1,"minecraft:spider_eye":6,"minecraft:terracotta":367,"minecraft:black_wool":2,"minecraft:coal":722},"minecraft:custom":{"minecraft:interact_with_crafting_table":315,"minecraft:bell_ring":6,"minecraft:leave_game":61,"minecraft:time_since_death":295950,"minecraft:damage_blocked_by_shield":855,"minecraft:play_time":2205697,"minecraft:deaths":43,"minecraft:jump":18796,"minecraft:enchant_item":7,"minecraft:interact_with_furnace":337,"minecraft:sleep_in_bed":171,"minecraft:waystone_activated":24,"minecraft:damage_dealt":7944,"minecraft:interact_with_smoker":28,"minecraft:horse_one_cm":381520,"minecraft:interact_with_smithing_table":10,"minecraft:interact_with_anvil":3,"minecraft:damage_dealt_absorbed":161,"minecraft:sneak_time":108948,"minecraft:interact_with_blast_furnace":50,"minecraft:total_world_time":2205697,"minecraft:interact_with_stonecutter":1,"minecraft:time_since_rest":10428,"minecraft:swim_one_cm":138648,"minecraft:fly_one_cm":3500854,"minecraft:open_chest":1169,"minecraft:fish_caught":15,"minecraft:fall_one_cm":340756,"minecraft:animals_bred":24,"minecraft:sprint_one_cm":4631813,"minecraft:drop":409,"minecraft:talked_to_villager":4,"minecraft:walk_on_water_one_cm":295000,"minecraft:player_kills":10,"minecraft:crouch_one_cm":294961,"minecraft:mob_kills":249,"minecraft:damage_dealt_resisted":791,"minecraft:climb_one_cm":11441,"minecraft:walk_one_cm":6101380,"minecraft:walk_under_water_one_cm":403214,"minecraft:boat_one_cm":1611847,"minecraft:pot_flower":5,"minecraft:interact_with_grindstone":4,"minecraft:damage_taken":21535},"minecraft:crafted":{"minecraft:black_dye":93,"minecraft:jungle_fence_gate":3,"quark:birch_chest":11,"minecraft:oak_pressure_plate":2,"minecraft:birch_boat":3,"minecraft:birch_slab":252,"naturalist:cooked_bass":10,"minecraft:cooked_mutton":24,"minecraft:glass":266,"minecraft:quartz_block":59,"quark:cooked_crab_leg":3,"minecraft:cooked_rabbit":5,"minecraft:flower_pot":2,"minecraft:cooked_porkchop":1,"cfm:jungle_table":4,"minecraft:smithing_table":1,"minecraft:copper_ingot":174,"minecraft:cobbled_deepslate_wall":6,"minecraft:wooden_hoe":1,"quark:oak_chest":16,"minecraft:iron_pickaxe":18,"minecraft:iron_block":1,"minecraft:gold_ingot":76,"minecraft:birch_stairs":4,"quark:blossom_planks_slab":6,"minecraft:stone_shovel":39,"minecraft:iron_nugget":18,"comforts:sleeping_bag_white":2,"minecraft:bone_meal":120,"minecraft:terracotta":84,"minecraft:stone_pickaxe":17,"minecraft:spruce_boat":1,"minecraft:jungle_fence":51,"minecraft:dark_oak_planks":8,"minecraft:wheat":243,"minecraft:coal_block":24,"tacz:gun_smith_table":1,"sophisticatedbackpacks:gold_backpack":2,"minecraft:glowstone":34,"minecraft:wooden_axe":1,"minecraft:black_stained_glass_pane":56,"minecraft:iron_shovel":1,"minecraft:iron_leggings":2,"minecraft:white_bed":4,"minecraft:brick":58,"minecraft:oak_planks":382,"minecraft:cooked_chicken":1,"minecraft:lightning_rod":1,"minecraft:stone":937,"minecraft:bow":2,"minecraft:iron_boots":1,"minecraft:blackstone_wall":60,"minecraft:stone_hoe":3,"minecraft:stone_bricks":476,"minecraft:oak_fence":12,"minecraft:golden_boots":1,"minecraft:oak_slab":12,"minecraft:item_frame":1,"quark:blossom_planks":32,"minecraft:crafting_table":19,"minecraft:spruce_planks":32,"minecraft:iron_helmet":1,"minecraft:birch_planks":852,"minecraft:white_stained_glass_pane":296,"minecraft:book":5,"minecraft:iron_chestplate":2,"minecraft:paper":81,"minecraft:stick":160,"minecraft:iron_ingot":268,"minecraft:shears":1,"minecraft:coal":72,"minecraft:stone_brick_wall":36,"minecraft:fishing_rod":2,"minecraft:leather_boots":1,"minecraft:furnace":6,"minecraft:glass_pane":416,"minecraft:flint_and_steel":1,"minecraft:black_terracotta":440,"minecraft:iron_axe":5,"sophisticatedbackpacks:iron_backpack":1,"minecraft:cooked_beef":9,"minecraft:iron_sword":2,"minecraft:bucket":3,"minecraft:stone_axe":15,"minecraft:air":0,"minecraft:acacia_boat":1,"minecraft:bread":72,"minecraft:jungle_planks":256,"minecraft:black_stained_glass":8,"minecraft:oak_boat":2,"minecraft:jungle_door":3,"minecraft:white_dye":37,"minecraft:acacia_planks":36,"minecraft:torch":316,"minecraft:clay":84}},"DataVersion":3465}