{"stats":{"minecraft:mined":{"minecraft:birch_log":60,"minecraft:oak_log":346},"minecraft:custom":{"minecraft:interact_with_furnace":11,"minecraft:mob_kills":12,"minecraft:pot_flower":1,"minecraft:leave_game":1,"minecraft:time_since_death":152523,"minecraft:sleep_in_bed":3,"minecraft:time_since_rest":3587,"minecraft:waystone_activated":6,"minecraft:sprint_one_cm":200311,"minecraft:walk_one_cm":849038,"minecraft:drop":7,"minecraft:damage_dealt":59,"minecraft:swim_one_cm":8754,"minecraft:fly_one_cm":595745,"minecraft:open_chest":6,"minecraft:crouch_one_cm":11340,"minecraft:play_time":260438,"minecraft:deaths":1,"minecraft:sneak_time":4951,"minecraft:walk_under_water_one_cm":31132,"minecraft:jump":976,"minecraft:interact_with_blast_furnace":4,"minecraft:walk_on_water_one_cm":14368,"minecraft:total_world_time":260438,"minecraft:interact_with_smoker":4},"minecraft:used":{"minecraft:wheat_seeds":24,"minecraft:oak_fence":72,"minecraft:quartz_bricks":13,"minecraft:water_bucket":212,"minecraft:cow_spawn_egg":2,"minecraft:brick_wall":3,"securitycraft:reinforced_ice":1,"minecraft:birch_planks":406,"minecraft:smooth_quartz_slab":19,"minecraft:stripped_birch_log":90,"comforts:sleeping_bag_black":3,"mcwlights:white_lamp":2,"farmersdelight:cabbage_seeds":8,"minecraft:diamond_hoe":111,"minecraft:black_carpet":93,"farmersdelight:stove":2,"minecraft:donkey_spawn_egg":1,"minecraft:white_terracotta":19,"minecraft:sandstone":12,"securitycraft:keypad_door_item":2,"minecraft:sheep_spawn_egg":1,"minecraft:horse_spawn_egg":8,"minecraft:spruce_fence_gate":4,"securitycraft:reinforced_blue_ice":147,"securitycraft:scanner_door_item":4,"minecraft:smooth_quartz_stairs":2,"minecraft:glow_item_frame":1,"minecraft:dirt":152,"minecraft:sand":288,"minecraft:stripped_dark_oak_log":350,"minecraft:tnt":5,"minecraft:crafting_table":12,"minecraft:brick_slab":19,"minecraft:spruce_stairs":14,"minecraft:black_banner":2,"minecraft:blast_furnace":5,"minecraft:carrot":33,"minecraft:campfire":2,"minecraft:white_bed":3,"minecraft:painting":46,"minecraft:infested_stone_bricks":16,"minecraft:smoker":4,"securitycraft:reinforced_nether_brick_wall":1,"minecraft:pumpkin_seeds":2,"minecraft:oak_fence_gate":1,"minecraft:redstone_torch":8,"minecraft:black_terracotta":128,"waystones:waystone":2,"minecraft:flower_pot":1,"quark:blackstone_furnace":4,"minecraft:black_concrete":681,"minecraft:bricks":4,"minecraft:quartz_slab":60,"minecraft:birch_slab":229,"minecraft:zombie_head":1,"minecraft:black_stained_glass_pane":129,"minecraft:lantern":1,"minecraft:grass_block":436,"minecraft:brick_stairs":2,"mcwlights:golden_chandelier":12,"minecraft:pig_spawn_egg":2,"minecraft:quartz_block":35,"minecraft:polished_blackstone_brick_wall":10,"securitycraft:reinforced_deepslate_tile_wall":108,"quark:paper_lantern_sakura":3,"minecraft:smooth_quartz":719,"minecraft:melon_seeds":2,"minecraft:stone_brick_stairs":149,"minecraft:stone_bricks":530,"minecraft:item_frame":12,"quark:brick_vertical_slab":14,"minecraft:coal_block":6,"minecraft:glowstone":60,"quark:dark_oak_chest":39,"mcwlights:golden_chain":26,"minecraft:furnace":5,"minecraft:white_stained_glass_pane":226,"minecraft:beetroot_seeds":6,"quark:nether_brick_chest":1,"quark:oak_chest":4,"minecraft:potato":30,"minecraft:white_concrete":269,"farmersdelight:tomato_seeds":16},"minecraft:picked_up":{"minecraft:birch_log":32,"minecraft:lilac":13,"minecraft:glow_ink_sac":1,"minecraft:leather":8,"minecraft:oak_log":281,"minecraft:moss_carpet":6,"minecraft:apple":15,"minecraft:wheat_seeds":5,"minecraft:redstone_torch":2,"minecraft:birch_sapling":11,"minecraft:stick":108,"quark:oak_chest":1,"minecraft:rotten_flesh":2,"tacz:modern_kinetic_gun":1,"minecraft:oak_sapling":126},"minecraft:dropped":{"minecraft:wheat_seeds":1,"minecraft:stone":1,"minecraft:redstone_torch":3,"gravestone:obituary":1,"tacz:modern_kinetic_gun":1},"minecraft:killed":{"minecraft:creeper":1,"minecraft:horse":7,"minecraft:glow_squid":3,"enemyexpansion:wasp":1}},"DataVersion":3465}