{"stats":{"minecraft:broken":{"minecraft:iron_shovel":1,"minecraft:stone_pickaxe":1,"minecraft:stone_axe":1,"minecraft:stone_shovel":19,"minecraft:iron_pickaxe":3},"minecraft:mined":{"minecraft:white_bed":6,"minecraft:farmland":1,"minecraft:mossy_stone_brick_slab":1,"minecraft:jungle_slab":2,"minecraft:granite":15,"minecraft:grass_block":1613,"minecraft:jungle_log":59,"tacz:gun_smith_table":1,"minecraft:oak_wall_sign":1,"minecraft:oxeye_daisy":4,"minecraft:spawner":1,"minecraft:magma_block":7,"minecraft:iron_ore":85,"minecraft:fire":17,"minecraft:moss_carpet":1,"minecraft:azure_bluet":4,"minecraft:oak_sign":5,"minecraft:dirt_path":5,"minecraft:green_bed":4,"minecraft:deepslate_redstone_ore":22,"minecraft:jungle_door":1,"minecraft:clay":25,"minecraft:torch":19,"minecraft:blast_furnace":2,"minecraft:poppy":2,"minecraft:melon":4,"man:redcandle":2,"minecraft:dead_bush":6,"minecraft:cobblestone":51,"minecraft:grindstone":2,"minecraft:sugar_cane":4,"minecraft:oak_planks":11,"minecraft:wall_torch":21,"minecraft:mud":1,"minecraft:birch_log":15,"minecraft:smooth_stone_slab":1,"minecraft:grass":135,"minecraft:oak_log":69,"minecraft:sand":124,"minecraft:dirt":1138,"minecraft:sandstone_wall":1,"minecraft:netherrack":111,"minecraft:oak_leaves":9,"minecraft:deepslate":14,"minecraft:tuff":2,"minecraft:deepslate_diamond_ore":1,"gravestone:gravestone":15,"minecraft:stone_button":2,"minecraft:spruce_fence":1,"minecraft:jungle_planks":14,"quark:jasper":9,"minecraft:hay_block":38,"minecraft:furnace":6,"minecraft:andesite":11,"minecraft:white_glazed_terracotta":5,"minecraft:bell":2,"minecraft:deepslate_iron_ore":10,"minecraft:bamboo":2,"minecraft:stone":494,"quark:oak_chest":8,"minecraft:stone_brick_slab":2,"minecraft:dandelion":12,"minecraft:oak_fence":10,"minecraft:crafting_table":10,"minecraft:cornflower":1,"minecraft:tall_grass":20,"minecraft:copper_ore":15,"minecraft:deepslate_gold_ore":8,"minecraft:lapis_ore":16,"minecraft:diorite":16,"minecraft:lime_bed":5,"minecraft:coarse_dirt":1,"minecraft:jungle_fence":1,"minecraft:coal_ore":238,"minecraft:gravel":69,"minecraft:cobweb":21,"minecraft:polished_blackstone":1,"minecraft:gold_ore":12,"minecraft:fern":2},"minecraft:killed":{"minecraft:skeleton":6,"minecraft:chicken":3,"quark:crab":1,"minecraft:pig":4,"minecraft:zombie_villager":1,"minecraft:creeper":9,"minecraft:sheep":10,"minecraft:trader_llama":2,"minecraft:pillager":6,"minecraft:zombie":3,"minecraft:stray":1,"minecraft:cow":3,"minecraft:rabbit":2,"minecraft:wandering_trader":1,"minecraft:frog":2,"minecraft:polar_bear":1},"minecraft:custom":{"minecraft:animals_bred":2,"minecraft:interact_with_crafting_table":92,"minecraft:bell_ring":4,"minecraft:leave_game":21,"minecraft:time_since_death":194014,"minecraft:sprint_one_cm":1451962,"minecraft:damage_blocked_by_shield":750,"minecraft:drop":187,"minecraft:play_time":600179,"minecraft:deaths":16,"minecraft:jump":5414,"minecraft:walk_on_water_one_cm":67261,"minecraft:interact_with_furnace":142,"minecraft:sleep_in_bed":56,"minecraft:waystone_activated":6,"minecraft:damage_dealt":4113,"minecraft:player_kills":4,"minecraft:crouch_one_cm":41810,"minecraft:interact_with_smoker":1,"minecraft:horse_one_cm":350707,"minecraft:mob_kills":56,"minecraft:climb_one_cm":4503,"minecraft:walk_one_cm":1960603,"minecraft:sneak_time":14588,"minecraft:walk_under_water_one_cm":31153,"minecraft:boat_one_cm":266421,"minecraft:interact_with_blast_furnace":9,"minecraft:total_world_time":600179,"minecraft:pot_flower":3,"minecraft:interact_with_grindstone":1,"minecraft:interact_with_stonecutter":1,"minecraft:time_since_rest":15454,"minecraft:damage_taken":7434,"minecraft:swim_one_cm":18837,"minecraft:fly_one_cm":1040043,"minecraft:open_chest":277,"minecraft:fall_one_cm":109885},"minecraft:used":{"minecraft:iron_shovel":250,"minecraft:polished_blackstone":1,"minecraft:oak_sign":2,"minecraft:shield":15,"minecraft:stone":67,"minecraft:iron_sword":82,"minecraft:bell":2,"minecraft:jungle_planks":79,"minecraft:milk_bucket":4,"minecraft:glass":52,"minecraft:jungle_sapling":5,"minecraft:lava_bucket":4,"minecraft:jungle_fence_gate":2,"minecraft:furnace":9,"cfm:oak_park_bench":1,"minecraft:stone_pickaxe":131,"minecraft:oak_planks":88,"minecraft:jungle_fence":34,"minecraft:wooden_pickaxe":10,"minecraft:sand":13,"minecraft:blast_furnace":2,"waystones:waystone":1,"minecraft:bread":21,"quark:jasper":1,"minecraft:oak_pressure_plate":2,"minecraft:gravel":20,"minecraft:grindstone":4,"minecraft:oak_boat":3,"minecraft:bone_meal":12,"minecraft:oak_fence":11,"minecraft:stone_sword":116,"minecraft:stone_shovel":2751,"tacz:gun_smith_table":2,"minecraft:stone_hoe":55,"minecraft:netherrack":49,"minecraft:torch":228,"minecraft:dirt":2160,"minecraft:iron_axe":134,"minecraft:cooked_beef":3,"minecraft:cobbled_deepslate":5,"minecraft:cooked_mutton":55,"minecraft:wheat_seeds":53,"minecraft:water_bucket":64,"minecraft:lead":1,"minecraft:green_bed":4,"man:redcandle":1,"minecraft:oak_slab":12,"minecraft:lime_bed":5,"minecraft:crafting_table":14,"minecraft:white_bed":9,"minecraft:flower_pot":2,"minecraft:iron_pickaxe":1043,"minecraft:stone_axe":137,"minecraft:cobblestone":137,"minecraft:white_banner":1,"minecraft:jungle_door":5,"minecraft:bucket":70,"quark:oak_chest":19},"minecraft:dropped":{"minecraft:porkchop":7,"minecraft:ender_pearl":2,"minecraft:crafting_table":2,"minecraft:leather":2,"minecraft:rail":16,"minecraft:dirt":14,"minecraft:stone_button":4,"minecraft:cornflower":3,"gravestone:obituary":19,"minecraft:sand":2,"minecraft:polished_blackstone_slab":2,"minecraft:birch_log":15,"minecraft:white_wool":1,"minecraft:bone":4,"minecraft:gravel":2,"minecraft:polished_blackstone_wall":4,"minecraft:chiseled_polished_blackstone":1,"minecraft:sugar_cane":10,"minecraft:cobbled_deepslate":5,"minecraft:birch_sapling":7,"quark:crab_leg":5,"minecraft:oak_planks":29,"minecraft:mossy_stone_brick_slab":1,"minecraft:cooked_mutton":33,"minecraft:azure_bluet":4,"minecraft:sandstone_wall":2,"minecraft:rabbit_hide":1,"minecraft:lime_bed":1,"man:redcandle":2,"quark:forgotten_hat":3,"minecraft:arrow":5,"minecraft:powered_rail":8,"minecraft:white_glazed_terracotta":4,"minecraft:netherrack":32,"minecraft:egg":2,"minecraft:water_bucket":2,"minecraft:iron_ingot":26,"minecraft:bread":41,"minecraft:chiseled_nether_bricks":2,"minecraft:wheat_seeds":20,"minecraft:tnt":6,"minecraft:oak_fence":9,"minecraft:feather":2,"minecraft:cobblestone":35,"minecraft:diorite":6,"minecraft:torch":1,"minecraft:rabbit":2,"minecraft:melon_slice":24,"tacz:modern_kinetic_gun":2,"minecraft:polished_blackstone_brick_slab":1,"minecraft:cactus":2,"quark:jasper":8,"minecraft:iron_shovel":2,"minecraft:string":30,"minecraft:bucket":3,"minecraft:dandelion":26,"minecraft:stone_brick_slab":2,"minecraft:redstone":8,"minecraft:snow_block":1,"minecraft:furnace":2,"minecraft:moss_carpet":1,"minecraft:coarse_dirt":1,"minecraft:stone_sword":2,"minecraft:smooth_stone_slab":2,"minecraft:green_bed":1,"minecraft:stone_shovel":1,"minecraft:chicken":2,"sophisticatedbackpacks:backpack":2,"minecraft:oak_sign":2,"minecraft:spruce_fence":1,"minecraft:blast_furnace":1,"minecraft:filled_map":2,"minecraft:hay_block":2,"minecraft:shield":1,"minecraft:andesite":2,"minecraft:golden_leggings":2,"minecraft:oak_boat":4,"minecraft:oak_sapling":38,"minecraft:spider_eye":2,"minecraft:bamboo":16,"tacz:ammo":169,"minecraft:sandstone":2,"minecraft:bow":1,"minecraft:wooden_pickaxe":1,"minecraft:magma_block":3,"minecraft:black_wool":4},"minecraft:picked_up":{"minecraft:wheat":5,"minecraft:lead":5,"minecraft:string":90,"minecraft:raw_copper":47,"minecraft:smooth_stone_slab":2,"minecraft:zombie_head":1,"minecraft:oak_sign":11,"minecraft:cobbled_deepslate":14,"minecraft:bucket":4,"minecraft:coal_block":12,"minecraft:melon_slice":24,"minecraft:furnace":7,"minecraft:white_glazed_terracotta":4,"minecraft:polished_blackstone_brick_slab":1,"minecraft:stick":53,"minecraft:jungle_door":4,"minecraft:oak_fence":13,"minecraft:torch":51,"minecraft:green_bed":5,"minecraft:sandstone_wall":2,"minecraft:snow_block":2,"minecraft:porkchop":8,"minecraft:diorite":17,"minecraft:chiseled_nether_bricks":2,"man:redcandle":3,"minecraft:stone_sword":2,"minecraft:cactus":2,"minecraft:rotten_flesh":5,"minecraft:cobblestone":593,"minecraft:birch_log":15,"minecraft:magma_block":3,"minecraft:feather":2,"minecraft:cooked_beef":4,"minecraft:andesite":11,"minecraft:water_bucket":1,"minecraft:jungle_log":59,"minecraft:golden_leggings":1,"minecraft:flint":6,"minecraft:tuff":2,"minecraft:lapis_lazuli":103,"minecraft:dirt":2712,"minecraft:bone":9,"minecraft:bow":2,"minecraft:wheat_seeds":105,"cfm:oak_park_bench":1,"minecraft:raw_gold":27,"minecraft:bell":2,"minecraft:grindstone":12,"tacz:gun_smith_table":1,"minecraft:rabbit":2,"minecraft:bamboo":64,"minecraft:powered_rail":4,"minecraft:oak_planks":71,"minecraft:chiseled_polished_blackstone":1,"minecraft:polished_blackstone_slab":2,"minecraft:jungle_planks":15,"minecraft:sand":121,"sophisticatedbackpacks:iron_backpack":1,"minecraft:jungle_slab":2,"quark:jasper":9,"minecraft:diamond":2,"waystones:waystone":2,"minecraft:crossbow":1,"minecraft:granite":15,"minecraft:bread":13,"minecraft:oak_sapling":55,"minecraft:netherrack":104,"minecraft:coarse_dirt":1,"minecraft:crafting_table":14,"minecraft:azure_bluet":16,"minecraft:chicken":3,"minecraft:clay_ball":96,"minecraft:wooden_pickaxe":1,"gravestone:obituary":10,"minecraft:shield":1,"minecraft:cornflower":6,"minecraft:moss_carpet":1,"tacz:ammo":405,"minecraft:polished_blackstone_wall":4,"minecraft:iron_shovel":1,"minecraft:beef":7,"minecraft:oak_boat":8,"minecraft:jungle_sapling":9,"minecraft:poppy":14,"minecraft:sugar_cane":40,"minecraft:birch_sapling":7,"minecraft:egg":9,"minecraft:raw_iron":94,"minecraft:sandstone":2,"minecraft:spruce_fence":4,"sophisticatedbackpacks:backpack":4,"minecraft:stone_button":4,"minecraft:redstone":99,"minecraft:tnt":2,"minecraft:arrow":23,"minecraft:hay_block":38,"minecraft:polished_blackstone":1,"minecraft:bone_block":9,"minecraft:mutton":14,"minecraft:rail":8,"minecraft:white_wool":23,"minecraft:oxeye_daisy":13,"quark:crab_leg":14,"minecraft:lime_bed":6,"minecraft:glow_ink_sac":7,"minecraft:leather":9,"minecraft:jungle_fence":9,"minecraft:filled_map":2,"minecraft:oak_log":66,"minecraft:gunpowder":13,"minecraft:white_banner":3,"quark:forgotten_hat":2,"minecraft:cooked_mutton":33,"minecraft:apple":6,"minecraft:stone_pickaxe":1,"minecraft:rabbit_hide":1,"minecraft:iron_ingot":5,"minecraft:stone_brick_slab":2,"minecraft:dandelion":104,"minecraft:gravel":65,"minecraft:blast_furnace":5,"minecraft:white_bed":6,"minecraft:mossy_stone_brick_slab":1,"quark:oak_chest":8,"minecraft:spider_eye":2,"minecraft:stone_axe":1,"tacz:modern_kinetic_gun":4,"minecraft:black_wool":2,"minecraft:coal":370,"minecraft:ender_pearl":2},"minecraft:killed_by":{"minecraft:zombie_villager":1,"minecraft:creeper":1,"man:managgresive":1,"minecraft:cave_spider":3,"minecraft:player":6,"minecraft:skeleton":3,"cave_dweller:cave_dweller":1},"minecraft:crafted":{"minecraft:brick":6,"minecraft:oak_planks":250,"minecraft:jungle_fence_gate":2,"minecraft:oak_pressure_plate":2,"minecraft:cooked_chicken":1,"minecraft:stone":78,"minecraft:cooked_mutton":10,"minecraft:glass":52,"minecraft:iron_boots":1,"minecraft:stone_hoe":1,"minecraft:oak_fence":12,"minecraft:flower_pot":2,"minecraft:oak_slab":12,"minecraft:crafting_table":7,"minecraft:iron_helmet":1,"minecraft:copper_ingot":47,"minecraft:iron_chestplate":1,"minecraft:stick":68,"quark:oak_chest":11,"minecraft:iron_ingot":91,"minecraft:iron_pickaxe":4,"minecraft:iron_block":1,"minecraft:gold_ingot":12,"minecraft:coal":9,"minecraft:stone_shovel":22,"minecraft:iron_nugget":18,"minecraft:furnace":4,"minecraft:bone_meal":12,"minecraft:iron_axe":1,"minecraft:stone_pickaxe":2,"minecraft:jungle_fence":30,"minecraft:wheat":243,"minecraft:cooked_beef":3,"minecraft:coal_block":18,"minecraft:iron_sword":1,"tacz:gun_smith_table":1,"minecraft:bucket":2,"minecraft:bread":72,"minecraft:air":0,"minecraft:jungle_planks":200,"minecraft:oak_boat":2,"minecraft:jungle_door":3,"minecraft:iron_shovel":1,"minecraft:iron_leggings":1,"minecraft:white_bed":3,"minecraft:torch":212}},"DataVersion":3465}