{"stats":{"minecraft:dropped":{"minecraft:water_bucket":2,"minecraft:iron_ingot":12,"minecraft:bread":41,"minecraft:chiseled_nether_bricks":2,"minecraft:porkchop":7,"minecraft:wheat_seeds":16,"minecraft:ender_pearl":2,"minecraft:oak_fence":8,"minecraft:feather":2,"minecraft:cobblestone":2,"minecraft:rail":16,"minecraft:dirt":14,"minecraft:diorite":6,"minecraft:stone_button":4,"minecraft:torch":1,"minecraft:rabbit":2,"minecraft:melon_slice":24,"gravestone:obituary":17,"minecraft:polished_blackstone_brick_slab":1,"tacz:modern_kinetic_gun":1,"minecraft:sand":2,"minecraft:polished_blackstone_slab":2,"minecraft:cactus":2,"quark:jasper":8,"minecraft:birch_log":15,"minecraft:bucket":1,"minecraft:redstone":8,"minecraft:stone_brick_slab":2,"minecraft:bone":2,"minecraft:gravel":2,"minecraft:polished_blackstone_wall":4,"minecraft:chiseled_polished_blackstone":1,"minecraft:furnace":2,"minecraft:moss_carpet":1,"minecraft:coarse_dirt":1,"minecraft:stone_sword":2,"minecraft:cobbled_deepslate":5,"minecraft:smooth_stone_slab":2,"minecraft:green_bed":1,"minecraft:birch_sapling":7,"minecraft:chicken":1,"minecraft:oak_planks":29,"minecraft:mossy_stone_brick_slab":1,"minecraft:sandstone_wall":2,"minecraft:rabbit_hide":1,"minecraft:lime_bed":1,"minecraft:andesite":2,"man:redcandle":2,"minecraft:oak_sapling":18,"minecraft:oak_boat":1,"quark:forgotten_hat":2,"minecraft:spider_eye":2,"tacz:ammo":160,"minecraft:sandstone":2,"minecraft:bow":1,"minecraft:powered_rail":8,"minecraft:wooden_pickaxe":1,"minecraft:magma_block":2,"minecraft:white_glazed_terracotta":4,"minecraft:netherrack":32},"minecraft:killed_by":{"minecraft:player":6,"minecraft:creeper":1,"man:managgresive":1,"minecraft:cave_spider":3,"minecraft:skeleton":2,"cave_dweller:cave_dweller":1},"minecraft:mined":{"minecraft:deepslate_diamond_ore":1,"minecraft:mossy_stone_brick_slab":1,"gravestone:gravestone":12,"minecraft:stone_button":2,"minecraft:grass_block":754,"minecraft:jungle_planks":12,"minecraft:jungle_log":31,"minecraft:oxeye_daisy":4,"minecraft:oak_wall_sign":1,"quark:jasper":9,"minecraft:spawner":1,"minecraft:hay_block":38,"minecraft:magma_block":5,"minecraft:furnace":3,"minecraft:iron_ore":33,"minecraft:fire":1,"minecraft:andesite":2,"minecraft:moss_carpet":1,"minecraft:azure_bluet":2,"minecraft:white_glazed_terracotta":5,"minecraft:bell":2,"minecraft:oak_sign":1,"minecraft:dirt_path":2,"minecraft:bamboo":2,"minecraft:stone":203,"minecraft:green_bed":4,"minecraft:deepslate_redstone_ore":13,"minecraft:jungle_door":1,"minecraft:stone_brick_slab":2,"minecraft:dandelion":10,"minecraft:oak_fence":10,"minecraft:clay":25,"minecraft:crafting_table":7,"minecraft:cornflower":1,"minecraft:torch":7,"minecraft:blast_furnace":2,"minecraft:poppy":2,"minecraft:melon":4,"man:redcandle":2,"minecraft:dead_bush":6,"minecraft:copper_ore":11,"minecraft:tall_grass":5,"minecraft:cobblestone":40,"minecraft:lapis_ore":5,"minecraft:oak_planks":9,"minecraft:grindstone":2,"minecraft:sugar_cane":3,"minecraft:diorite":8,"minecraft:wall_torch":14,"minecraft:lime_bed":5,"minecraft:coarse_dirt":1,"minecraft:birch_log":15,"minecraft:smooth_stone_slab":1,"minecraft:grass":47,"minecraft:coal_ore":110,"minecraft:oak_log":69,"minecraft:gravel":12,"minecraft:dirt":271,"minecraft:sand":124,"minecraft:sandstone_wall":1,"minecraft:cobweb":21,"minecraft:polished_blackstone":1,"minecraft:netherrack":38,"minecraft:oak_leaves":9,"minecraft:deepslate":5,"minecraft:fern":2},"minecraft:used":{"minecraft:oak_fence":11,"minecraft:stone_sword":116,"minecraft:iron_shovel":250,"minecraft:stone_shovel":905,"minecraft:polished_blackstone":1,"minecraft:oak_sign":2,"minecraft:shield":10,"minecraft:stone":67,"minecraft:iron_sword":22,"minecraft:bell":2,"minecraft:torch":82,"minecraft:dirt":989,"minecraft:jungle_planks":79,"minecraft:glass":52,"minecraft:lava_bucket":2,"minecraft:iron_axe":69,"minecraft:furnace":5,"minecraft:cooked_mutton":12,"minecraft:cooked_beef":3,"minecraft:water_bucket":35,"cfm:oak_park_bench":1,"minecraft:stone_pickaxe":131,"minecraft:oak_planks":88,"minecraft:wooden_pickaxe":10,"minecraft:green_bed":4,"man:redcandle":1,"minecraft:blast_furnace":1,"minecraft:sand":13,"minecraft:oak_slab":12,"minecraft:lime_bed":5,"minecraft:crafting_table":10,"minecraft:white_bed":1,"minecraft:flower_pot":2,"minecraft:bread":21,"minecraft:iron_pickaxe":373,"quark:jasper":1,"minecraft:stone_axe":137,"minecraft:cobblestone":100,"minecraft:grindstone":4,"minecraft:jungle_door":5,"minecraft:bucket":38,"quark:oak_chest":8,"minecraft:oak_boat":3},"minecraft:custom":{"minecraft:mob_kills":26,"minecraft:interact_with_crafting_table":53,"minecraft:bell_ring":4,"minecraft:leave_game":9,"minecraft:time_since_death":63720,"minecraft:climb_one_cm":172,"minecraft:sprint_one_cm":601045,"minecraft:walk_one_cm":956611,"minecraft:damage_blocked_by_shield":510,"minecraft:drop":105,"minecraft:play_time":283060,"minecraft:sneak_time":7846,"minecraft:deaths":14,"minecraft:walk_under_water_one_cm":10924,"minecraft:boat_one_cm":152711,"minecraft:jump":2593,"minecraft:interact_with_blast_furnace":7,"minecraft:walk_on_water_one_cm":28168,"minecraft:total_world_time":283060,"minecraft:interact_with_furnace":84,"minecraft:pot_flower":2,"minecraft:interact_with_grindstone":1,"minecraft:sleep_in_bed":27,"minecraft:time_since_rest":11146,"minecraft:damage_taken":5130,"minecraft:damage_dealt":2552,"minecraft:player_kills":3,"minecraft:swim_one_cm":8753,"minecraft:fly_one_cm":429729,"minecraft:open_chest":68,"minecraft:crouch_one_cm":23402,"minecraft:fall_one_cm":52329,"minecraft:horse_one_cm":137958},"minecraft:killed":{"minecraft:skeleton":3,"minecraft:chicken":2,"minecraft:pig":3,"minecraft:zombie_villager":1,"minecraft:rabbit":2,"minecraft:frog":1,"minecraft:creeper":1,"minecraft:sheep":8,"minecraft:pillager":2,"minecraft:zombie":1,"minecraft:cow":1},"minecraft:picked_up":{"minecraft:crafting_table":6,"minecraft:coarse_dirt":1,"minecraft:azure_bluet":2,"minecraft:chicken":2,"minecraft:clay_ball":96,"minecraft:wooden_pickaxe":1,"gravestone:obituary":7,"minecraft:cornflower":2,"minecraft:string":30,"minecraft:moss_carpet":1,"minecraft:raw_copper":36,"minecraft:smooth_stone_slab":2,"tacz:ammo":276,"minecraft:polished_blackstone_wall":4,"minecraft:oak_sign":2,"minecraft:cobbled_deepslate":5,"minecraft:bucket":1,"minecraft:beef":3,"minecraft:oak_boat":2,"minecraft:jungle_sapling":2,"minecraft:poppy":2,"minecraft:melon_slice":24,"minecraft:sugar_cane":7,"minecraft:birch_sapling":7,"minecraft:egg":4,"minecraft:furnace":4,"minecraft:raw_iron":32,"minecraft:white_glazed_terracotta":4,"minecraft:polished_blackstone_brick_slab":1,"minecraft:stick":48,"minecraft:sandstone":2,"minecraft:jungle_door":3,"minecraft:oak_fence":10,"minecraft:torch":25,"minecraft:green_bed":5,"sophisticatedbackpacks:backpack":2,"minecraft:porkchop":7,"minecraft:sandstone_wall":2,"minecraft:stone_button":4,"minecraft:diorite":9,"minecraft:redstone":58,"minecraft:chiseled_nether_bricks":2,"minecraft:tnt":1,"minecraft:cactus":2,"minecraft:stone_sword":2,"man:redcandle":3,"minecraft:arrow":5,"minecraft:rotten_flesh":2,"minecraft:hay_block":37,"minecraft:polished_blackstone":1,"minecraft:mutton":10,"minecraft:rail":8,"minecraft:white_wool":8,"minecraft:cobblestone":227,"minecraft:oxeye_daisy":5,"minecraft:birch_log":15,"minecraft:lime_bed":6,"minecraft:magma_block":2,"minecraft:feather":2,"minecraft:jungle_log":31,"minecraft:glow_ink_sac":4,"minecraft:water_bucket":1,"minecraft:andesite":2,"minecraft:leather":1,"minecraft:flint":1,"minecraft:oak_log":66,"minecraft:gunpowder":5,"minecraft:lapis_lazuli":28,"minecraft:dirt":1003,"minecraft:white_banner":1,"quark:forgotten_hat":2,"minecraft:bone":5,"minecraft:apple":6,"minecraft:bow":2,"minecraft:wheat_seeds":44,"cfm:oak_park_bench":1,"minecraft:bell":2,"minecraft:rabbit_hide":1,"minecraft:grindstone":8,"minecraft:stone_pickaxe":1,"minecraft:rabbit":2,"minecraft:bamboo":16,"minecraft:powered_rail":4,"minecraft:oak_planks":18,"minecraft:chiseled_polished_blackstone":1,"minecraft:stone_brick_slab":2,"minecraft:dandelion":16,"minecraft:gravel":13,"minecraft:polished_blackstone_slab":2,"minecraft:sand":121,"minecraft:jungle_planks":12,"minecraft:blast_furnace":2,"minecraft:mossy_stone_brick_slab":1,"minecraft:spider_eye":2,"quark:jasper":9,"minecraft:diamond":2,"minecraft:stone_axe":1,"tacz:modern_kinetic_gun":2,"minecraft:crossbow":1,"minecraft:bread":12,"minecraft:oak_sapling":29,"minecraft:netherrack":32,"minecraft:coal":172,"minecraft:ender_pearl":2},"minecraft:broken":{"minecraft:iron_shovel":1,"minecraft:stone_pickaxe":1,"minecraft:stone_axe":1,"minecraft:iron_pickaxe":1,"minecraft:stone_shovel":6},"minecraft:crafted":{"minecraft:brick":6,"minecraft:oak_planks":242,"minecraft:stone_shovel":12,"minecraft:coal":9,"minecraft:furnace":3,"minecraft:stone":78,"minecraft:cooked_mutton":10,"minecraft:glass":52,"minecraft:iron_axe":1,"minecraft:oak_fence":12,"minecraft:flower_pot":2,"minecraft:wheat":216,"minecraft:cooked_beef":3,"minecraft:coal_block":9,"minecraft:oak_slab":12,"minecraft:crafting_table":5,"minecraft:iron_sword":1,"minecraft:bucket":2,"minecraft:bread":72,"minecraft:air":0,"minecraft:jungle_planks":124,"minecraft:oak_boat":2,"minecraft:jungle_door":3,"minecraft:stick":32,"quark:oak_chest":8,"minecraft:iron_ingot":39,"minecraft:iron_pickaxe":2,"minecraft:iron_shovel":1,"minecraft:white_bed":1,"minecraft:torch":94}},"DataVersion":3465}