{"stats":{"minecraft:dropped":{"minecraft:redstone_torch":2,"tacz:modern_kinetic_gun":1,"minecraft:stone":1,"minecraft:wheat_seeds":1},"minecraft:custom":{"minecraft:jump":69,"minecraft:time_since_rest":17403,"minecraft:waystone_activated":2,"minecraft:walk_on_water_one_cm":312,"minecraft:damage_dealt":40,"minecraft:crouch_one_cm":69,"minecraft:sprint_one_cm":3844,"minecraft:play_time":17403,"minecraft:time_since_death":17403,"minecraft:walk_one_cm":15803,"minecraft:sneak_time":213,"minecraft:total_world_time":17403,"minecraft:drop":5,"minecraft:fly_one_cm":254553},"minecraft:picked_up":{"minecraft:redstone_torch":2,"minecraft:wheat_seeds":1}},"DataVersion":3465}