{"stats":{"minecraft:mined":{"minecraft:sculk_vein":189,"minecraft:cherry_log":10,"minecraft:obsidian":49,"minecraft:granite":11,"minecraft:grass_block":38,"minecraft:white_concrete":1,"minecraft:spawner":1,"minecraft:sculk_catalyst":1,"minecraft:cobbled_deepslate":5,"minecraft:iron_ore":41,"minecraft:fire":1,"minecraft:pumpkin":2,"minecraft:deepslate_lapis_ore":27,"minecraft:oak_sign":2,"minecraft:deepslate_redstone_ore":23,"minecraft:torch":12,"minecraft:melon":1,"minecraft:cobblestone":15,"minecraft:sugar_cane":13,"minecraft:oak_planks":2,"minecraft:wall_torch":7,"minecraft:deepslate_copper_ore":8,"minecraft:birch_log":60,"minecraft:grass":21,"minecraft:oak_log":397,"minecraft:sand":25,"minecraft:dirt":37,"minecraft:oak_leaves":5,"minecraft:deepslate":87,"minecraft:infested_deepslate":1,"minecraft:tuff":11,"minecraft:mossy_cobblestone":1,"minecraft:deepslate_diamond_ore":12,"gravestone:gravestone":2,"minecraft:spruce_leaves":3,"minecraft:andesite":4,"minecraft:deepslate_iron_ore":47,"minecraft:rail":1,"minecraft:stone":134,"quark:dark_oak_chest":2,"minecraft:crafting_table":3,"minecraft:copper_ore":1,"minecraft:deepslate_gold_ore":14,"minecraft:sculk":1458,"minecraft:diorite":8,"minecraft:spruce_log":12,"minecraft:coal_ore":139},"minecraft:broken":{"minecraft:iron_hoe":7,"minecraft:iron_pickaxe":2},"minecraft:custom":{"minecraft:animals_bred":5,"minecraft:interact_with_crafting_table":42,"minecraft:leave_game":8,"minecraft:time_since_death":36683,"minecraft:sprint_one_cm":822733,"minecraft:drop":38,"minecraft:play_time":580481,"minecraft:deaths":3,"minecraft:jump":3663,"minecraft:walk_on_water_one_cm":91369,"minecraft:enchant_item":4,"minecraft:interact_with_furnace":15,"minecraft:sleep_in_bed":10,"minecraft:waystone_activated":8,"minecraft:damage_dealt":464,"minecraft:crouch_one_cm":90052,"minecraft:interact_with_smoker":11,"minecraft:mob_kills":85,"minecraft:interact_with_anvil":4,"minecraft:walk_one_cm":1639446,"minecraft:sneak_time":30893,"minecraft:walk_under_water_one_cm":67999,"minecraft:interact_with_blast_furnace":8,"minecraft:total_world_time":580481,"minecraft:pot_flower":1,"minecraft:interact_with_grindstone":4,"minecraft:time_since_rest":15179,"minecraft:damage_taken":1749,"minecraft:swim_one_cm":19940,"minecraft:fly_one_cm":1004051,"minecraft:open_chest":232,"minecraft:fall_one_cm":48000},"minecraft:used":{"minecraft:cherry_sapling":1,"minecraft:iron_shovel":73,"minecraft:smooth_quartz_slab":19,"minecraft:diamond_hoe":111,"farmersdelight:cabbage_seeds":8,"minecraft:black_carpet":93,"farmersdelight:stove":2,"minecraft:donkey_spawn_egg":1,"minecraft:white_terracotta":19,"minecraft:iron_sword":1,"securitycraft:reinforced_blue_ice":147,"minecraft:iron_chestplate":1,"minecraft:brick_slab":19,"minecraft:carrot":33,"minecraft:lava_bucket":1,"minecraft:bricks":4,"minecraft:black_stained_glass_pane":129,"minecraft:quartz_slab":60,"minecraft:lantern":1,"minecraft:grass_block":436,"mcwlights:golden_chandelier":12,"minecraft:quartz_block":35,"minecraft:polished_blackstone_brick_wall":10,"minecraft:dark_oak_slab":21,"quark:paper_lantern_sakura":3,"quark:blaze_lantern":1,"minecraft:stone_brick_stairs":149,"minecraft:stone_bricks":539,"minecraft:item_frame":12,"minecraft:furnace":5,"minecraft:beetroot_seeds":6,"minecraft:potato":30,"farmersdelight:hamburger":3,"minecraft:cow_spawn_egg":2,"securitycraft:reinforced_ice":1,"minecraft:brick_wall":3,"minecraft:stripped_birch_log":90,"mcwlights:white_lamp":2,"minecraft:oak_planks":40,"minecraft:sandstone":12,"minecraft:sugar_cane":7,"minecraft:smooth_quartz_stairs":2,"minecraft:dark_oak_trapdoor":13,"minecraft:sand":290,"minecraft:black_banner":2,"minecraft:blast_furnace":5,"minecraft:pumpkin_seeds":2,"minecraft:black_terracotta":128,"minecraft:redstone_torch":8,"waystones:waystone":2,"quark:blackstone_furnace":4,"minecraft:black_concrete":685,"minecraft:zombie_head":1,"minecraft:birch_slab":229,"minecraft:bread":3,"minecraft:deepslate":3,"quark:brick_vertical_slab":14,"minecraft:coal_block":6,"minecraft:grindstone":2,"minecraft:white_concrete":273,"minecraft:experience_bottle":1,"minecraft:oak_fence":72,"minecraft:enchanting_table":1,"minecraft:armor_stand":4,"minecraft:stone_shovel":1,"quark:dark_oak_bookshelf":31,"tacz:gun_smith_table":2,"securitycraft:keypad_door_item":2,"minecraft:wooden_shovel":30,"minecraft:torch":161,"minecraft:dirt":181,"minecraft:anvil":1,"minecraft:spruce_stairs":14,"minecraft:oak_fence_gate":1,"minecraft:iron_hoe":1640,"minecraft:wooden_axe":9,"minecraft:iron_axe":26,"minecraft:brick_stairs":2,"minecraft:smooth_quartz":720,"minecraft:melon_seeds":2,"minecraft:diamond_chestplate":1,"minecraft:glowstone":60,"mcwlights:golden_chain":26,"minecraft:white_stained_glass_pane":232,"minecraft:cooked_beef":3,"farmersdelight:tomato_seeds":16,"minecraft:cobbled_deepslate":16,"minecraft:wheat_seeds":29,"minecraft:quartz_bricks":13,"minecraft:cooked_mutton":15,"minecraft:water_bucket":262,"farmersdelight:skillet":3,"minecraft:birch_planks":406,"comforts:sleeping_bag_black":5,"minecraft:baked_potato":9,"minecraft:sheep_spawn_egg":1,"minecraft:spruce_fence_gate":4,"securitycraft:scanner_door_item":4,"minecraft:horse_spawn_egg":8,"minecraft:gilded_blackstone":8,"minecraft:glow_item_frame":1,"minecraft:stripped_dark_oak_log":350,"minecraft:tnt":5,"minecraft:crafting_table":18,"mcwlights:golden_small_chandelier":1,"minecraft:campfire":2,"minecraft:white_bed":3,"minecraft:painting":46,"minecraft:infested_stone_bricks":16,"minecraft:smoker":4,"securitycraft:reinforced_nether_brick_wall":1,"quark:glass_item_frame":19,"minecraft:flower_pot":1,"minecraft:diamond_pickaxe":71,"minecraft:apple":5,"minecraft:iron_pickaxe":588,"minecraft:pig_spawn_egg":2,"securitycraft:reinforced_deepslate_tile_wall":108,"quark:dark_oak_chest":43,"minecraft:cobblestone":80,"minecraft:bucket":52,"quark:nether_brick_chest":1,"quark:oak_chest":8},"minecraft:killed_by":{"minecraft:player":1},"minecraft:crafted":{"minecraft:grindstone":2,"minecraft:oak_planks":292,"minecraft:cobblestone_slab":6,"minecraft:stone":8,"minecraft:glass":23,"minecraft:diamond_helmet":1,"minecraft:diamond_leggings":1,"minecraft:copper_block":3,"minecraft:wooden_shovel":1,"minecraft:crafting_table":2,"minecraft:baked_potato":9,"minecraft:wooden_pickaxe":1,"minecraft:gold_block":8,"minecraft:book":1,"minecraft:wooden_hoe":1,"minecraft:paper":18,"minecraft:diamond_pickaxe":2,"minecraft:stick":132,"minecraft:stone_slab":6,"quark:oak_chest":4,"minecraft:iron_ingot":270,"minecraft:iron_pickaxe":4,"minecraft:iron_block":46,"minecraft:stone_shovel":1,"minecraft:smooth_stone_slab":6,"minecraft:iron_axe":1,"minecraft:iron_hoe":8,"minecraft:diamond_boots":1,"minecraft:coal_block":10,"minecraft:bone_block":7,"minecraft:diamond_sword":1,"minecraft:iron_sword":1,"minecraft:bucket":1,"minecraft:bread":3,"minecraft:air":0,"minecraft:wooden_axe":1,"minecraft:iron_shovel":1,"minecraft:armor_stand":3,"minecraft:anvil":1,"quark:charcoal_block":4,"minecraft:torch":196,"minecraft:diamond_chestplate":1},"minecraft:picked_up":{"minecraft:seagrass":2,"minecraft:iron_chestplate":2,"minecraft:wheat":18,"minecraft:creeper_head":1,"minecraft:diamond_sword":1,"royalvariations:royal_gunpowder":2,"minecraft:enchanted_book":2,"minecraft:string":4,"minecraft:raw_copper":35,"minecraft:iron_leggings":2,"minecraft:armor_stand":1,"sophisticatedbackpacks:stack_upgrade_tier_4":1,"minecraft:experience_bottle":2,"minecraft:oak_sign":2,"minecraft:beetroot":9,"comforts:sleeping_bag_black":3,"minecraft:cobbled_deepslate":93,"farmersdelight:cabbage":4,"minecraft:redstone_torch":2,"minecraft:melon_slice":3,"farmersdelight:cabbage_seeds":7,"minecraft:iron_boots":2,"minecraft:stick":216,"farmersdelight:rotten_tomato":1,"minecraft:torch":58,"sophisticatedbackpacks:auto_smelting_upgrade":1,"minecraft:cherry_log":10,"minecraft:diorite":22,"quark:ancient_tome":1,"minecraft:rotten_flesh":16,"minecraft:obsidian":48,"minecraft:cobblestone":148,"minecraft:birch_log":38,"minecraft:lilac":13,"minecraft:cooked_beef":4,"minecraft:andesite":14,"minecraft:copper_block":128,"minecraft:potato":51,"paraglider:spirit_orb":2,"minecraft:flint":1,"minecraft:tuff":21,"minecraft:lapis_lazuli":181,"farmersdelight:tomato":22,"minecraft:dirt":72,"tacz:ammo_box":6,"minecraft:bone":10,"minecraft:wheat_seeds":43,"minecraft:raw_gold":15,"minecraft:oak_planks":2,"minecraft:ghast_tear":1,"royalvariations:royal_bone":1,"minecraft:poisonous_potato":1,"minecraft:sand":25,"minecraft:mossy_cobblestone":2,"minecraft:iron_hoe":2,"minecraft:diamond":66,"minecraft:granite":13,"minecraft:white_concrete":1,"minecraft:oak_sapling":163,"minecraft:diamond_pickaxe":4,"minecraft:crafting_table":3,"gravestone:obituary":2,"quark:dark_oak_chest":2,"minecraft:moss_carpet":6,"tacz:ammo":372,"minecraft:beef":3,"minecraft:sugar_cane":25,"minecraft:birch_sapling":12,"minecraft:raw_iron":88,"sophisticatedbackpacks:crafting_upgrade":1,"minecraft:carrot":52,"minecraft:redstone":92,"minecraft:arrow":19,"minecraft:beetroot_seeds":13,"farmersdelight:hamburger":16,"minecraft:saddle":1,"minecraft:gold_ingot":65,"minecraft:mutton":1,"minecraft:white_wool":1,"minecraft:rail":6,"minecraft:bone_block":12,"minecraft:golden_carrot":1,"minecraft:glow_ink_sac":3,"minecraft:leather":9,"minecraft:oak_log":335,"minecraft:gunpowder":65,"farmersdelight:skillet":1,"quark:forgotten_hat":1,"minecraft:apple":17,"minecraft:iron_ingot":256,"minecraft:iron_sword":1,"sophisticatedbackpacks:diamond_backpack":1,"minecraft:pumpkin":2,"minecraft:sweet_berries":3,"quark:glass_item_frame":41,"minecraft:gravel":17,"minecraft:spruce_sapling":6,"minecraft:spruce_log":6,"quark:oak_chest":1,"minecraft:spider_eye":1,"tacz:modern_kinetic_gun":18,"minecraft:iron_helmet":1,"minecraft:cherry_sapling":7,"minecraft:coal":137},"minecraft:dropped":{"minecraft:cooked_beef":1,"minecraft:seagrass":2,"gravestone:obituary":4,"minecraft:iron_pickaxe":1,"minecraft:gravel":17,"minecraft:cobbled_deepslate":4,"minecraft:rotten_flesh":1,"minecraft:wheat_seeds":1,"minecraft:mossy_cobblestone":2,"minecraft:cobblestone":44,"quark:glass_item_frame":1,"tacz:ammo_box":1,"minecraft:diorite":18,"tacz:modern_kinetic_gun":5,"minecraft:tuff":18,"minecraft:iron_hoe":1,"minecraft:oak_sign":2,"minecraft:stone":1,"minecraft:diamond_pickaxe":3,"minecraft:andesite":12,"minecraft:redstone_torch":3},"minecraft:killed":{"minecraft:cave_spider":2,"minecraft:spider":3,"royalvariations:royal_skeleton":1,"quark:forgotten":2,"minecraft:skeleton":3,"minecraft:silverfish":5,"minecraft:turtle":1,"minecraft:creeper":10,"minecraft:sheep":1,"minecraft:zombie":18,"enemyexpansion:vampire":1,"enemyexpansion:botfly":5,"minecraft:ghast":1,"minecraft:glow_squid":3,"minecraft:cow":1,"enemyexpansion:wasp":1,"royalvariations:royal_creeper":1,"enemyexpansion:vampbiter":1,"enemyexpansion:intruder":3,"enemyexpansion:direwolf":3,"enemyexpansion:goblin_fear":1,"minecraft:horse":7,"enemyexpansion:faller":1,"enemyexpansion:silverqueen":1,"minecraft:warden":1,"enemyexpansion:goblin":2,"enemyexpansion:sprinter":1,"minecraft:squid":1,"enemyexpansion:crawler":1,"royalvariations:royal_zombie":1,"enemyexpansion:slugger":1}},"DataVersion":3465}