{"stats":{"minecraft:mined":{"minecraft:oak_log":176,"minecraft:birch_log":20},"minecraft:custom":{"minecraft:time_since_rest":50438,"minecraft:open_chest":5,"minecraft:waystone_activated":5,"minecraft:crouch_one_cm":69,"minecraft:play_time":50438,"minecraft:sprint_one_cm":51008,"minecraft:walk_one_cm":182913,"minecraft:sneak_time":226,"minecraft:drop":5,"minecraft:jump":229,"minecraft:damage_dealt":40,"minecraft:leave_game":1,"minecraft:time_since_death":50438,"minecraft:walk_on_water_one_cm":312,"minecraft:total_world_time":50438,"minecraft:fly_one_cm":284150},"minecraft:used":{"waystones:waystone":1,"minecraft:black_concrete":123,"minecraft:dirt":143,"minecraft:birch_planks":395,"minecraft:stripped_birch_log":1,"minecraft:grass_block":57,"quark:oak_chest":4,"minecraft:polished_blackstone_brick_wall":3,"minecraft:quartz_block":17,"minecraft:stone_bricks":181},"minecraft:picked_up":{"minecraft:birch_log":13,"minecraft:stick":46,"minecraft:apple":7,"minecraft:wheat_seeds":3,"minecraft:redstone_torch":2,"minecraft:oak_log":125,"minecraft:oak_sapling":54,"minecraft:birch_sapling":4,"minecraft:moss_carpet":3},"minecraft:dropped":{"minecraft:redstone_torch":2,"tacz:modern_kinetic_gun":1,"minecraft:stone":1,"minecraft:wheat_seeds":1}},"DataVersion":3465}