{"stats":{"minecraft:killed_by":{"minecraft:player":2},"minecraft:dropped":{"minecraft:lime_bed":1},"minecraft:custom":{"minecraft:time_since_rest":245,"minecraft:crouch_one_cm":4856,"minecraft:play_time":11462,"minecraft:sprint_one_cm":22545,"minecraft:walk_one_cm":39973,"minecraft:damage_taken":500,"minecraft:deaths":2,"minecraft:sneak_time":1148,"minecraft:drop":1,"minecraft:jump":123,"minecraft:damage_dealt":70,"minecraft:time_since_death":209,"minecraft:sleep_in_bed":2,"minecraft:total_world_time":11462,"minecraft:fly_one_cm":19245,"minecraft:fall_one_cm":4333,"minecraft:player_kills":2},"minecraft:mined":{"gravestone:gravestone":1,"minecraft:hay_block":26,"minecraft:dead_bush":1,"minecraft:sand":13,"minecraft:green_bed":2},"minecraft:picked_up":{"minecraft:stick":2,"minecraft:lime_bed":1,"tacz:ammo":26,"minecraft:cactus":2,"tacz:modern_kinetic_gun":1,"minecraft:green_bed":2,"minecraft:hay_block":24,"minecraft:sand":13},"minecraft:used":{"minecraft:sand":13,"minecraft:green_bed":1}},"DataVersion":3465}