{"stats":{"minecraft:picked_up":{"minecraft:music_disc_strad":1,"minecraft:wheat":69,"minecraft:lead":5,"minecraft:infested_stone":23,"minecraft:string":90,"minecraft:raw_copper":47,"minecraft:smooth_stone_slab":2,"minecraft:zombie_head":1,"minecraft:oak_sign":11,"minecraft:cobbled_deepslate":35,"minecraft:bucket":4,"comforts:sleeping_bag_white":2,"minecraft:coal_block":12,"minecraft:melon_slice":24,"minecraft:furnace":7,"minecraft:white_glazed_terracotta":4,"minecraft:polished_blackstone_brick_slab":1,"minecraft:stick":116,"minecraft:jungle_door":6,"minecraft:oak_fence":13,"minecraft:torch":66,"minecraft:green_bed":5,"minecraft:sandstone_wall":2,"minecraft:snow_block":2,"minecraft:porkchop":8,"minecraft:diorite":21,"minecraft:chiseled_nether_bricks":2,"minecraft:stone_sword":2,"man:redcandle":3,"minecraft:cactus":2,"minecraft:rotten_flesh":14,"minecraft:cobblestone":712,"minecraft:birch_log":149,"minecraft:magma_block":3,"minecraft:feather":2,"minecraft:cooked_beef":4,"minecraft:andesite":11,"minecraft:water_bucket":1,"minecraft:jungle_log":76,"minecraft:golden_leggings":1,"minecraft:flint":6,"minecraft:tuff":2,"minecraft:lapis_lazuli":125,"minecraft:dirt":3347,"minecraft:bone":16,"minecraft:bow":2,"minecraft:wheat_seeds":228,"cfm:oak_park_bench":1,"minecraft:raw_gold":35,"minecraft:bell":2,"minecraft:grindstone":12,"tacz:gun_smith_table":1,"minecraft:rabbit":2,"minecraft:bamboo":64,"minecraft:powered_rail":4,"minecraft:oak_planks":71,"minecraft:chiseled_polished_blackstone":1,"minecraft:oak_pressure_plate":2,"minecraft:polished_blackstone_slab":2,"minecraft:sand":121,"minecraft:jungle_planks":15,"sophisticatedbackpacks:iron_backpack":1,"minecraft:jungle_slab":2,"quark:jasper":9,"minecraft:diamond":2,"waystones:waystone":2,"minecraft:crossbow":1,"minecraft:granite":19,"minecraft:bread":13,"minecraft:oak_sapling":109,"minecraft:netherrack":104,"minecraft:coarse_dirt":1,"minecraft:crafting_table":16,"minecraft:azure_bluet":16,"minecraft:chicken":3,"minecraft:clay_ball":96,"minecraft:wooden_pickaxe":1,"gravestone:obituary":10,"minecraft:shield":1,"minecraft:cornflower":6,"minecraft:moss_carpet":1,"tacz:ammo":405,"minecraft:polished_blackstone_wall":4,"minecraft:iron_shovel":1,"minecraft:beef":7,"minecraft:oak_boat":8,"minecraft:jungle_sapling":15,"minecraft:poppy":16,"minecraft:sugar_cane":40,"minecraft:birch_sapling":61,"minecraft:egg":11,"minecraft:raw_iron":145,"minecraft:sandstone":2,"minecraft:spruce_fence":4,"sophisticatedbackpacks:backpack":4,"minecraft:stone_button":4,"minecraft:redstone":104,"minecraft:tnt":2,"minecraft:arrow":35,"minecraft:hay_block":38,"minecraft:polished_blackstone":1,"minecraft:bone_block":9,"minecraft:mutton":14,"minecraft:rail":8,"minecraft:white_wool":40,"minecraft:oxeye_daisy":14,"quark:crab_leg":14,"minecraft:lime_bed":6,"minecraft:glow_ink_sac":7,"minecraft:leather":9,"minecraft:jungle_fence":10,"minecraft:filled_map":2,"minecraft:oak_log":158,"minecraft:gunpowder":15,"minecraft:white_banner":3,"quark:forgotten_hat":2,"minecraft:cooked_mutton":33,"minecraft:apple":9,"minecraft:rabbit_hide":5,"minecraft:iron_ingot":13,"minecraft:stone_pickaxe":1,"minecraft:stone_brick_slab":2,"minecraft:dandelion":117,"minecraft:gravel":73,"minecraft:blast_furnace":5,"minecraft:white_bed":6,"quark:oak_chest":8,"minecraft:mossy_stone_brick_slab":1,"minecraft:spider_eye":2,"minecraft:stone_axe":1,"tacz:modern_kinetic_gun":4,"minecraft:black_wool":2,"minecraft:coal":388,"minecraft:ender_pearl":2},"minecraft:killed":{"minecraft:skeleton":12,"minecraft:chicken":3,"quark:crab":1,"minecraft:pig":4,"minecraft:zombie_villager":1,"minecraft:creeper":11,"minecraft:sheep":10,"minecraft:trader_llama":2,"minecraft:pillager":6,"minecraft:zombie":10,"minecraft:stray":1,"minecraft:cow":3,"minecraft:rabbit":2,"minecraft:wandering_trader":1,"minecraft:frog":2,"minecraft:polar_bear":1,"minecraft:enderman":1},"minecraft:killed_by":{"minecraft:zombie_villager":1,"minecraft:creeper":1,"man:managgresive":1,"minecraft:cave_spider":3,"minecraft:player":6,"minecraft:skeleton":3,"cave_dweller:cave_dweller":1},"minecraft:mined":{"minecraft:white_bed":6,"minecraft:oak_sapling":6,"minecraft:farmland":1,"minecraft:mossy_stone_brick_slab":1,"minecraft:jungle_slab":2,"minecraft:granite":18,"minecraft:grass_block":2121,"minecraft:jungle_log":76,"tacz:gun_smith_table":1,"minecraft:oak_wall_sign":1,"minecraft:oxeye_daisy":5,"minecraft:spawner":1,"minecraft:magma_block":7,"minecraft:iron_ore":99,"minecraft:fire":17,"minecraft:moss_carpet":1,"minecraft:deepslate_lapis_ore":4,"minecraft:azure_bluet":4,"minecraft:oak_sign":5,"minecraft:dirt_path":49,"minecraft:green_bed":4,"minecraft:deepslate_redstone_ore":25,"minecraft:jungle_door":1,"minecraft:clay":25,"minecraft:torch":26,"minecraft:blast_furnace":2,"minecraft:poppy":3,"minecraft:melon":4,"man:redcandle":2,"minecraft:dead_bush":6,"minecraft:cobblestone":51,"minecraft:grindstone":2,"minecraft:sugar_cane":4,"minecraft:oak_planks":11,"minecraft:wall_torch":23,"minecraft:birch_sapling":2,"minecraft:mud":1,"minecraft:birch_log":149,"minecraft:smooth_stone_slab":1,"minecraft:grass":221,"minecraft:oak_log":161,"minecraft:sand":124,"minecraft:dirt":1258,"minecraft:sandstone_wall":1,"minecraft:netherrack":111,"minecraft:oak_leaves":16,"minecraft:deepslate":35,"minecraft:tuff":2,"minecraft:deepslate_diamond_ore":1,"gravestone:gravestone":15,"minecraft:stone_button":2,"minecraft:spruce_fence":1,"minecraft:jungle_planks":14,"quark:jasper":9,"minecraft:hay_block":38,"minecraft:furnace":6,"minecraft:jungle_sapling":1,"minecraft:andesite":11,"minecraft:white_glazed_terracotta":5,"minecraft:bell":2,"minecraft:deepslate_iron_ore":47,"minecraft:bamboo":2,"minecraft:stone":614,"quark:oak_chest":8,"minecraft:stone_brick_slab":2,"minecraft:dandelion":16,"minecraft:oak_fence":10,"minecraft:crafting_table":12,"minecraft:cornflower":1,"minecraft:tall_grass":20,"minecraft:copper_ore":15,"minecraft:lapis_ore":16,"minecraft:deepslate_gold_ore":17,"minecraft:diorite":20,"minecraft:lime_bed":5,"minecraft:coarse_dirt":1,"minecraft:jungle_fence":2,"minecraft:coal_ore":258,"minecraft:gravel":76,"minecraft:cobweb":21,"minecraft:polished_blackstone":1,"minecraft:gold_ore":12,"minecraft:fern":2},"minecraft:dropped":{"minecraft:porkchop":7,"minecraft:ender_pearl":2,"minecraft:crafting_table":2,"minecraft:leather":2,"minecraft:rail":16,"minecraft:dirt":14,"minecraft:stone_button":4,"minecraft:cornflower":3,"gravestone:obituary":19,"minecraft:sand":2,"minecraft:polished_blackstone_slab":2,"minecraft:birch_log":15,"minecraft:white_wool":1,"minecraft:bone":4,"minecraft:gravel":5,"minecraft:polished_blackstone_wall":4,"minecraft:chiseled_polished_blackstone":1,"minecraft:sugar_cane":10,"minecraft:cobbled_deepslate":6,"minecraft:birch_sapling":7,"quark:crab_leg":5,"minecraft:oak_planks":29,"minecraft:mossy_stone_brick_slab":1,"minecraft:cooked_mutton":33,"minecraft:azure_bluet":4,"minecraft:sandstone_wall":2,"minecraft:rabbit_hide":1,"minecraft:lime_bed":1,"man:redcandle":2,"quark:forgotten_hat":3,"minecraft:arrow":5,"minecraft:powered_rail":8,"minecraft:white_glazed_terracotta":4,"minecraft:netherrack":32,"minecraft:egg":2,"minecraft:water_bucket":2,"minecraft:bread":41,"minecraft:iron_ingot":26,"minecraft:chiseled_nether_bricks":2,"minecraft:wheat_seeds":20,"minecraft:tnt":6,"minecraft:oak_fence":9,"minecraft:feather":2,"minecraft:cobblestone":35,"minecraft:diorite":6,"minecraft:torch":1,"minecraft:rabbit":2,"minecraft:melon_slice":24,"tacz:modern_kinetic_gun":2,"minecraft:polished_blackstone_brick_slab":1,"minecraft:cactus":2,"quark:jasper":8,"minecraft:iron_shovel":2,"minecraft:string":30,"minecraft:bucket":3,"minecraft:dandelion":26,"minecraft:stone_brick_slab":2,"minecraft:redstone":8,"minecraft:snow_block":1,"minecraft:furnace":2,"minecraft:moss_carpet":1,"minecraft:coarse_dirt":1,"minecraft:stone_sword":2,"minecraft:smooth_stone_slab":2,"minecraft:green_bed":1,"minecraft:tuff":2,"minecraft:stone_shovel":1,"minecraft:chicken":2,"sophisticatedbackpacks:backpack":2,"minecraft:oak_sign":2,"minecraft:spruce_fence":1,"minecraft:blast_furnace":1,"minecraft:filled_map":2,"minecraft:hay_block":2,"minecraft:shield":1,"minecraft:andesite":2,"minecraft:golden_leggings":2,"minecraft:oak_boat":4,"minecraft:oak_sapling":38,"minecraft:spider_eye":2,"minecraft:bamboo":16,"tacz:ammo":174,"minecraft:sandstone":2,"minecraft:bow":1,"minecraft:wooden_pickaxe":1,"minecraft:magma_block":3,"minecraft:black_wool":4},"minecraft:custom":{"minecraft:animals_bred":8,"minecraft:interact_with_crafting_table":117,"minecraft:bell_ring":4,"minecraft:leave_game":23,"minecraft:time_since_death":312568,"minecraft:sprint_one_cm":1827704,"minecraft:damage_blocked_by_shield":855,"minecraft:drop":196,"minecraft:play_time":718733,"minecraft:deaths":16,"minecraft:jump":6248,"minecraft:walk_on_water_one_cm":67285,"minecraft:interact_with_furnace":185,"minecraft:sleep_in_bed":67,"minecraft:waystone_activated":6,"minecraft:damage_dealt":4561,"minecraft:player_kills":4,"minecraft:crouch_one_cm":45529,"minecraft:interact_with_smoker":1,"minecraft:horse_one_cm":350707,"minecraft:mob_kills":72,"minecraft:climb_one_cm":4503,"minecraft:walk_one_cm":2367719,"minecraft:sneak_time":16263,"minecraft:walk_under_water_one_cm":31604,"minecraft:boat_one_cm":266421,"minecraft:interact_with_blast_furnace":20,"minecraft:total_world_time":718733,"minecraft:pot_flower":3,"minecraft:interact_with_stonecutter":1,"minecraft:interact_with_grindstone":1,"minecraft:time_since_rest":1565,"minecraft:damage_taken":7930,"minecraft:swim_one_cm":18837,"minecraft:fly_one_cm":1211407,"minecraft:open_chest":339,"minecraft:fall_one_cm":119393},"minecraft:used":{"minecraft:iron_shovel":250,"minecraft:polished_blackstone":1,"minecraft:oak_sign":2,"cfm:jungle_table":4,"minecraft:shield":18,"minecraft:stone":67,"minecraft:iron_sword":103,"minecraft:bell":2,"minecraft:jungle_planks":79,"minecraft:milk_bucket":4,"minecraft:glass":52,"minecraft:jungle_sapling":10,"minecraft:lava_bucket":4,"minecraft:jungle_fence_gate":3,"minecraft:birch_sapling":28,"minecraft:oak_sapling":20,"minecraft:furnace":9,"minecraft:egg":1,"cfm:oak_park_bench":1,"minecraft:oak_planks":88,"minecraft:stone_pickaxe":131,"minecraft:jungle_fence":37,"minecraft:wooden_pickaxe":10,"minecraft:sand":13,"minecraft:blast_furnace":2,"waystones:waystone":1,"minecraft:bread":21,"quark:jasper":1,"minecraft:oak_pressure_plate":2,"minecraft:gravel":26,"minecraft:grindstone":4,"minecraft:oak_boat":3,"minecraft:bone_meal":30,"minecraft:oak_fence":11,"minecraft:stone_sword":116,"minecraft:stone_shovel":3540,"tacz:gun_smith_table":2,"minecraft:stone_hoe":55,"minecraft:netherrack":49,"minecraft:torch":326,"minecraft:dirt":2351,"minecraft:iron_axe":449,"comforts:sleeping_bag_white":2,"minecraft:cooked_beef":4,"minecraft:cobbled_deepslate":9,"minecraft:cooked_mutton":67,"minecraft:wheat_seeds":53,"minecraft:water_bucket":64,"minecraft:birch_planks":358,"minecraft:lead":1,"minecraft:green_bed":4,"man:redcandle":1,"minecraft:oak_slab":12,"minecraft:lime_bed":5,"minecraft:crafting_table":17,"minecraft:white_bed":9,"minecraft:flower_pot":2,"minecraft:iron_pickaxe":1278,"minecraft:stone_axe":137,"minecraft:cobblestone":137,"minecraft:white_banner":1,"minecraft:cooked_porkchop":1,"minecraft:jungle_door":7,"minecraft:bucket":71,"quark:oak_chest":19},"minecraft:broken":{"minecraft:iron_shovel":1,"minecraft:stone_pickaxe":1,"minecraft:stone_axe":1,"minecraft:stone_shovel":25,"minecraft:iron_axe":1,"minecraft:iron_pickaxe":4},"minecraft:crafted":{"minecraft:brick":6,"minecraft:oak_planks":330,"minecraft:jungle_fence_gate":3,"minecraft:oak_pressure_plate":2,"minecraft:cooked_chicken":1,"minecraft:stone":238,"minecraft:cooked_mutton":10,"minecraft:glass":52,"minecraft:iron_boots":1,"minecraft:stone_hoe":1,"minecraft:oak_fence":12,"minecraft:flower_pot":2,"minecraft:oak_slab":12,"minecraft:cooked_porkchop":1,"minecraft:crafting_table":8,"minecraft:iron_helmet":1,"cfm:jungle_table":4,"minecraft:copper_ingot":47,"minecraft:birch_planks":392,"minecraft:iron_chestplate":1,"minecraft:stick":128,"quark:oak_chest":11,"minecraft:iron_ingot":145,"minecraft:iron_pickaxe":5,"minecraft:iron_block":1,"minecraft:gold_ingot":35,"minecraft:shears":1,"minecraft:coal":9,"minecraft:stone_shovel":29,"minecraft:iron_nugget":18,"comforts:sleeping_bag_white":1,"minecraft:furnace":4,"minecraft:bone_meal":30,"minecraft:iron_axe":2,"minecraft:stone_pickaxe":2,"minecraft:jungle_fence":51,"minecraft:wheat":243,"minecraft:cooked_beef":3,"minecraft:coal_block":24,"minecraft:iron_sword":1,"tacz:gun_smith_table":1,"sophisticatedbackpacks:gold_backpack":1,"minecraft:bucket":2,"minecraft:bread":72,"minecraft:air":0,"minecraft:jungle_planks":256,"minecraft:oak_boat":2,"minecraft:jungle_door":3,"minecraft:iron_shovel":1,"minecraft:iron_leggings":1,"minecraft:white_bed":3,"minecraft:torch":276}},"DataVersion":3465}