{"stats":{"minecraft:killed":{"minecraft:rabbit":2},"minecraft:killed_by":{"minecraft:player":4},"minecraft:dropped":{"gravestone:obituary":4,"minecraft:lime_bed":1,"minecraft:cactus":2},"minecraft:custom":{"minecraft:crouch_one_cm":5510,"minecraft:time_since_rest":3160,"minecraft:sprint_one_cm":58714,"minecraft:damage_taken":1140,"minecraft:walk_one_cm":78501,"minecraft:deaths":4,"minecraft:sneak_time":1343,"minecraft:mob_kills":2,"minecraft:drop":7,"minecraft:jump":369,"minecraft:damage_dealt":129,"minecraft:leave_game":1,"minecraft:time_since_death":6430,"minecraft:sleep_in_bed":5,"minecraft:total_world_time":22618,"minecraft:fall_one_cm":11032,"minecraft:fly_one_cm":64754,"minecraft:player_kills":3,"minecraft:play_time":22618},"minecraft:mined":{"gravestone:gravestone":4,"minecraft:hay_block":26,"minecraft:dead_bush":5,"minecraft:sand":13,"minecraft:green_bed":4},"minecraft:picked_up":{"minecraft:lime_bed":1,"minecraft:stick":5,"tacz:ammo":26,"minecraft:cactus":2,"tacz:modern_kinetic_gun":1,"minecraft:green_bed":4,"minecraft:rabbit_hide":1,"minecraft:hay_block":24,"minecraft:sand":13,"minecraft:rabbit":2},"minecraft:used":{"minecraft:sand":13,"minecraft:green_bed":3,"minecraft:cooked_mutton":1}},"DataVersion":3465}