{"stats":{"minecraft:crafted":{"minecraft:black_dye":6,"minecraft:grindstone":2,"minecraft:oak_planks":292,"minecraft:cobblestone_slab":6,"quark:birch_chest":1,"minecraft:stone":8,"minecraft:glass":23,"minecraft:diamond_helmet":1,"minecraft:diamond_leggings":1,"minecraft:copper_block":3,"minecraft:wooden_shovel":1,"minecraft:crafting_table":2,"minecraft:baked_potato":9,"minecraft:wooden_pickaxe":1,"minecraft:gold_block":8,"minecraft:birch_planks":8,"minecraft:white_stained_glass_pane":8,"minecraft:book":1,"minecraft:wooden_hoe":1,"minecraft:paper":18,"minecraft:diamond_pickaxe":2,"minecraft:stick":132,"minecraft:stone_slab":6,"quark:oak_chest":6,"minecraft:iron_ingot":270,"minecraft:iron_pickaxe":4,"minecraft:iron_block":46,"minecraft:shears":1,"minecraft:stone_shovel":1,"minecraft:smooth_stone_slab":6,"minecraft:glass_pane":16,"minecraft:iron_axe":2,"minecraft:iron_hoe":8,"minecraft:diamond_boots":1,"minecraft:coal_block":13,"minecraft:bone_block":7,"minecraft:diamond_sword":1,"minecraft:iron_sword":1,"minecraft:bucket":2,"minecraft:bread":3,"minecraft:air":0,"minecraft:white_dye":12,"minecraft:wooden_axe":1,"minecraft:black_stained_glass_pane":8,"minecraft:iron_shovel":3,"minecraft:armor_stand":3,"minecraft:anvil":1,"minecraft:white_bed":2,"quark:charcoal_block":4,"minecraft:torch":196,"minecraft:diamond_chestplate":1},"minecraft:mined":{"minecraft:sculk_vein":189,"minecraft:cherry_log":21,"minecraft:obsidian":49,"minecraft:granite":11,"minecraft:grass_block":77,"minecraft:white_concrete":1,"minecraft:spawner":1,"minecraft:sculk_catalyst":1,"minecraft:cobbled_deepslate":5,"minecraft:iron_ore":49,"minecraft:fire":23,"minecraft:pumpkin":4,"minecraft:deepslate_lapis_ore":27,"minecraft:oak_sign":5,"minecraft:deepslate_redstone_ore":23,"minecraft:torch":20,"minecraft:melon":3,"minecraft:cobblestone":15,"minecraft:sugar_cane":13,"minecraft:oak_planks":16,"minecraft:wall_torch":10,"minecraft:deepslate_copper_ore":8,"minecraft:birch_log":164,"minecraft:grass":57,"minecraft:oak_log":846,"minecraft:sand":365,"minecraft:dirt":47,"minecraft:oak_leaves":17,"minecraft:deepslate":137,"minecraft:infested_deepslate":1,"minecraft:tuff":11,"minecraft:mossy_cobblestone":1,"minecraft:deepslate_diamond_ore":12,"gravestone:gravestone":2,"minecraft:spruce_leaves":3,"minecraft:andesite":32,"minecraft:deepslate_iron_ore":47,"minecraft:rail":1,"minecraft:stone":317,"quark:oak_chest":2,"quark:dark_oak_chest":2,"minecraft:crafting_table":4,"minecraft:copper_ore":1,"minecraft:deepslate_gold_ore":14,"minecraft:sculk":1458,"minecraft:diorite":8,"minecraft:spruce_log":12,"minecraft:coal_ore":139},"minecraft:used":{"minecraft:cherry_sapling":3,"minecraft:iron_shovel":327,"minecraft:smooth_quartz_slab":19,"farmersdelight:cabbage_seeds":8,"minecraft:diamond_hoe":111,"minecraft:black_carpet":93,"farmersdelight:stove":2,"minecraft:donkey_spawn_egg":1,"minecraft:white_terracotta":19,"minecraft:iron_sword":4,"securitycraft:reinforced_blue_ice":147,"minecraft:iron_chestplate":1,"minecraft:brick_slab":19,"minecraft:carrot":36,"minecraft:lava_bucket":1,"minecraft:bricks":4,"minecraft:black_stained_glass_pane":130,"minecraft:quartz_slab":60,"minecraft:lantern":1,"minecraft:grass_block":436,"mcwlights:golden_chandelier":12,"minecraft:quartz_block":35,"minecraft:polished_blackstone_brick_wall":10,"minecraft:dark_oak_slab":21,"quark:paper_lantern_sakura":3,"quark:blaze_lantern":1,"minecraft:stone_brick_stairs":149,"minecraft:stone_bricks":539,"minecraft:item_frame":12,"minecraft:furnace":5,"minecraft:beetroot_seeds":6,"minecraft:potato":30,"farmersdelight:hamburger":10,"minecraft:cow_spawn_egg":2,"securitycraft:reinforced_ice":1,"minecraft:brick_wall":3,"minecraft:stripped_birch_log":90,"mcwlights:white_lamp":2,"minecraft:oak_planks":40,"minecraft:sandstone":12,"minecraft:sugar_cane":7,"minecraft:smooth_quartz_stairs":2,"minecraft:dark_oak_trapdoor":13,"minecraft:sand":341,"minecraft:black_banner":2,"minecraft:blast_furnace":5,"minecraft:pumpkin_seeds":2,"minecraft:black_terracotta":128,"minecraft:redstone_torch":8,"waystones:waystone":2,"quark:blackstone_furnace":4,"minecraft:black_concrete":685,"minecraft:zombie_head":1,"minecraft:birch_slab":229,"minecraft:bread":3,"minecraft:deepslate":3,"quark:brick_vertical_slab":14,"minecraft:coal_block":6,"minecraft:grindstone":2,"minecraft:white_concrete":273,"minecraft:experience_bottle":4,"minecraft:oak_fence":72,"quark:birch_chest":1,"minecraft:enchanting_table":1,"minecraft:armor_stand":4,"minecraft:stone_shovel":132,"quark:dark_oak_bookshelf":31,"tacz:gun_smith_table":2,"securitycraft:keypad_door_item":2,"minecraft:wooden_shovel":30,"minecraft:torch":232,"minecraft:dirt":197,"minecraft:anvil":1,"minecraft:spruce_stairs":14,"minecraft:oak_fence_gate":1,"minecraft:iron_hoe":1640,"minecraft:wooden_axe":9,"minecraft:iron_axe":79,"minecraft:brick_stairs":2,"minecraft:smooth_quartz":720,"minecraft:melon_seeds":2,"minecraft:diamond_chestplate":1,"minecraft:glowstone":60,"mcwlights:golden_chain":26,"securitycraft:dirt_mine":1,"minecraft:white_stained_glass_pane":235,"minecraft:cooked_beef":3,"farmersdelight:tomato_seeds":16,"minecraft:cobbled_deepslate":16,"minecraft:wheat_seeds":29,"minecraft:quartz_bricks":13,"minecraft:cooked_mutton":17,"minecraft:water_bucket":268,"farmersdelight:skillet":3,"minecraft:birch_planks":406,"comforts:sleeping_bag_black":10,"minecraft:baked_potato":9,"minecraft:sheep_spawn_egg":1,"minecraft:spruce_fence_gate":4,"securitycraft:scanner_door_item":4,"minecraft:horse_spawn_egg":8,"minecraft:gilded_blackstone":8,"minecraft:glow_item_frame":1,"minecraft:stripped_dark_oak_log":350,"minecraft:tnt":5,"minecraft:crafting_table":19,"mcwlights:golden_small_chandelier":1,"minecraft:campfire":2,"minecraft:white_bed":4,"minecraft:painting":46,"minecraft:infested_stone_bricks":16,"minecraft:smoker":4,"securitycraft:reinforced_nether_brick_wall":1,"quark:glass_item_frame":19,"minecraft:flower_pot":1,"minecraft:diamond_pickaxe":79,"minecraft:apple":5,"minecraft:iron_pickaxe":872,"minecraft:pig_spawn_egg":2,"securitycraft:reinforced_deepslate_tile_wall":108,"quark:dark_oak_chest":43,"minecraft:cobblestone":80,"minecraft:bucket":58,"quark:nether_brick_chest":1,"quark:oak_chest":12},"minecraft:killed_by":{"minecraft:player":1},"minecraft:broken":{"minecraft:iron_shovel":1,"minecraft:stone_shovel":1,"minecraft:iron_hoe":7,"minecraft:iron_pickaxe":3},"minecraft:dropped":{"minecraft:cooked_beef":1,"minecraft:diamond":1,"minecraft:seagrass":2,"gravestone:obituary":4,"minecraft:iron_pickaxe":1,"minecraft:birch_log":50,"minecraft:gravel":17,"minecraft:cobbled_deepslate":4,"minecraft:cherry_sapling":4,"minecraft:rotten_flesh":1,"minecraft:cooked_mutton":9,"minecraft:white_bed":1,"minecraft:wheat_seeds":1,"minecraft:mossy_cobblestone":2,"minecraft:cobblestone":44,"quark:glass_item_frame":1,"tacz:ammo_box":1,"minecraft:diorite":18,"tacz:modern_kinetic_gun":5,"minecraft:iron_axe":1,"minecraft:tuff":18,"minecraft:iron_hoe":1,"minecraft:oak_sign":2,"minecraft:stone":1,"minecraft:diamond_pickaxe":3,"minecraft:andesite":12,"minecraft:redstone_torch":3},"minecraft:picked_up":{"minecraft:seagrass":2,"minecraft:iron_chestplate":2,"minecraft:wheat":46,"minecraft:creeper_head":1,"minecraft:diamond_sword":1,"royalvariations:royal_gunpowder":2,"minecraft:enchanted_book":3,"minecraft:string":4,"minecraft:raw_copper":35,"minecraft:iron_leggings":2,"minecraft:armor_stand":1,"sophisticatedbackpacks:stack_upgrade_tier_4":1,"minecraft:experience_bottle":5,"minecraft:oak_sign":4,"minecraft:beetroot":24,"comforts:sleeping_bag_black":8,"minecraft:cobbled_deepslate":143,"farmersdelight:cabbage":22,"minecraft:redstone_torch":2,"minecraft:melon_slice":20,"farmersdelight:cabbage_seeds":19,"minecraft:iron_boots":2,"minecraft:stick":365,"farmersdelight:rotten_tomato":1,"minecraft:torch":68,"sophisticatedbackpacks:auto_smelting_upgrade":1,"minecraft:cherry_log":21,"minecraft:diorite":22,"quark:ancient_tome":1,"minecraft:rotten_flesh":21,"minecraft:obsidian":48,"minecraft:cobblestone":370,"minecraft:birch_log":159,"minecraft:cooked_beef":4,"minecraft:lilac":13,"minecraft:andesite":42,"minecraft:copper_block":128,"minecraft:potato":205,"paraglider:spirit_orb":2,"minecraft:flint":1,"minecraft:tuff":21,"minecraft:lapis_lazuli":181,"farmersdelight:tomato":83,"minecraft:dirt":122,"tacz:ammo_box":6,"minecraft:bone":10,"minecraft:wheat_seeds":102,"minecraft:raw_gold":15,"minecraft:oak_planks":16,"minecraft:ghast_tear":1,"securitycraft:dirt_mine":3,"royalvariations:royal_bone":1,"minecraft:poisonous_potato":3,"minecraft:sand":411,"minecraft:ink_sac":6,"minecraft:mossy_cobblestone":2,"minecraft:iron_hoe":2,"minecraft:diamond":67,"minecraft:granite":13,"minecraft:white_concrete":1,"minecraft:oak_sapling":451,"minecraft:diamond_pickaxe":4,"minecraft:crafting_table":4,"gravestone:obituary":4,"quark:dark_oak_chest":2,"minecraft:moss_carpet":13,"tacz:ammo":372,"minecraft:beef":3,"minecraft:sugar_cane":34,"minecraft:birch_sapling":66,"minecraft:raw_iron":108,"sophisticatedbackpacks:crafting_upgrade":1,"minecraft:carrot":190,"minecraft:redstone":92,"minecraft:arrow":19,"minecraft:beetroot_seeds":23,"farmersdelight:hamburger":16,"minecraft:saddle":1,"minecraft:gold_ingot":67,"minecraft:mutton":1,"minecraft:white_wool":11,"minecraft:rail":6,"minecraft:bone_block":12,"minecraft:golden_carrot":1,"minecraft:glow_ink_sac":3,"minecraft:leather":9,"minecraft:oak_log":775,"minecraft:gunpowder":65,"farmersdelight:skillet":1,"quark:forgotten_hat":1,"minecraft:apple":37,"minecraft:iron_ingot":256,"minecraft:iron_sword":1,"sophisticatedbackpacks:diamond_backpack":1,"minecraft:pumpkin":8,"minecraft:sweet_berries":3,"quark:glass_item_frame":41,"minecraft:dandelion":2,"minecraft:gravel":17,"minecraft:spruce_sapling":6,"minecraft:spruce_log":6,"quark:oak_chest":3,"minecraft:spider_eye":1,"tacz:modern_kinetic_gun":18,"minecraft:iron_helmet":1,"minecraft:cherry_sapling":172,"minecraft:coal":137},"minecraft:killed":{"minecraft:cave_spider":2,"minecraft:spider":3,"royalvariations:royal_skeleton":1,"quark:forgotten":2,"minecraft:skeleton":3,"minecraft:silverfish":5,"minecraft:turtle":1,"minecraft:creeper":10,"minecraft:sheep":1,"minecraft:zombie":19,"enemyexpansion:vampire":1,"enemyexpansion:botfly":5,"minecraft:ghast":1,"minecraft:glow_squid":3,"minecraft:cow":1,"enemyexpansion:wasp":1,"royalvariations:royal_creeper":1,"enemyexpansion:vampbiter":1,"enemyexpansion:intruder":3,"enemyexpansion:direwolf":3,"enemyexpansion:goblin_fear":1,"minecraft:horse":7,"enemyexpansion:faller":1,"enemyexpansion:silverqueen":1,"minecraft:warden":1,"enemyexpansion:goblin":2,"enemyexpansion:sprinter":1,"minecraft:squid":2,"enemyexpansion:crawler":1,"royalvariations:royal_zombie":2,"enemyexpansion:slugger":1},"minecraft:custom":{"minecraft:animals_bred":28,"minecraft:interact_with_crafting_table":52,"minecraft:leave_game":10,"minecraft:time_since_death":158484,"minecraft:sprint_one_cm":1102016,"minecraft:drop":48,"minecraft:play_time":702282,"minecraft:deaths":3,"minecraft:jump":4832,"minecraft:walk_on_water_one_cm":106950,"minecraft:enchant_item":4,"minecraft:interact_with_furnace":20,"minecraft:sleep_in_bed":19,"minecraft:waystone_activated":12,"minecraft:damage_dealt":577,"minecraft:crouch_one_cm":96296,"minecraft:interact_with_smoker":11,"minecraft:horse_one_cm":59760,"minecraft:mob_kills":88,"minecraft:interact_with_anvil":4,"minecraft:walk_one_cm":2024261,"minecraft:sneak_time":33030,"minecraft:walk_under_water_one_cm":76317,"minecraft:interact_with_blast_furnace":8,"minecraft:total_world_time":702282,"minecraft:pot_flower":1,"minecraft:interact_with_grindstone":4,"minecraft:time_since_rest":7183,"minecraft:damage_taken":2114,"minecraft:swim_one_cm":27242,"minecraft:fly_one_cm":1285875,"minecraft:open_chest":314,"minecraft:fall_one_cm":58912}},"DataVersion":3465}