{"stats":{"minecraft:mined":{"minecraft:birch_log":44,"minecraft:oak_log":245},"minecraft:custom":{"minecraft:time_since_rest":2557,"minecraft:waystone_activated":5,"minecraft:sprint_one_cm":91517,"minecraft:walk_one_cm":331295,"minecraft:mob_kills":3,"minecraft:drop":7,"minecraft:damage_dealt":50,"minecraft:fly_one_cm":416671,"minecraft:open_chest":5,"minecraft:crouch_one_cm":1056,"minecraft:play_time":110438,"minecraft:deaths":1,"minecraft:sneak_time":977,"minecraft:walk_under_water_one_cm":2449,"minecraft:jump":654,"minecraft:leave_game":1,"minecraft:walk_on_water_one_cm":1152,"minecraft:time_since_death":2523,"minecraft:total_world_time":110438},"minecraft:used":{"minecraft:redstone_torch":8,"waystones:waystone":1,"minecraft:black_concrete":417,"minecraft:birch_planks":396,"minecraft:black_stained_glass_pane":88,"minecraft:stripped_birch_log":88,"minecraft:grass_block":57,"minecraft:quartz_block":35,"minecraft:polished_blackstone_brick_wall":10,"securitycraft:reinforced_deepslate_tile_wall":92,"minecraft:white_terracotta":19,"minecraft:smooth_quartz":261,"minecraft:stone_bricks":446,"minecraft:dirt":143,"minecraft:stripped_dark_oak_log":301,"minecraft:tnt":5,"minecraft:white_stained_glass_pane":226,"minecraft:white_bed":1,"quark:oak_chest":4,"minecraft:white_concrete":267,"securitycraft:reinforced_nether_brick_wall":1},"minecraft:picked_up":{"minecraft:birch_log":13,"minecraft:stick":57,"minecraft:lilac":6,"minecraft:glow_ink_sac":1,"minecraft:oak_log":143,"minecraft:moss_carpet":3,"minecraft:apple":8,"minecraft:wheat_seeds":3,"tacz:modern_kinetic_gun":1,"minecraft:redstone_torch":2,"minecraft:oak_sapling":62,"minecraft:birch_sapling":4},"minecraft:dropped":{"minecraft:stone":1,"minecraft:wheat_seeds":1,"minecraft:redstone_torch":3,"gravestone:obituary":1,"tacz:modern_kinetic_gun":1},"minecraft:killed":{"minecraft:glow_squid":3}},"DataVersion":3465}