{"stats":{"minecraft:crafted":{"minecraft:oak_planks":268,"minecraft:iron_axe":1,"minecraft:iron_hoe":1,"minecraft:wooden_shovel":1,"minecraft:crafting_table":2,"minecraft:wooden_pickaxe":1,"minecraft:baked_potato":9,"minecraft:iron_sword":1,"minecraft:bread":3,"minecraft:air":0,"minecraft:wooden_hoe":1,"minecraft:stick":132,"quark:oak_chest":4,"minecraft:iron_pickaxe":1,"minecraft:wooden_axe":1,"minecraft:iron_shovel":1,"minecraft:torch":96},"minecraft:mined":{"minecraft:grass_block":20,"minecraft:pumpkin":2,"minecraft:oak_sign":2,"minecraft:crafting_table":1,"minecraft:torch":2,"minecraft:melon":1,"minecraft:sugar_cane":9,"minecraft:wall_torch":1,"minecraft:birch_log":60,"minecraft:grass":12,"minecraft:oak_log":369,"minecraft:dirt":7,"minecraft:oak_leaves":4},"minecraft:used":{"minecraft:oak_fence":72,"minecraft:enchanting_table":1,"minecraft:smooth_quartz_slab":19,"quark:dark_oak_bookshelf":31,"farmersdelight:cabbage_seeds":8,"minecraft:diamond_hoe":111,"minecraft:black_carpet":93,"tacz:gun_smith_table":2,"farmersdelight:stove":2,"minecraft:donkey_spawn_egg":1,"minecraft:white_terracotta":19,"securitycraft:keypad_door_item":2,"minecraft:wooden_shovel":30,"securitycraft:reinforced_blue_ice":147,"minecraft:torch":3,"minecraft:dirt":171,"minecraft:brick_slab":19,"minecraft:spruce_stairs":14,"minecraft:carrot":33,"minecraft:oak_fence_gate":1,"minecraft:wooden_axe":9,"minecraft:bricks":4,"minecraft:iron_axe":8,"minecraft:quartz_slab":60,"minecraft:black_stained_glass_pane":129,"minecraft:lantern":1,"minecraft:grass_block":436,"minecraft:brick_stairs":2,"mcwlights:golden_chandelier":12,"minecraft:quartz_block":35,"minecraft:polished_blackstone_brick_wall":10,"minecraft:dark_oak_slab":21,"quark:paper_lantern_sakura":3,"minecraft:smooth_quartz":720,"quark:blaze_lantern":1,"minecraft:melon_seeds":2,"minecraft:stone_brick_stairs":149,"minecraft:stone_bricks":539,"minecraft:item_frame":12,"minecraft:glowstone":60,"mcwlights:golden_chain":26,"minecraft:furnace":5,"minecraft:white_stained_glass_pane":232,"minecraft:beetroot_seeds":6,"minecraft:potato":30,"farmersdelight:tomato_seeds":16,"minecraft:wheat_seeds":29,"minecraft:quartz_bricks":13,"minecraft:water_bucket":212,"minecraft:cow_spawn_egg":2,"minecraft:brick_wall":3,"securitycraft:reinforced_ice":1,"farmersdelight:skillet":3,"minecraft:birch_planks":406,"minecraft:stripped_birch_log":90,"mcwlights:white_lamp":2,"comforts:sleeping_bag_black":3,"minecraft:baked_potato":9,"minecraft:oak_planks":40,"minecraft:sandstone":12,"securitycraft:scanner_door_item":4,"minecraft:sheep_spawn_egg":1,"minecraft:spruce_fence_gate":4,"minecraft:horse_spawn_egg":8,"minecraft:gilded_blackstone":8,"minecraft:smooth_quartz_stairs":2,"minecraft:glow_item_frame":1,"minecraft:dark_oak_trapdoor":13,"minecraft:sand":288,"minecraft:stripped_dark_oak_log":350,"minecraft:tnt":5,"minecraft:crafting_table":16,"minecraft:black_banner":2,"minecraft:blast_furnace":5,"mcwlights:golden_small_chandelier":1,"minecraft:campfire":2,"minecraft:white_bed":3,"minecraft:painting":46,"minecraft:infested_stone_bricks":16,"minecraft:smoker":4,"securitycraft:reinforced_nether_brick_wall":1,"minecraft:pumpkin_seeds":2,"minecraft:redstone_torch":8,"minecraft:black_terracotta":128,"waystones:waystone":2,"quark:blackstone_furnace":4,"minecraft:flower_pot":1,"minecraft:black_concrete":685,"minecraft:apple":5,"minecraft:zombie_head":1,"minecraft:birch_slab":229,"minecraft:bread":3,"minecraft:pig_spawn_egg":2,"securitycraft:reinforced_deepslate_tile_wall":108,"quark:brick_vertical_slab":14,"minecraft:coal_block":6,"quark:dark_oak_chest":43,"quark:nether_brick_chest":1,"quark:oak_chest":8,"minecraft:white_concrete":272},"minecraft:dropped":{"minecraft:wheat_seeds":1,"minecraft:cooked_beef":1,"tacz:ammo_box":1,"gravestone:obituary":1,"tacz:modern_kinetic_gun":5,"minecraft:rotten_flesh":1,"minecraft:oak_sign":2,"minecraft:stone":1,"minecraft:redstone_torch":3},"minecraft:picked_up":{"minecraft:seagrass":2,"minecraft:iron_chestplate":1,"minecraft:crafting_table":1,"minecraft:wheat":18,"minecraft:diamond_sword":1,"minecraft:moss_carpet":6,"minecraft:iron_leggings":1,"sophisticatedbackpacks:stack_upgrade_tier_4":1,"tacz:ammo":372,"minecraft:oak_sign":2,"minecraft:beetroot":9,"farmersdelight:cabbage":4,"minecraft:beef":3,"minecraft:redstone_torch":2,"minecraft:melon_slice":3,"minecraft:sugar_cane":18,"minecraft:birch_sapling":11,"farmersdelight:cabbage_seeds":7,"minecraft:iron_boots":1,"minecraft:stick":125,"farmersdelight:rotten_tomato":1,"sophisticatedbackpacks:crafting_upgrade":1,"minecraft:torch":3,"sophisticatedbackpacks:auto_smelting_upgrade":1,"minecraft:carrot":52,"minecraft:rotten_flesh":3,"minecraft:beetroot_seeds":13,"minecraft:gold_ingot":64,"minecraft:birch_log":32,"minecraft:cooked_beef":4,"minecraft:lilac":13,"minecraft:glow_ink_sac":1,"minecraft:leather":9,"minecraft:copper_block":128,"minecraft:potato":51,"minecraft:oak_log":304,"minecraft:gunpowder":34,"farmersdelight:skillet":1,"minecraft:dirt":25,"farmersdelight:tomato":22,"tacz:ammo_box":6,"minecraft:apple":16,"minecraft:wheat_seeds":43,"minecraft:iron_ingot":256,"minecraft:iron_sword":1,"sophisticatedbackpacks:diamond_backpack":1,"minecraft:ghast_tear":1,"minecraft:pumpkin":2,"quark:glass_item_frame":32,"minecraft:poisonous_potato":1,"quark:oak_chest":1,"minecraft:diamond":8,"tacz:modern_kinetic_gun":10,"minecraft:iron_helmet":1,"minecraft:oak_sapling":142,"minecraft:diamond_pickaxe":1},"minecraft:killed":{"minecraft:horse":7,"minecraft:turtle":1,"minecraft:squid":1,"minecraft:creeper":1,"minecraft:ghast":1,"minecraft:glow_squid":3,"enemyexpansion:wasp":1,"minecraft:cow":1},"minecraft:custom":{"minecraft:mob_kills":16,"minecraft:animals_bred":5,"minecraft:interact_with_crafting_table":12,"minecraft:leave_game":4,"minecraft:time_since_death":237511,"minecraft:sprint_one_cm":384444,"minecraft:walk_one_cm":1030795,"minecraft:drop":16,"minecraft:play_time":345426,"minecraft:deaths":1,"minecraft:sneak_time":7646,"minecraft:walk_under_water_one_cm":41011,"minecraft:jump":1659,"minecraft:interact_with_blast_furnace":4,"minecraft:walk_on_water_one_cm":26393,"minecraft:total_world_time":345426,"minecraft:interact_with_furnace":11,"minecraft:pot_flower":1,"minecraft:sleep_in_bed":5,"minecraft:time_since_rest":9379,"minecraft:waystone_activated":7,"minecraft:damage_taken":384,"minecraft:damage_dealt":159,"minecraft:swim_one_cm":9531,"minecraft:fly_one_cm":763290,"minecraft:open_chest":94,"minecraft:crouch_one_cm":19439,"minecraft:interact_with_smoker":11,"minecraft:fall_one_cm":10011}},"DataVersion":3465}