{"stats":{"minecraft:mined":{"minecraft:torch":1,"gravestone:gravestone":1,"minecraft:grass_block":2,"minecraft:coal_ore":21,"minecraft:gravel":29,"minecraft:dirt":5,"minecraft:cobblestone":5,"minecraft:stone":112,"minecraft:wall_torch":1},"minecraft:dropped":{"minecraft:stone_axe":1,"minecraft:wheat_seeds":3,"vampirism:stake":1,"gravestone:obituary":1,"minecraft:stone_pickaxe":1,"paraglider:paraglider":1},"minecraft:custom":{"minecraft:time_since_rest":18907,"minecraft:sprint_one_cm":10498,"minecraft:walk_one_cm":34945,"minecraft:damage_taken":166,"minecraft:drop":6,"minecraft:damage_dealt":311,"minecraft:player_kills":1,"minecraft:interact_with_crafting_table":4,"minecraft:fly_one_cm":10656,"minecraft:crouch_one_cm":64,"minecraft:play_time":18907,"minecraft:sneak_time":97,"minecraft:jump":116,"minecraft:leave_game":1,"minecraft:time_since_death":18907,"minecraft:total_world_time":18907,"minecraft:fall_one_cm":2208},"minecraft:used":{"minecraft:stone_pickaxe":151,"minecraft:oak_planks":2,"minecraft:wooden_pickaxe":8,"minecraft:gravel":1,"minecraft:wooden_shovel":26,"minecraft:torch":4,"minecraft:dirt":1,"minecraft:cobblestone":2,"minecraft:crafting_table":1,"vampirism:stake":3},"minecraft:picked_up":{"minecraft:torch":2,"minecraft:gravel":36,"minecraft:flint":3,"minecraft:oak_log":2,"minecraft:dirt":7,"minecraft:stone_pickaxe":1,"minecraft:coal":21,"minecraft:cobblestone":116},"minecraft:broken":{"minecraft:stone_pickaxe":1},"minecraft:crafted":{"minecraft:wooden_shovel":1,"minecraft:stick":16,"minecraft:stone_pickaxe":1,"vampirism:stake":1,"minecraft:torch":4,"minecraft:stone_axe":1}},"DataVersion":3465}