{"stats":{"minecraft:broken":{"minecraft:iron_shovel":1,"minecraft:stone_pickaxe":1,"minecraft:iron_pickaxe":2},"minecraft:killed_by":{"minecraft:creeper":1,"minecraft:player":1},"minecraft:mined":{"securitycraft:mine":1,"minecraft:potted_cactus":2,"minecraft:granite":3,"minecraft:red_sand":1,"minecraft:grass_block":70,"minecraft:white_concrete":51,"minecraft:bubble_coral_fan":1,"minecraft:soul_soil":48,"comforts:sleeping_bag_white":1,"minecraft:tall_seagrass":2,"quark:birch_bookshelf":1,"minecraft:glowstone":30,"minecraft:fire":10,"minecraft:enchanting_table":1,"minecraft:oak_sign":2,"minecraft:quartz_slab":5,"minecraft:brain_coral_block":3,"quark:blossom_bookshelf":1,"minecraft:soul_fire":5,"minecraft:orange_terracotta":165,"minecraft:soul_lantern":1,"minecraft:torch":8,"minecraft:dead_bush":18,"minecraft:nether_quartz_ore":342,"minecraft:cobblestone":6,"minecraft:sugar_cane":67,"minecraft:oak_planks":3,"minecraft:wall_torch":7,"minecraft:seagrass":5,"minecraft:white_terracotta":39,"minecraft:birch_log":49,"minecraft:wheat":49,"minecraft:grass":53,"minecraft:oak_log":4,"minecraft:sand":193,"minecraft:dirt":37,"securitycraft:sand_mine":1,"minecraft:netherrack":985,"minecraft:oak_leaves":2,"minecraft:nether_gold_ore":186,"minecraft:dark_oak_log":41,"gravestone:gravestone":5,"minecraft:nether_bricks":2,"minecraft:suspicious_sand":1,"minecraft:rail":20,"minecraft:lantern":1,"minecraft:brain_coral_wall_fan":1,"minecraft:stone":184,"minecraft:glass_pane":2,"minecraft:soul_sand":34,"minecraft:soul_torch":1,"quark:spruce_bookshelf":4,"minecraft:crafting_table":1,"minecraft:lapis_ore":4,"minecraft:red_concrete":36,"cfm:black_sofa":3,"minecraft:cactus":1,"minecraft:sea_pickle":9,"minecraft:coal_ore":102,"minecraft:cobweb":8,"minecraft:brown_terracotta":2,"minecraft:terracotta":217,"minecraft:gold_ore":2},"minecraft:picked_up":{"minecraft:iron_chestplate":1,"minecraft:wheat":44,"minecraft:flower_pot":1,"securitycraft:sand_mine":1,"minecraft:diamond_sword":3,"cave_dweller:cave_dweller_spawn_egg":1,"minecraft:string":10,"minecraft:soul_soil":46,"minecraft:iron_leggings":1,"minecraft:pufferfish":1,"minecraft:oak_sign":2,"minecraft:sea_pickle":23,"minecraft:smooth_stone":238,"minecraft:gold_nugget":983,"minecraft:red_sand":10,"comforts:sleeping_bag_white":23,"minecraft:iron_pickaxe":6,"minecraft:iron_boots":1,"minecraft:blue_wool":2,"minecraft:golden_helmet":1,"minecraft:stick":29,"minecraft:brown_terracotta":2,"minecraft:torch":19,"quark:blossom_log":10,"minecraft:diorite":4,"minecraft:golden_chestplate":1,"minecraft:nether_gold_ore":81,"minecraft:cactus":3,"minecraft:rotten_flesh":43,"minecraft:light_blue_wool":12,"minecraft:glowstone":11,"minecraft:white_terracotta":40,"minecraft:cod":7,"minecraft:cobblestone":186,"minecraft:birch_log":49,"minecraft:enchanting_table":1,"minecraft:golden_leggings":1,"minecraft:potato":3,"paraglider:spirit_orb":2,"minecraft:lapis_lazuli":139,"minecraft:dirt":98,"securitycraft:reinforced_netherrack":10,"minecraft:lantern":5,"minecraft:bone":10,"farmersdelight:iron_knife":1,"minecraft:stonecutter":1,"minecraft:bow":4,"minecraft:wheat_seeds":134,"minecraft:raw_gold":2,"minecraft:glowstone_dust":60,"minecraft:rabbit":1,"quark:soul_bead":2,"minecraft:oak_planks":3,"securitycraft:mine":1,"minecraft:sand":159,"minecraft:ink_sac":13,"minecraft:grass_block":8,"minecraft:dark_oak_log":41,"minecraft:diamond":3,"comforts:sleeping_bag_blue":2,"minecraft:soul_lantern":1,"minecraft:dead_brain_coral_block":3,"immersive_aircraft:quadrocopter":2,"minecraft:white_concrete":51,"minecraft:oak_sapling":1,"minecraft:netherrack":957,"minecraft:diamond_pickaxe":3,"sophisticatedbackpacks:gold_backpack":4,"minecraft:fishing_rod":3,"minecraft:crafting_table":1,"minecraft:wooden_pickaxe":1,"gravestone:obituary":1,"minecraft:shield":1,"minecraft:quartz_slab":28,"tacz:ammo":336,"minecraft:beef":53,"farmersdelight:straw":1,"minecraft:iron_nugget":4,"minecraft:sugar_cane":278,"minecraft:birch_sapling":15,"minecraft:sandstone":1,"minecraft:stone":192,"securitycraft:reinforced_cobblestone":19,"minecraft:copper_ingot":2,"minecraft:arrow":17,"minecraft:stone_shovel":1,"minecraft:nether_bricks":2,"minecraft:gold_ingot":32,"minecraft:mutton":41,"minecraft:white_wool":10,"minecraft:rail":24,"minecraft:golden_carrot":1,"minecraft:salmon":3,"minecraft:leather":33,"minecraft:filled_map":1,"royalvariations:spiritual_crown_shard":1,"minecraft:oak_log":4,"minecraft:golden_boots":2,"minecraft:gunpowder":18,"minecraft:paper":66,"minecraft:orange_terracotta":170,"minecraft:iron_ingot":104,"minecraft:soul_sand":34,"minecraft:book":23,"minecraft:nether_quartz_ore":121,"minecraft:birch_boat":1,"minecraft:quartz":516,"minecraft:soul_torch":1,"man:manfromthefogback_spawn_egg":1,"tacz:modern_kinetic_gun":3,"minecraft:iron_helmet":1,"cfm:black_sofa":3,"minecraft:gray_wool":1,"minecraft:terracotta":214,"minecraft:red_concrete":36,"minecraft:coal":182},"minecraft:dropped":{"minecraft:birch_planks":4,"minecraft:lapis_lazuli":13,"minecraft:dirt":10,"gravestone:obituary":4,"minecraft:iron_pickaxe":1,"paraglider:paraglider":1,"minecraft:fishing_rod":2,"minecraft:golden_chestplate":1,"minecraft:rotten_flesh":14,"minecraft:gunpowder":7,"comforts:sleeping_bag_white":1,"minecraft:quartz":14,"minecraft:golden_boots":3,"minecraft:enchanted_book":1,"minecraft:wheat_seeds":30,"minecraft:golden_helmet":1,"minecraft:book":1,"minecraft:copper_ingot":10,"minecraft:coal":1,"tacz:modern_kinetic_gun":2,"securitycraft:sc_manual":1,"minecraft:smooth_stone":238,"minecraft:filled_map":1,"minecraft:diamond_sword":3,"minecraft:stone":192,"minecraft:diamond_pickaxe":3,"minecraft:golden_leggings":1,"tacz:ammo":184,"minecraft:bow":2,"minecraft:wooden_pickaxe":3,"minecraft:quartz_slab":20},"minecraft:custom":{"minecraft:animals_bred":25,"minecraft:interact_with_crafting_table":66,"minecraft:open_barrel":2,"minecraft:leave_game":16,"minecraft:time_since_death":2901,"minecraft:sprint_one_cm":995552,"minecraft:drop":106,"minecraft:play_time":448263,"minecraft:deaths":5,"minecraft:jump":4537,"minecraft:walk_on_water_one_cm":49439,"minecraft:enchant_item":21,"minecraft:interact_with_furnace":99,"minecraft:sleep_in_bed":32,"minecraft:waystone_activated":12,"minecraft:damage_dealt":6068,"minecraft:player_kills":2,"minecraft:crouch_one_cm":96254,"minecraft:horse_one_cm":3230,"minecraft:interact_with_smithing_table":2,"minecraft:mob_kills":134,"minecraft:interact_with_anvil":9,"minecraft:damage_dealt_resisted":93,"minecraft:climb_one_cm":4213,"minecraft:walk_one_cm":959473,"minecraft:sneak_time":30934,"minecraft:walk_under_water_one_cm":107961,"minecraft:boat_one_cm":149140,"minecraft:total_world_time":448263,"minecraft:interact_with_grindstone":2,"minecraft:time_since_rest":2739,"minecraft:damage_taken":2597,"minecraft:swim_one_cm":87184,"minecraft:fly_one_cm":882461,"minecraft:open_chest":118,"minecraft:fish_caught":11,"minecraft:fall_one_cm":78842},"minecraft:killed":{"minecraft:cave_spider":2,"minecraft:zombified_piglin":3,"enemyexpansion:equestrian":1,"minecraft:spider":5,"royalvariations:royal_skeleton":1,"minecraft:skeleton":5,"minecraft:chicken":3,"quark:crab":1,"minecraft:zombie_villager":2,"minecraft:creeper":11,"minecraft:sheep":26,"minecraft:zombie":15,"minecraft:ghast":1,"minecraft:cow":27,"enemyexpansion:direwolf":5,"minecraft:horse":1,"naturalist:bass":2,"minecraft:drowned":5,"enemyexpansion:scorpion":1,"minecraft:rabbit":1,"minecraft:squid":5,"royalvariations:royal_zombie":2,"enemyexpansion:huntsman":1,"man:manfromthefogback":1,"quark:wraith":3,"enemyexpansion:slugger":1},"minecraft:used":{"minecraft:iron_shovel":255,"minecraft:chest":1,"minecraft:iron_sword":10,"immersive_aircraft:quadrocopter":2,"securitycraft:keypad_item":1,"minecraft:nether_bricks":106,"minecraft:quartz_slab":92,"minecraft:lantern":5,"minecraft:grass_block":8,"minecraft:bow":6,"minecraft:furnace":8,"securitycraft:reinforced_netherrack":6,"minecraft:oak_sapling":1,"minecraft:diorite":4,"minecraft:stone_pickaxe":131,"minecraft:oak_planks":3,"minecraft:wooden_pickaxe":6,"minecraft:sandstone":1,"minecraft:sand":21,"comforts:sleeping_bag_blue":2,"quark:blossom_bookshelf":19,"minecraft:black_concrete":12,"minecraft:soul_lantern":8,"securitycraft:mine":1,"minecraft:diamond_sword":79,"minecraft:birch_log":4,"minecraft:white_concrete":339,"minecraft:coarse_dirt":1,"minecraft:enchanting_table":1,"minecraft:red_concrete":78,"minecraft:stone_shovel":59,"minecraft:netherrack":467,"minecraft:torch":59,"minecraft:dirt":183,"minecraft:anvil":1,"minecraft:nether_quartz_ore":121,"minecraft:brown_terracotta":2,"cfm:black_sofa":1,"minecraft:iron_axe":155,"securitycraft:sand_mine":4,"minecraft:glowstone":9,"minecraft:soul_soil":2,"securitycraft:dirt_mine":1,"comforts:sleeping_bag_white":22,"minecraft:cooked_beef":3,"minecraft:orange_terracotta":11,"minecraft:wheat_seeds":51,"minecraft:cooked_mutton":36,"farmersdelight:iron_knife":35,"securitycraft:reinforced_cobblestone":11,"minecraft:birch_boat":2,"minecraft:terracotta":38,"minecraft:crafting_table":3,"minecraft:nether_gold_ore":63,"minecraft:diamond_pickaxe":659,"minecraft:iron_pickaxe":1626,"man:manfromthefogback_spawn_egg":1,"minecraft:fishing_rod":23,"minecraft:cobblestone":12,"minecraft:bucket":1,"quark:nether_brick_chest":2,"minecraft:sea_pickle":1,"minecraft:soul_torch":1},"minecraft:crafted":{"minecraft:smooth_stone":238,"securitycraft:mine":9,"minecraft:oak_planks":24,"minecraft:birch_boat":1,"minecraft:stone":430,"securitycraft:keypad_item":1,"minecraft:nether_brick":480,"minecraft:heavy_weighted_pressure_plate":1,"minecraft:cooked_mutton":39,"minecraft:iron_bars":16,"securitycraft:laser_block":1,"minecraft:quartz_block":85,"minecraft:bow":1,"minecraft:chest":1,"quark:blossom_planks":128,"securitycraft:sand_mine":3,"minecraft:crafting_table":1,"securitycraft:reinforced_stone_button":8,"minecraft:wooden_pickaxe":2,"minecraft:birch_planks":16,"minecraft:book":43,"minecraft:paper":261,"minecraft:charcoal":41,"minecraft:stick":16,"quark:oak_chest":1,"minecraft:iron_ingot":10,"minecraft:iron_pickaxe":2,"minecraft:gold_ingot":40,"securitycraft:sc_manual":2,"securitycraft:universal_block_reinforcer_lvl1":1,"quark:blossom_bookshelf":19,"minecraft:iron_nugget":72,"minecraft:soul_torch":40,"minecraft:furnace":8,"minecraft:glass_pane":16,"minecraft:iron_axe":1,"minecraft:stone_pickaxe":1,"comforts:sleeping_bag_blue":1,"minecraft:redstone_block":1,"minecraft:cooked_beef":19,"minecraft:diamond_sword":1,"minecraft:nether_bricks":120,"minecraft:bucket":1,"quark:nether_brick_chest":2,"minecraft:air":0,"securitycraft:dirt_mine":1,"securitycraft:reinforced_stone":8,"minecraft:blue_dye":1,"minecraft:soul_lantern":7,"minecraft:iron_shovel":1,"minecraft:anvil":1,"minecraft:torch":56}},"DataVersion":3465}