{"stats":{"minecraft:killed":{"minecraft:squid":2,"minecraft:horse":1,"minecraft:cow":13},"minecraft:crafted":{"minecraft:oak_planks":16,"minecraft:crafting_table":1,"minecraft:wooden_pickaxe":2,"minecraft:book":4,"minecraft:paper":12,"minecraft:iron_axe":1,"minecraft:stick":8,"minecraft:stone_pickaxe":1,"minecraft:iron_shovel":1},"minecraft:custom":{"minecraft:interact_with_furnace":2,"minecraft:mob_kills":18,"minecraft:animals_bred":9,"minecraft:interact_with_crafting_table":8,"minecraft:leave_game":6,"minecraft:time_since_death":20756,"minecraft:sleep_in_bed":7,"minecraft:climb_one_cm":184,"minecraft:time_since_rest":13246,"minecraft:waystone_activated":9,"minecraft:damage_taken":682,"minecraft:sprint_one_cm":290337,"minecraft:walk_one_cm":223491,"minecraft:drop":41,"minecraft:damage_dealt":1816,"minecraft:swim_one_cm":19680,"minecraft:fly_one_cm":351947,"minecraft:open_chest":50,"minecraft:crouch_one_cm":2615,"minecraft:play_time":94530,"minecraft:deaths":2,"minecraft:sneak_time":829,"minecraft:walk_under_water_one_cm":7134,"minecraft:jump":1341,"minecraft:walk_on_water_one_cm":5390,"minecraft:total_world_time":94530,"minecraft:fall_one_cm":25439,"minecraft:horse_one_cm":1190},"minecraft:mined":{"minecraft:dark_oak_log":41,"quark:spruce_bookshelf":4,"gravestone:gravestone":2,"minecraft:grass_block":10,"minecraft:white_concrete":46,"minecraft:sugar_cane":19,"minecraft:red_concrete":8,"minecraft:oak_planks":3,"minecraft:wall_torch":1,"quark:birch_bookshelf":1,"cfm:black_sofa":1,"minecraft:birch_log":49,"minecraft:wheat":19,"minecraft:enchanting_table":1,"minecraft:grass":48,"minecraft:oak_log":4,"minecraft:oak_sign":2,"minecraft:sand":27,"minecraft:dirt":3,"minecraft:stone":3,"minecraft:oak_leaves":2},"minecraft:dropped":{"minecraft:golden_boots":1,"minecraft:wheat_seeds":30,"minecraft:golden_helmet":1,"minecraft:golden_chestplate":1,"minecraft:rotten_flesh":1,"minecraft:golden_leggings":1,"gravestone:obituary":2,"tacz:modern_kinetic_gun":2,"tacz:ammo":96,"minecraft:wooden_pickaxe":3,"paraglider:paraglider":1},"minecraft:picked_up":{"minecraft:birch_log":48,"minecraft:enchanting_table":1,"sophisticatedbackpacks:gold_backpack":2,"minecraft:iron_chestplate":1,"minecraft:wheat":15,"minecraft:leather":24,"minecraft:golden_leggings":1,"minecraft:diamond_sword":1,"minecraft:wooden_pickaxe":1,"minecraft:oak_log":4,"minecraft:golden_boots":1,"minecraft:shield":1,"cave_dweller:cave_dweller_spawn_egg":1,"minecraft:lapis_lazuli":64,"minecraft:dirt":14,"minecraft:iron_leggings":1,"tacz:ammo":336,"farmersdelight:iron_knife":1,"minecraft:oak_sign":2,"minecraft:stonecutter":1,"minecraft:wheat_seeds":51,"comforts:sleeping_bag_white":2,"minecraft:beef":26,"minecraft:iron_ingot":100,"farmersdelight:straw":1,"minecraft:iron_pickaxe":4,"minecraft:sugar_cane":41,"minecraft:birch_sapling":15,"minecraft:oak_planks":3,"minecraft:iron_boots":1,"minecraft:book":15,"minecraft:golden_helmet":1,"minecraft:stick":8,"minecraft:torch":1,"minecraft:sand":18,"minecraft:ink_sac":6,"minecraft:dark_oak_log":41,"minecraft:golden_chestplate":1,"man:manfromthefogback_spawn_egg":1,"minecraft:rotten_flesh":1,"minecraft:diamond":3,"tacz:modern_kinetic_gun":3,"minecraft:iron_helmet":1,"cfm:black_sofa":1,"minecraft:white_concrete":46,"minecraft:gold_ingot":32,"minecraft:oak_sapling":1,"minecraft:red_concrete":8,"minecraft:cobblestone":3,"minecraft:diamond_pickaxe":1},"minecraft:used":{"farmersdelight:iron_knife":35,"minecraft:wheat_seeds":21,"minecraft:cooked_mutton":9,"minecraft:iron_shovel":22,"minecraft:red_concrete":50,"minecraft:oak_planks":3,"minecraft:wooden_pickaxe":6,"minecraft:iron_sword":10,"minecraft:torch":1,"minecraft:dirt":139,"minecraft:crafting_table":1,"minecraft:diamond_pickaxe":66,"minecraft:black_concrete":12,"cfm:black_sofa":1,"minecraft:iron_axe":105,"minecraft:diamond_sword":8,"minecraft:oak_sapling":1,"minecraft:birch_log":4,"comforts:sleeping_bag_white":2,"minecraft:white_concrete":59,"minecraft:coarse_dirt":1},"minecraft:killed_by":{"minecraft:player":1}},"DataVersion":3465}