{"stats":{"minecraft:mined":{"minecraft:grass":3,"minecraft:oak_log":12,"minecraft:dirt":1},"minecraft:used":{"minecraft:flint_and_steel":51,"minecraft:stone":20,"quark:green_crystal_lamp":2,"minecraft:torch":19,"minecraft:dirt":35,"minecraft:sand":25,"minecraft:tnt":169,"minecraft:hopper":3,"minecraft:sponge":24,"securitycraft:chiseled_crystal_quartz":108,"minecraft:warden_spawn_egg":1,"minecraft:glow_squid_spawn_egg":123,"minecraft:redstone_torch":1,"minecraft:oak_log":1,"minecraft:glass":1551,"waystones:waystone":3,"securitycraft:crystal_quartz_stairs":36,"minecraft:grass_block":4,"minecraft:netherite_axe":19,"minecraft:diamond_sword":6,"minecraft:glowstone":123,"mcwlights:lava_lamp":3,"quark:oak_chest":22},"minecraft:killed_by":{"minecraft:player":1},"minecraft:picked_up":{"minecraft:glow_ink_sac":2,"securitycraft:claymore":10,"minecraft:black_bed":1,"minecraft:enchanted_book":23,"minecraft:brown_concrete":64,"minecraft:oak_log":18,"quark:paper_wall_sakura":128,"minecraft:ancient_debris":64,"minecraft:blue_concrete":704,"minecraft:gunpowder":1,"minecraft:glow_squid_spawn_egg":1,"minecraft:dirt":207,"quark:paper_wall_big":128,"minecraft:flint_and_steel":1,"minecraft:glass":3,"minecraft:blackstone":448,"comforts:sleeping_bag_black":1,"minecraft:wheat_seeds":3,"quark:green_crystal_lamp":2,"quark:paper_lantern_sakura":64,"minecraft:redstone_torch":1,"minecraft:diamond_ore":128,"minecraft:purple_concrete":320,"minecraft:stick":1,"minecraft:nether_quartz_ore":512,"minecraft:stone":1,"quark:black_stool":1,"minecraft:dandelion":3,"mcwlights:black_paper_lamp":64,"minecraft:diorite":2,"minecraft:spruce_log":797,"minecraft:warden_spawn_egg":1,"minecraft:diamond_block":8,"quark:oak_chest":1,"quark:paper_lantern":128,"mcwlights:lava_lamp":1,"minecraft:tnt":17,"man:tearoftheman":1,"minecraft:black_concrete":640,"quark:paper_wall":128,"minecraft:cow_spawn_egg":64,"minecraft:cherry_sapling":63,"minecraft:white_concrete":832,"comforts:hammock_black":1,"minecraft:terracotta":1472,"minecraft:red_concrete":640,"securitycraft:crystal_quartz_stairs":1,"minecraft:skeleton_skull":1,"minecraft:cobblestone":86},"minecraft:dropped":{"quark:green_crystal_lamp":2,"minecraft:enchanted_book":23,"minecraft:red_concrete":640,"securitycraft:crystal_quartz_stairs":1,"minecraft:blackstone":448,"minecraft:ancient_debris":64,"minecraft:wheat_seeds":3,"minecraft:oak_log":9,"minecraft:tnt":18,"securitycraft:claymore":10,"minecraft:cherry_sapling":63,"minecraft:warden_spawn_egg":1,"minecraft:cobblestone":43,"minecraft:purple_concrete":320,"minecraft:blue_concrete":704,"minecraft:black_bed":1,"quark:paper_wall":128,"minecraft:diamond_ore":128,"comforts:hammock_black":1,"quark:paper_wall_sakura":128,"minecraft:flint_and_steel":1,"minecraft:dirt":128,"minecraft:stone":1,"man:tearoftheman":1,"minecraft:diorite":2,"quark:paper_wall_big":128,"minecraft:skeleton_skull":1,"quark:paper_lantern":128,"minecraft:white_concrete":832,"gravestone:obituary":1,"minecraft:redstone_torch":1,"minecraft:cow_spawn_egg":64,"minecraft:spruce_log":1152,"minecraft:sand":1,"quark:paper_lantern_sakura":64,"minecraft:glass":3,"minecraft:nether_quartz_ore":512,"minecraft:black_concrete":640,"mcwlights:black_paper_lamp":64,"quark:black_stool":1,"minecraft:smooth_sandstone":1,"comforts:sleeping_bag_black":1,"quark:oak_chest":1,"mcwlights:lava_lamp":1,"minecraft:glow_squid_spawn_egg":1,"minecraft:dandelion":3,"minecraft:brown_concrete":64,"minecraft:terracotta":1472},"minecraft:killed":{"minecraft:pig":1,"enemyexpansion:intruder":1,"minecraft:creeper":1,"minecraft:bee":2},"minecraft:custom":{"minecraft:mob_kills":5,"minecraft:inspect_hopper":1,"minecraft:leave_game":3,"minecraft:time_since_death":128244,"minecraft:time_since_rest":128278,"minecraft:waystone_activated":8,"minecraft:sprint_one_cm":53574,"minecraft:damage_taken":230,"minecraft:walk_one_cm":85316,"minecraft:drop":181,"minecraft:damage_dealt":749,"minecraft:swim_one_cm":74035,"minecraft:fly_one_cm":1635213,"minecraft:open_chest":38,"minecraft:crouch_one_cm":3599,"minecraft:play_time":129032,"minecraft:sneak_time":4000,"minecraft:deaths":1,"minecraft:walk_under_water_one_cm":263631,"minecraft:jump":373,"minecraft:walk_on_water_one_cm":25433,"minecraft:total_world_time":129032,"minecraft:fall_one_cm":2473}},"DataVersion":3465}