{"stats":{"minecraft:mined":{"minecraft:red_bed":1,"gravestone:gravestone":5,"minecraft:torch":3,"minecraft:grass_block":4,"minecraft:cobblestone":5,"minecraft:tall_grass":1,"minecraft:oxeye_daisy":1,"minecraft:wall_torch":1,"minecraft:light_gray_stained_glass":51,"minecraft:moss_carpet":1,"minecraft:brown_bed":1,"minecraft:grass":2,"minecraft:coal_ore":21,"minecraft:oak_log":24,"minecraft:gravel":29,"minecraft:dirt":20,"quark:hollow_oak_log":4,"minecraft:stone":112,"minecraft:white_wool":11,"minecraft:spruce_slab":1},"minecraft:dropped":{"minecraft:stone_axe":1,"minecraft:moss_carpet":6,"minecraft:wheat_seeds":4,"vampirism:stake":1,"minecraft:oak_planks":57,"quark:light_gray_shard":64,"minecraft:wooden_shovel":1,"gravestone:obituary":3,"minecraft:stone_pickaxe":1,"minecraft:wooden_pickaxe":1,"paraglider:paraglider":1},"minecraft:custom":{"minecraft:interact_with_crafting_table":4,"minecraft:open_barrel":6,"minecraft:leave_game":1,"minecraft:time_since_death":2522,"minecraft:sleep_in_bed":4,"minecraft:climb_one_cm":446,"minecraft:time_since_rest":2593,"minecraft:sprint_one_cm":52705,"minecraft:damage_taken":1756,"minecraft:walk_one_cm":141259,"minecraft:drop":16,"minecraft:damage_dealt":687,"minecraft:player_kills":3,"minecraft:fly_one_cm":58251,"minecraft:open_chest":4,"minecraft:crouch_one_cm":1300,"minecraft:play_time":52035,"minecraft:deaths":5,"minecraft:sneak_time":529,"minecraft:jump":479,"minecraft:total_world_time":52035,"minecraft:fall_one_cm":16448},"minecraft:used":{"minecraft:spruce_slab":1,"minecraft:stone_pickaxe":151,"minecraft:oak_planks":2,"minecraft:wooden_pickaxe":10,"minecraft:wooden_shovel":39,"minecraft:torch":8,"anthropology_items__structures:hunters_machete":12,"minecraft:dirt":24,"minecraft:crafting_table":1,"vampirism:stake":3,"minecraft:apple":3,"minecraft:oxeye_daisy":1,"minecraft:gravel":1,"minecraft:stone_axe":61,"minecraft:cobblestone":7,"minecraft:brown_bed":1},"minecraft:picked_up":{"quark:hollow_oak_log":4,"minecraft:brown_bed":1,"minecraft:flint":3,"minecraft:oak_log":26,"gravestone:obituary":1,"minecraft:dirt":24,"minecraft:red_bed":1,"minecraft:moss_carpet":6,"minecraft:bone":2,"minecraft:apple":3,"ancient_elements:aetherial_shard":1,"minecraft:wheat_seeds":1,"minecraft:stone_pickaxe":1,"minecraft:spruce_slab":1,"quark:light_gray_shard":127,"minecraft:stick":2,"minecraft:raw_iron":1,"minecraft:torch":7,"minecraft:gravel":37,"minecraft:arrow":2,"minecraft:oak_sapling":4,"minecraft:coal":21,"minecraft:cobblestone":117,"minecraft:white_wool":3,"minecraft:oxeye_daisy":1},"minecraft:killed_by":{"ancient_elements:aetherial_glaze":1,"minecraft:player":1,"naturalist:snake":1},"minecraft:broken":{"minecraft:stone_pickaxe":1},"minecraft:crafted":{"minecraft:oak_planks":52,"minecraft:wooden_shovel":1,"minecraft:stone_axe":1,"minecraft:stick":16,"minecraft:stone_pickaxe":1,"vampirism:stake":1,"minecraft:torch":4}},"DataVersion":3465}