{"stats":{"minecraft:mined":{"minecraft:grass":3,"minecraft:oak_log":4,"minecraft:dirt":1},"minecraft:custom":{"minecraft:time_since_rest":66401,"minecraft:waystone_activated":7,"minecraft:sprint_one_cm":21420,"minecraft:damage_taken":230,"minecraft:walk_one_cm":40777,"minecraft:mob_kills":3,"minecraft:drop":17,"minecraft:damage_dealt":10,"minecraft:swim_one_cm":27180,"minecraft:fly_one_cm":1272415,"minecraft:open_chest":5,"minecraft:crouch_one_cm":2506,"minecraft:play_time":67155,"minecraft:deaths":1,"minecraft:sneak_time":2977,"minecraft:walk_under_water_one_cm":182964,"minecraft:jump":212,"minecraft:leave_game":2,"minecraft:walk_on_water_one_cm":8968,"minecraft:time_since_death":66367,"minecraft:total_world_time":67155,"minecraft:fall_one_cm":2473},"minecraft:used":{"minecraft:redstone_torch":1,"minecraft:oak_log":1,"minecraft:glass":1158,"waystones:waystone":3,"minecraft:flint_and_steel":51,"minecraft:torch":1,"minecraft:glowstone":7,"minecraft:dirt":34,"minecraft:sand":25,"minecraft:tnt":169,"minecraft:sponge":18},"minecraft:killed_by":{"minecraft:player":1},"minecraft:picked_up":{"minecraft:dandelion":3,"minecraft:oak_log":9,"minecraft:diorite":2,"minecraft:diamond_block":8,"minecraft:dirt":143,"minecraft:flint_and_steel":1,"minecraft:tnt":17,"man:tearoftheman":1,"minecraft:glass":1,"minecraft:wheat_seeds":3,"minecraft:redstone_torch":1,"minecraft:cobblestone":43},"minecraft:dropped":{"minecraft:dirt":64,"man:tearoftheman":1,"minecraft:wheat_seeds":3,"minecraft:diorite":2,"minecraft:tnt":18,"gravestone:obituary":1,"minecraft:redstone_torch":1,"minecraft:sand":1,"minecraft:glass":1,"minecraft:smooth_sandstone":1,"minecraft:flint_and_steel":1,"minecraft:dandelion":3},"minecraft:killed":{"minecraft:pig":1,"minecraft:bee":2}},"DataVersion":3465}