{"stats":{"minecraft:killed_by":{"minecraft:player":1},"minecraft:mined":{"minecraft:nether_gold_ore":178,"minecraft:dark_oak_log":41,"minecraft:potted_cactus":2,"gravestone:gravestone":2,"minecraft:granite":3,"minecraft:red_sand":1,"minecraft:grass_block":26,"minecraft:white_concrete":49,"minecraft:bubble_coral_fan":1,"minecraft:soul_soil":46,"comforts:sleeping_bag_white":1,"minecraft:tall_seagrass":2,"quark:birch_bookshelf":1,"minecraft:glowstone":20,"minecraft:suspicious_sand":1,"minecraft:enchanting_table":1,"minecraft:oak_sign":2,"minecraft:rail":20,"minecraft:brain_coral_wall_fan":1,"minecraft:stone":178,"minecraft:brain_coral_block":3,"quark:blossom_bookshelf":1,"minecraft:soul_sand":34,"minecraft:soul_fire":5,"minecraft:orange_terracotta":94,"quark:spruce_bookshelf":4,"minecraft:crafting_table":1,"minecraft:torch":7,"minecraft:dead_bush":13,"minecraft:nether_quartz_ore":258,"minecraft:cobblestone":4,"minecraft:lapis_ore":4,"minecraft:red_concrete":36,"minecraft:oak_planks":3,"minecraft:sugar_cane":67,"minecraft:wall_torch":3,"minecraft:seagrass":5,"minecraft:white_terracotta":39,"minecraft:cactus":1,"cfm:black_sofa":1,"minecraft:sea_pickle":9,"minecraft:birch_log":49,"minecraft:wheat":49,"minecraft:grass":48,"minecraft:oak_log":4,"minecraft:coal_ore":70,"minecraft:dirt":6,"minecraft:sand":69,"minecraft:cobweb":8,"minecraft:brown_terracotta":2,"minecraft:terracotta":134,"minecraft:netherrack":512,"minecraft:gold_ore":2,"minecraft:oak_leaves":2},"minecraft:killed":{"minecraft:cave_spider":2,"minecraft:zombified_piglin":3,"enemyexpansion:equestrian":1,"minecraft:spider":3,"royalvariations:royal_skeleton":1,"enemyexpansion:direwolf":3,"minecraft:horse":1,"minecraft:skeleton":4,"minecraft:chicken":3,"naturalist:bass":2,"minecraft:drowned":5,"enemyexpansion:scorpion":1,"minecraft:zombie_villager":2,"minecraft:creeper":6,"minecraft:squid":5,"minecraft:sheep":26,"royalvariations:royal_zombie":2,"minecraft:zombie":10,"minecraft:ghast":1,"quark:wraith":2,"minecraft:cow":23,"enemyexpansion:slugger":1},"minecraft:dropped":{"minecraft:golden_boots":3,"minecraft:birch_planks":4,"minecraft:wheat_seeds":30,"minecraft:lapis_lazuli":13,"minecraft:golden_helmet":1,"minecraft:book":1,"minecraft:copper_ingot":10,"gravestone:obituary":2,"tacz:modern_kinetic_gun":2,"minecraft:iron_pickaxe":1,"minecraft:smooth_stone":238,"paraglider:paraglider":1,"minecraft:fishing_rod":1,"minecraft:golden_chestplate":1,"minecraft:rotten_flesh":10,"minecraft:filled_map":1,"minecraft:diamond_sword":3,"minecraft:stone":192,"minecraft:gunpowder":7,"minecraft:diamond_pickaxe":3,"minecraft:golden_leggings":1,"tacz:ammo":184,"minecraft:bow":2,"minecraft:wooden_pickaxe":3},"minecraft:used":{"minecraft:enchanting_table":1,"minecraft:iron_shovel":147,"minecraft:red_concrete":78,"minecraft:iron_sword":10,"minecraft:netherrack":355,"minecraft:torch":38,"minecraft:dirt":139,"minecraft:nether_quartz_ore":79,"minecraft:brown_terracotta":2,"cfm:black_sofa":1,"minecraft:iron_axe":149,"minecraft:oak_sapling":1,"minecraft:furnace":8,"comforts:sleeping_bag_white":17,"minecraft:orange_terracotta":11,"minecraft:cooked_mutton":29,"minecraft:wheat_seeds":51,"farmersdelight:iron_knife":35,"minecraft:stone_pickaxe":131,"minecraft:oak_planks":3,"minecraft:wooden_pickaxe":6,"minecraft:birch_boat":2,"minecraft:sand":15,"minecraft:terracotta":38,"minecraft:crafting_table":3,"quark:blossom_bookshelf":19,"minecraft:nether_gold_ore":63,"minecraft:diamond_pickaxe":562,"minecraft:black_concrete":12,"minecraft:iron_pickaxe":932,"minecraft:fishing_rod":7,"minecraft:diamond_sword":65,"minecraft:cobblestone":4,"minecraft:birch_log":4,"minecraft:white_concrete":337,"minecraft:sea_pickle":1,"minecraft:coarse_dirt":1},"minecraft:broken":{"minecraft:stone_pickaxe":1,"minecraft:iron_pickaxe":1},"minecraft:picked_up":{"minecraft:fishing_rod":2,"sophisticatedbackpacks:gold_backpack":2,"minecraft:iron_chestplate":1,"minecraft:crafting_table":1,"minecraft:wheat":41,"minecraft:flower_pot":1,"minecraft:diamond_sword":3,"minecraft:wooden_pickaxe":1,"minecraft:shield":1,"cave_dweller:cave_dweller_spawn_egg":1,"minecraft:string":8,"minecraft:soul_soil":44,"tacz:ammo":336,"minecraft:iron_leggings":1,"minecraft:oak_sign":2,"minecraft:sea_pickle":23,"minecraft:smooth_stone":238,"minecraft:red_sand":10,"minecraft:gold_nugget":925,"comforts:sleeping_bag_white":17,"minecraft:beef":45,"farmersdelight:straw":1,"minecraft:iron_pickaxe":6,"minecraft:sugar_cane":278,"minecraft:birch_sapling":15,"minecraft:iron_boots":1,"minecraft:blue_wool":2,"minecraft:golden_helmet":1,"minecraft:stone":192,"minecraft:stick":22,"minecraft:copper_ingot":2,"minecraft:brown_terracotta":2,"minecraft:torch":12,"quark:blossom_log":10,"minecraft:golden_chestplate":1,"minecraft:arrow":16,"minecraft:nether_gold_ore":81,"minecraft:cactus":3,"minecraft:rotten_flesh":39,"minecraft:light_blue_wool":12,"minecraft:glowstone":1,"minecraft:gold_ingot":32,"minecraft:white_terracotta":40,"minecraft:mutton":41,"minecraft:cod":1,"minecraft:rail":24,"minecraft:white_wool":10,"minecraft:cobblestone":178,"minecraft:birch_log":49,"minecraft:enchanting_table":1,"minecraft:golden_carrot":1,"minecraft:salmon":2,"minecraft:leather":31,"minecraft:golden_leggings":1,"minecraft:potato":3,"minecraft:filled_map":1,"royalvariations:spiritual_crown_shard":1,"paraglider:spirit_orb":2,"minecraft:oak_log":4,"minecraft:golden_boots":2,"minecraft:gunpowder":8,"minecraft:lapis_lazuli":106,"minecraft:paper":66,"minecraft:dirt":31,"minecraft:orange_terracotta":99,"minecraft:bone":9,"farmersdelight:iron_knife":1,"minecraft:bow":3,"minecraft:stonecutter":1,"minecraft:wheat_seeds":128,"minecraft:raw_gold":2,"minecraft:iron_ingot":104,"quark:soul_bead":2,"minecraft:glowstone_dust":60,"minecraft:oak_planks":3,"minecraft:soul_sand":34,"minecraft:book":23,"minecraft:nether_quartz_ore":79,"minecraft:birch_boat":1,"minecraft:quartz":411,"minecraft:sand":36,"minecraft:ink_sac":13,"minecraft:dark_oak_log":41,"man:manfromthefogback_spawn_egg":1,"minecraft:diamond":3,"tacz:modern_kinetic_gun":3,"minecraft:dead_brain_coral_block":3,"minecraft:iron_helmet":1,"cfm:black_sofa":1,"minecraft:gray_wool":1,"minecraft:white_concrete":49,"minecraft:terracotta":131,"minecraft:oak_sapling":1,"minecraft:red_concrete":36,"minecraft:netherrack":495,"minecraft:coal":118,"minecraft:diamond_pickaxe":3},"minecraft:crafted":{"quark:blossom_bookshelf":19,"minecraft:smooth_stone":238,"securitycraft:mine":3,"minecraft:oak_planks":16,"minecraft:birch_boat":1,"minecraft:furnace":8,"minecraft:stone":430,"minecraft:cooked_mutton":39,"minecraft:quartz_block":85,"minecraft:bow":1,"minecraft:iron_axe":1,"minecraft:stone_pickaxe":1,"minecraft:cooked_beef":19,"minecraft:diamond_sword":1,"quark:blossom_planks":128,"minecraft:crafting_table":1,"minecraft:wooden_pickaxe":2,"minecraft:birch_planks":16,"minecraft:air":0,"minecraft:book":41,"minecraft:paper":261,"minecraft:charcoal":41,"minecraft:stick":16,"minecraft:iron_pickaxe":2,"minecraft:iron_shovel":1,"minecraft:gold_ingot":40,"minecraft:torch":56},"minecraft:custom":{"minecraft:interact_with_smithing_table":1,"minecraft:mob_kills":110,"minecraft:animals_bred":16,"minecraft:interact_with_crafting_table":37,"minecraft:damage_dealt_resisted":93,"minecraft:leave_game":11,"minecraft:time_since_death":213469,"minecraft:climb_one_cm":1491,"minecraft:sprint_one_cm":688031,"minecraft:walk_one_cm":622855,"minecraft:drop":84,"minecraft:play_time":287243,"minecraft:sneak_time":19624,"minecraft:deaths":2,"minecraft:walk_under_water_one_cm":93320,"minecraft:boat_one_cm":149140,"minecraft:jump":3110,"minecraft:enchant_item":14,"minecraft:walk_on_water_one_cm":41235,"minecraft:total_world_time":287243,"minecraft:interact_with_furnace":53,"minecraft:interact_with_grindstone":2,"minecraft:sleep_in_bed":21,"minecraft:waystone_activated":12,"minecraft:time_since_rest":13105,"minecraft:damage_taken":1338,"minecraft:damage_dealt":5071,"minecraft:swim_one_cm":83294,"minecraft:player_kills":1,"minecraft:fly_one_cm":639442,"minecraft:open_chest":81,"minecraft:crouch_one_cm":64163,"minecraft:fish_caught":3,"minecraft:fall_one_cm":50624,"minecraft:horse_one_cm":3230}},"DataVersion":3465}