{"stats":{"minecraft:crafted":{"minecraft:oak_planks":20,"minecraft:diamond_shovel":1,"minecraft:diamond_helmet":1,"minecraft:diamond_leggings":1,"minecraft:polished_blackstone":4,"minecraft:crafting_table":2,"minecraft:spruce_planks":280,"quark:blackstone_furnace":8,"minecraft:charcoal":34,"quark:oak_chest":2,"minecraft:stick":48,"quark:ancient_planks":132,"minecraft:deepslate_bricks":436,"securitycraft:furnace_mine":1,"minecraft:spruce_fence":24,"quark:glowing_glass_item_frame":2,"minecraft:polished_deepslate":448,"minecraft:spruce_slab":30,"minecraft:iron_hoe":2,"minecraft:diamond_boots":1,"minecraft:blackstone_stairs":4,"minecraft:bucket":1,"minecraft:air":0,"securitycraft:dirt_mine":3,"minecraft:white_wool":3,"minecraft:iron_shovel":1,"minecraft:stonecutter":1,"minecraft:white_bed":1,"securitycraft:stone_mine":1,"minecraft:torch":232,"minecraft:diamond_chestplate":1},"minecraft:mined":{"minecraft:spruce_planks":2,"minecraft:blackstone_stairs":1,"minecraft:white_bed":2,"minecraft:cherry_log":745,"minecraft:sculk_vein":77,"minecraft:obsidian":27,"minecraft:granite":9,"quark:glow_shroom_stem":5,"minecraft:grass_block":585,"minecraft:white_concrete":75,"minecraft:deepslate_bricks":7,"minecraft:spawner":2,"minecraft:raw_iron_block":1,"minecraft:sculk_catalyst":7,"minecraft:iron_ore":10,"minecraft:fire":10,"minecraft:deepslate_lapis_ore":18,"minecraft:sculk_shrieker":1,"minecraft:spruce_slab":5,"minecraft:deepslate_redstone_ore":21,"quark:ancient_planks":47,"minecraft:blackstone":21,"minecraft:torch":9,"minecraft:cobblestone":13,"minecraft:sugar_cane":1,"minecraft:wall_torch":30,"minecraft:birch_log":5,"quark:paper_wall_big":28,"quark:glow_shroom":5,"minecraft:grass":108,"minecraft:oak_log":29,"minecraft:sand":143,"minecraft:dirt":116,"quark:glow_shroom_ring":1,"minecraft:stonecutter":1,"minecraft:oak_leaves":2,"minecraft:deepslate":2058,"minecraft:diamond_ore":26,"minecraft:tuff":124,"minecraft:deepslate_diamond_ore":16,"farmersdelight:wild_carrots":13,"minecraft:cherry_sapling":3,"gravestone:gravestone":1,"minecraft:spruce_fence":3,"minecraft:spruce_leaves":3,"minecraft:kelp":2,"minecraft:furnace":1,"minecraft:andesite":168,"minecraft:black_concrete":4,"minecraft:polished_deepslate":9,"minecraft:deepslate_iron_ore":22,"minecraft:rail":30,"minecraft:stone":889,"minecraft:crafting_table":1,"minecraft:sculk_sensor":1,"minecraft:tall_grass":3,"quark:glow_shroom_block":9,"minecraft:copper_ore":15,"minecraft:lapis_ore":4,"minecraft:deepslate_gold_ore":46,"quark:blackstone_furnace":1,"minecraft:sculk":1232,"minecraft:diorite":85,"quark:ancient_bookshelf":3,"quark:paper_wall":4,"minecraft:sweet_berry_bush":9,"minecraft:spruce_log":4,"securitycraft:dirt_mine":1,"minecraft:coal_ore":96,"quark:monster_box":1,"minecraft:gravel":54,"minecraft:cobweb":9,"minecraft:polished_blackstone":4,"minecraft:stone_bricks":5,"quark:paper_lantern":12},"minecraft:used":{"minecraft:cherry_sapling":133,"minecraft:iron_shovel":364,"minecraft:polished_deepslate":9,"minecraft:spruce_slab":30,"minecraft:polished_blackstone":4,"minecraft:stone":28,"quark:paper_lantern":19,"minecraft:tuff":42,"securitycraft:chiseled_crystal_quartz":108,"minecraft:warden_spawn_egg":2,"minecraft:glow_squid_spawn_egg":123,"minecraft:glass":1551,"securitycraft:crystal_quartz_stairs":36,"minecraft:grass_block":1008,"quark:ancient_bookshelf":26,"minecraft:stone_bricks":77,"quark:glowing_glass_item_frame":2,"farmersdelight:hamburger":15,"minecraft:diorite":85,"minecraft:blackstone_stairs":3,"minecraft:blackstone":328,"minecraft:sugar_cane":4,"minecraft:diamond_axe":173,"quark:green_crystal_lamp":2,"minecraft:sand":25,"minecraft:sponge":24,"minecraft:black_bed":1,"quark:paper_wall":4,"minecraft:redstone_torch":1,"waystones:waystone":3,"quark:blackstone_furnace":9,"minecraft:black_concrete":4,"minecraft:diamond_ore":26,"minecraft:gravel":16,"minecraft:diamond_sword":121,"minecraft:andesite":72,"mcwlights:lava_lamp":3,"minecraft:white_concrete":181,"minecraft:experience_bottle":4,"minecraft:flint_and_steel":56,"minecraft:spruce_planks":206,"quark:paper_wall_big":28,"minecraft:torch":301,"minecraft:dirt":717,"minecraft:anvil":1,"minecraft:hopper":3,"minecraft:granite":7,"minecraft:spruce_fence":27,"minecraft:iron_hoe":1336,"quark:black_stool":1,"minecraft:glowstone":131,"securitycraft:dirt_mine":4,"comforts:sleeping_bag_white":8,"securitycraft:stone_mine":1,"minecraft:cooked_mutton":24,"minecraft:water_bucket":37,"quark:ancient_planks":137,"comforts:sleeping_bag_black":5,"minecraft:stonecutter":1,"minecraft:deepslate_bricks":317,"minecraft:tnt":176,"minecraft:crafting_table":3,"minecraft:white_bed":3,"securitycraft:furnace_mine":1,"minecraft:spruce_log":82,"minecraft:oak_log":1,"minecraft:diamond_pickaxe":3798,"minecraft:diamond_shovel":492,"minecraft:iron_pickaxe":51,"minecraft:netherite_axe":19,"minecraft:cobblestone":448,"minecraft:bucket":8,"naturalist:cooked_lizard_tail":1,"quark:oak_chest":24,"minecraft:sculk_catalyst":1},"minecraft:killed_by":{"minecraft:player":2},"minecraft:broken":{"minecraft:iron_shovel":1,"minecraft:iron_hoe":5},"minecraft:picked_up":{"minecraft:iron_chestplate":1,"securitycraft:keypad_item":64,"minecraft:anvil":1,"minecraft:diamond_sword":1,"minecraft:enchanted_book":28,"minecraft:blue_concrete":704,"minecraft:string":5,"quark:paper_wall_big":156,"minecraft:raw_copper":120,"minecraft:iron_leggings":1,"minecraft:experience_bottle":1,"comforts:sleeping_bag_black":5,"minecraft:cobbled_deepslate":1939,"comforts:sleeping_bag_white":8,"minecraft:spruce_planks":1,"quark:green_crystal_lamp":2,"minecraft:redstone_torch":1,"minecraft:iron_pickaxe":2,"minecraft:mangrove_log":384,"minecraft:furnace":1,"minecraft:iron_boots":1,"minecraft:diamond_ore":128,"minecraft:stick":244,"quark:glow_shroom_ring":12,"minecraft:oak_fence":1,"minecraft:torch":65,"minecraft:cherry_log":720,"minecraft:diorite":87,"mcwlights:black_paper_lamp":64,"minecraft:quartz_block":128,"minecraft:rotten_flesh":17,"minecraft:cow_spawn_egg":64,"minecraft:glowstone":64,"quark:ancient_planks":47,"comforts:hammock_black":1,"securitycraft:universal_block_reinforcer_lvl2":1,"minecraft:obsidian":12,"minecraft:blackstone_stairs":1,"cfm:white_kitchen_counter":64,"minecraft:cobblestone":953,"minecraft:andesite":136,"minecraft:black_bed":1,"minecraft:copper_block":8,"minecraft:flint":4,"minecraft:tuff":124,"minecraft:glow_squid_spawn_egg":1,"minecraft:lapis_lazuli":331,"minecraft:dirt":627,"cfm:white_cooler":64,"minecraft:glass":451,"minecraft:bone":2,"minecraft:wheat_seeds":19,"minecraft:raw_gold":90,"cfm:post_box":64,"quark:ancient_chest":64,"securitycraft:dirt_mine":1,"minecraft:sand":141,"quark:glow_lichen_growth":1,"minecraft:grass_block":839,"quark:blackstone_furnace":1,"minecraft:diamond_block":8,"mcwlights:lava_lamp":1,"man:tearoftheman":1,"minecraft:iron_hoe":1,"minecraft:sugar":2,"minecraft:diamond":87,"minecraft:black_concrete":644,"minecraft:granite":7,"minecraft:white_concrete":862,"cfm:purple_kitchen_counter":64,"minecraft:oak_sapling":2,"minecraft:diamond_pickaxe":4,"minecraft:crafting_table":1,"minecraft:gold_block":32,"quark:ancient_ladder":64,"minecraft:flint_and_steel":1,"tacz:ammo":276,"minecraft:iron_shovel":1,"minecraft:blackstone":528,"cfm:purple_kitchen_sink":16,"minecraft:sugar_cane":4,"minecraft:egg":1,"minecraft:raw_iron":55,"minecraft:stone":458,"quark:black_stool":1,"quark:jungle_chest":64,"minecraft:spruce_fence":3,"minecraft:carrot":13,"minecraft:warden_spawn_egg":1,"minecraft:redstone":124,"minecraft:tnt":17,"minecraft:arrow":3,"farmersdelight:hamburger":192,"minecraft:polished_blackstone":4,"securitycraft:crystal_quartz_stairs":1,"minecraft:mutton":1,"minecraft:rail":29,"minecraft:skeleton_skull":1,"minecraft:bone_block":28,"minecraft:white_wool":1,"cfm:black_grill":4,"minecraft:air":0,"minecraft:glow_ink_sac":8,"securitycraft:claymore":11,"enemyexpansion:headbiter_helmet":1,"minecraft:brown_concrete":64,"minecraft:oak_log":25,"quark:paper_wall_sakura":128,"minecraft:ancient_debris":128,"minecraft:gunpowder":14,"minecraft:apple":1,"minecraft:stone_bricks":5,"minecraft:kelp":2,"quark:glow_shroom":12,"quark:paper_lantern_sakura":64,"minecraft:iron_ingot":64,"minecraft:cobweb":4,"minecraft:iron_ore":384,"minecraft:iron_sword":1,"minecraft:purple_concrete":320,"minecraft:sculk_catalyst":1,"minecraft:book":9,"minecraft:nether_quartz_ore":512,"minecraft:sweet_berries":18,"quark:glass_item_frame":2,"minecraft:dandelion":3,"minecraft:gravel":55,"cfm:purple_kitchen_drawer":64,"minecraft:white_bed":2,"minecraft:spruce_log":797,"quark:oak_chest":1,"minecraft:spider_eye":3,"quark:paper_lantern":140,"quark:paper_wall":132,"tacz:modern_kinetic_gun":4,"naturalist:cooked_lizard_tail":1,"minecraft:iron_helmet":1,"minecraft:diamond_axe":1,"minecraft:cherry_sapling":381,"quark:ancient_log":960,"minecraft:terracotta":1472,"minecraft:red_concrete":640,"farmersdelight:stove":4,"minecraft:coal":250,"minecraft:ender_pearl":1},"minecraft:dropped":{"farmersdelight:hamburger":208,"minecraft:oak_log":9,"minecraft:diamond":37,"minecraft:warden_spawn_egg":1,"minecraft:black_bed":1,"comforts:hammock_black":1,"minecraft:gold_block":4,"minecraft:dirt":128,"quark:paper_lantern":128,"cfm:purple_kitchen_sink":16,"gravestone:obituary":2,"minecraft:sand":1,"quark:paper_lantern_sakura":64,"minecraft:black_concrete":640,"quark:oak_chest":1,"quark:ancient_tome":1,"cfm:purple_kitchen_drawer":64,"quark:jungle_chest":64,"minecraft:blackstone":448,"minecraft:ancient_debris":128,"minecraft:diamond_block":8,"minecraft:cobbled_deepslate":131,"quark:ancient_chest":64,"minecraft:cherry_sapling":63,"cfm:post_box":64,"quark:ancient_ladder":64,"minecraft:rotten_flesh":1,"cfm:purple_kitchen_counter":64,"securitycraft:keypad_item":64,"cfm:black_grill":4,"minecraft:mangrove_log":384,"quark:paper_wall_big":128,"minecraft:skeleton_skull":1,"minecraft:quartz_block":128,"minecraft:glowstone":64,"minecraft:iron_ore":384,"minecraft:glass":451,"comforts:sleeping_bag_black":1,"minecraft:brown_concrete":64,"quark:green_crystal_lamp":2,"minecraft:enchanted_book":27,"minecraft:water_bucket":1,"securitycraft:crystal_quartz_stairs":1,"minecraft:wheat_seeds":6,"minecraft:tnt":18,"securitycraft:claymore":10,"minecraft:cobblestone":43,"minecraft:purple_concrete":320,"quark:paper_wall":128,"minecraft:grass_block":834,"quark:paper_wall_sakura":128,"minecraft:stick":6,"cfm:white_kitchen_counter":64,"minecraft:diorite":2,"minecraft:torch":64,"minecraft:white_concrete":832,"minecraft:iron_leggings":1,"quark:black_stool":1,"minecraft:smooth_sandstone":1,"mcwlights:lava_lamp":1,"minecraft:dandelion":3,"minecraft:red_concrete":640,"securitycraft:universal_block_reinforcer_lvl2":1,"cfm:white_cooler":64,"minecraft:tuff":1,"minecraft:experience_bottle":4,"minecraft:iron_boots":1,"minecraft:blue_concrete":704,"minecraft:iron_hoe":3,"minecraft:diamond_ore":128,"minecraft:flint_and_steel":1,"minecraft:stone":1,"man:tearoftheman":1,"quark:ancient_log":960,"minecraft:iron_chestplate":1,"minecraft:diamond_pickaxe":4,"minecraft:redstone_torch":1,"farmersdelight:stove":4,"minecraft:cow_spawn_egg":64,"tacz:ammo":48,"minecraft:spruce_log":1152,"minecraft:nether_quartz_ore":512,"mcwlights:black_paper_lamp":64,"minecraft:glow_squid_spawn_egg":1,"minecraft:terracotta":1472},"minecraft:killed":{"minecraft:cave_spider":3,"naturalist:snail":1,"minecraft:skeleton":4,"minecraft:bee":2,"minecraft:silverfish":8,"minecraft:pig":1,"minecraft:creeper":4,"minecraft:zombie":14,"enemyexpansion:vampire":1,"enemyexpansion:botfly":7,"minecraft:glow_squid":4,"enemyexpansion:trollenraged":1,"enemyexpansion:intruder":4,"quark:toretoise":5,"enemyexpansion:direwolf":7,"enemyexpansion:goblin_fear":2,"enemyexpansion:faller":2,"enemyexpansion:silverqueen":1,"minecraft:warden":1,"enemyexpansion:goblin":1,"naturalist:lizard_tail":1,"enemyexpansion:sprinter":2,"enemyexpansion:crawler":1,"naturalist:sparrow":1,"minecraft:enderman":2},"minecraft:custom":{"minecraft:interact_with_crafting_table":25,"minecraft:open_barrel":1,"minecraft:leave_game":12,"minecraft:time_since_death":266489,"minecraft:sprint_one_cm":951598,"minecraft:drop":439,"minecraft:play_time":640176,"minecraft:deaths":2,"minecraft:jump":4456,"minecraft:walk_on_water_one_cm":107067,"minecraft:enchant_item":4,"minecraft:interact_with_furnace":19,"minecraft:sleep_in_bed":21,"minecraft:waystone_activated":10,"minecraft:damage_dealt":4894,"minecraft:player_kills":1,"minecraft:crouch_one_cm":200091,"minecraft:mob_kills":96,"minecraft:interact_with_anvil":6,"minecraft:inspect_hopper":2,"minecraft:damage_dealt_resisted":127,"minecraft:climb_one_cm":1938,"minecraft:walk_one_cm":1343153,"minecraft:sneak_time":64182,"minecraft:walk_under_water_one_cm":384989,"minecraft:boat_one_cm":8869,"minecraft:total_world_time":640176,"minecraft:interact_with_stonecutter":2,"minecraft:time_since_rest":4127,"minecraft:damage_taken":2541,"minecraft:swim_one_cm":127407,"minecraft:fly_one_cm":2249052,"minecraft:open_chest":185,"minecraft:fall_one_cm":64284}},"DataVersion":3465}