{"stats":{"minecraft:mined":{"minecraft:tuff":19,"minecraft:blackstone_stairs":1,"minecraft:spruce_planks":2,"minecraft:white_bed":1,"minecraft:cherry_log":745,"minecraft:cherry_sapling":3,"gravestone:gravestone":1,"minecraft:granite":9,"minecraft:grass_block":420,"minecraft:white_concrete":45,"minecraft:kelp":2,"minecraft:spawner":2,"minecraft:sculk_catalyst":1,"minecraft:furnace":1,"minecraft:iron_ore":10,"minecraft:fire":9,"minecraft:black_concrete":4,"minecraft:andesite":168,"minecraft:deepslate_iron_ore":7,"minecraft:rail":30,"minecraft:stone":871,"minecraft:spruce_slab":5,"quark:ancient_planks":47,"minecraft:blackstone":21,"minecraft:crafting_table":1,"minecraft:torch":6,"minecraft:deepslate_gold_ore":2,"minecraft:cobblestone":1,"minecraft:copper_ore":15,"minecraft:lapis_ore":4,"quark:blackstone_furnace":1,"minecraft:sugar_cane":1,"minecraft:diorite":77,"minecraft:wall_torch":25,"quark:ancient_bookshelf":3,"quark:paper_wall":4,"minecraft:spruce_log":4,"quark:paper_wall_big":28,"securitycraft:dirt_mine":1,"minecraft:grass":54,"minecraft:coal_ore":96,"minecraft:oak_log":12,"minecraft:sand":143,"minecraft:gravel":5,"minecraft:dirt":73,"minecraft:cobweb":9,"minecraft:stonecutter":1,"minecraft:stone_bricks":5,"minecraft:polished_blackstone":4,"quark:paper_lantern":12,"minecraft:deepslate":265},"minecraft:broken":{"minecraft:iron_shovel":1},"minecraft:custom":{"minecraft:interact_with_anvil":6,"minecraft:mob_kills":33,"minecraft:inspect_hopper":2,"minecraft:interact_with_crafting_table":13,"minecraft:open_barrel":1,"minecraft:leave_game":8,"minecraft:time_since_death":58965,"minecraft:climb_one_cm":1938,"minecraft:sprint_one_cm":600311,"minecraft:walk_one_cm":873862,"minecraft:drop":422,"minecraft:play_time":432652,"minecraft:deaths":2,"minecraft:sneak_time":38943,"minecraft:walk_under_water_one_cm":363882,"minecraft:boat_one_cm":8869,"minecraft:jump":2441,"minecraft:walk_on_water_one_cm":90591,"minecraft:total_world_time":432652,"minecraft:interact_with_furnace":19,"minecraft:interact_with_stonecutter":2,"minecraft:sleep_in_bed":14,"minecraft:time_since_rest":59031,"minecraft:waystone_activated":10,"minecraft:damage_taken":1380,"minecraft:damage_dealt":1966,"minecraft:swim_one_cm":98740,"minecraft:fly_one_cm":1994847,"minecraft:player_kills":1,"minecraft:crouch_one_cm":124165,"minecraft:open_chest":172,"minecraft:fall_one_cm":35186},"minecraft:used":{"minecraft:cherry_sapling":133,"minecraft:iron_shovel":364,"minecraft:flint_and_steel":56,"minecraft:spruce_slab":30,"minecraft:polished_blackstone":4,"minecraft:spruce_planks":206,"minecraft:stone":28,"quark:paper_lantern":19,"quark:paper_wall_big":28,"minecraft:torch":154,"minecraft:dirt":696,"minecraft:anvil":1,"minecraft:hopper":3,"securitycraft:chiseled_crystal_quartz":108,"minecraft:warden_spawn_egg":2,"minecraft:glow_squid_spawn_egg":123,"minecraft:glass":1551,"securitycraft:crystal_quartz_stairs":36,"minecraft:grass_block":1008,"quark:ancient_bookshelf":26,"minecraft:stone_bricks":77,"minecraft:glowstone":131,"securitycraft:dirt_mine":4,"comforts:sleeping_bag_white":8,"farmersdelight:hamburger":5,"securitycraft:stone_mine":1,"minecraft:cooked_mutton":20,"minecraft:water_bucket":30,"minecraft:diorite":28,"quark:ancient_planks":137,"minecraft:blackstone_stairs":3,"minecraft:blackstone":328,"minecraft:sugar_cane":4,"minecraft:diamond_axe":155,"minecraft:stonecutter":1,"quark:green_crystal_lamp":2,"minecraft:sand":25,"minecraft:tnt":176,"minecraft:crafting_table":2,"minecraft:white_bed":1,"minecraft:sponge":24,"securitycraft:furnace_mine":1,"minecraft:spruce_log":46,"quark:paper_wall":4,"minecraft:redstone_torch":1,"minecraft:oak_log":1,"waystones:waystone":3,"quark:blackstone_furnace":9,"minecraft:diamond_pickaxe":1659,"minecraft:black_concrete":4,"minecraft:diamond_shovel":220,"minecraft:iron_pickaxe":13,"minecraft:netherite_axe":19,"minecraft:gravel":12,"minecraft:diamond_sword":39,"minecraft:cobblestone":125,"minecraft:bucket":1,"quark:oak_chest":22,"minecraft:andesite":72,"mcwlights:lava_lamp":3,"minecraft:white_concrete":144,"minecraft:sculk_catalyst":1,"minecraft:experience_bottle":3},"minecraft:killed_by":{"minecraft:player":2},"minecraft:crafted":{"securitycraft:furnace_mine":1,"minecraft:diamond_shovel":1,"minecraft:spruce_slab":30,"minecraft:polished_blackstone":4,"minecraft:blackstone_stairs":4,"minecraft:crafting_table":1,"minecraft:spruce_planks":240,"quark:blackstone_furnace":8,"minecraft:bucket":1,"minecraft:air":0,"securitycraft:dirt_mine":3,"minecraft:charcoal":34,"minecraft:stick":16,"minecraft:iron_shovel":1,"quark:ancient_planks":132,"minecraft:stonecutter":1,"securitycraft:stone_mine":1,"minecraft:torch":104},"minecraft:picked_up":{"minecraft:iron_chestplate":1,"minecraft:crafting_table":1,"securitycraft:keypad_item":64,"minecraft:anvil":1,"minecraft:diamond_sword":1,"minecraft:gold_block":32,"minecraft:enchanted_book":27,"quark:ancient_ladder":64,"minecraft:blue_concrete":704,"minecraft:string":3,"quark:paper_wall_big":156,"minecraft:raw_copper":110,"minecraft:flint_and_steel":1,"minecraft:iron_leggings":1,"tacz:ammo":276,"minecraft:iron_shovel":1,"minecraft:experience_bottle":1,"minecraft:blackstone":528,"comforts:sleeping_bag_black":1,"minecraft:cobbled_deepslate":207,"comforts:sleeping_bag_white":8,"minecraft:spruce_planks":1,"quark:green_crystal_lamp":2,"minecraft:redstone_torch":1,"minecraft:iron_pickaxe":1,"cfm:purple_kitchen_sink":16,"minecraft:sugar_cane":4,"minecraft:mangrove_log":384,"minecraft:iron_boots":1,"minecraft:furnace":1,"minecraft:diamond_ore":128,"minecraft:raw_iron":34,"minecraft:stick":244,"minecraft:stone":458,"quark:black_stool":1,"minecraft:oak_fence":1,"minecraft:torch":54,"quark:jungle_chest":64,"minecraft:cherry_log":720,"minecraft:diorite":83,"mcwlights:black_paper_lamp":64,"minecraft:warden_spawn_egg":1,"minecraft:tnt":17,"minecraft:quartz_block":128,"minecraft:arrow":3,"minecraft:rotten_flesh":3,"minecraft:cow_spawn_egg":64,"farmersdelight:hamburger":192,"minecraft:rail":29,"minecraft:glowstone":64,"quark:ancient_planks":47,"comforts:hammock_black":1,"securitycraft:universal_block_reinforcer_lvl2":1,"minecraft:polished_blackstone":4,"minecraft:mutton":1,"securitycraft:crystal_quartz_stairs":1,"minecraft:blackstone_stairs":1,"cfm:white_kitchen_counter":64,"minecraft:white_wool":1,"minecraft:skeleton_skull":1,"cfm:black_grill":4,"minecraft:cobblestone":926,"minecraft:air":0,"minecraft:glow_ink_sac":2,"minecraft:andesite":136,"securitycraft:claymore":11,"minecraft:black_bed":1,"minecraft:copper_block":8,"minecraft:tuff":20,"minecraft:brown_concrete":64,"minecraft:oak_log":18,"minecraft:ancient_debris":128,"quark:paper_wall_sakura":128,"minecraft:gunpowder":4,"minecraft:lapis_lazuli":41,"minecraft:glow_squid_spawn_egg":1,"minecraft:dirt":614,"cfm:white_cooler":64,"minecraft:glass":451,"minecraft:bone":2,"minecraft:stone_bricks":5,"minecraft:kelp":2,"minecraft:wheat_seeds":18,"minecraft:iron_ingot":64,"quark:paper_lantern_sakura":64,"minecraft:iron_ore":384,"cfm:post_box":64,"minecraft:book":9,"minecraft:iron_sword":1,"minecraft:purple_concrete":320,"minecraft:sculk_catalyst":1,"quark:ancient_chest":64,"minecraft:nether_quartz_ore":512,"securitycraft:dirt_mine":1,"minecraft:dandelion":3,"minecraft:gravel":14,"cfm:purple_kitchen_drawer":64,"minecraft:sand":141,"minecraft:spider_eye":1,"minecraft:spruce_log":797,"minecraft:white_bed":1,"minecraft:grass_block":839,"quark:blackstone_furnace":1,"minecraft:diamond_block":8,"quark:oak_chest":1,"mcwlights:lava_lamp":1,"quark:paper_lantern":140,"man:tearoftheman":1,"minecraft:diamond":3,"minecraft:black_concrete":644,"quark:paper_wall":132,"tacz:modern_kinetic_gun":2,"minecraft:diamond_axe":1,"minecraft:iron_helmet":1,"minecraft:granite":7,"minecraft:cherry_sapling":381,"minecraft:white_concrete":832,"quark:ancient_log":960,"cfm:purple_kitchen_counter":64,"minecraft:terracotta":1472,"minecraft:red_concrete":640,"farmersdelight:stove":4,"minecraft:coal":250,"minecraft:diamond_pickaxe":3},"minecraft:dropped":{"quark:green_crystal_lamp":2,"minecraft:enchanted_book":24,"farmersdelight:hamburger":208,"securitycraft:crystal_quartz_stairs":1,"minecraft:wheat_seeds":6,"minecraft:oak_log":9,"minecraft:tnt":18,"securitycraft:claymore":10,"minecraft:warden_spawn_egg":1,"minecraft:cobblestone":43,"minecraft:purple_concrete":320,"minecraft:black_bed":1,"quark:paper_wall":128,"comforts:hammock_black":1,"quark:paper_wall_sakura":128,"minecraft:grass_block":834,"cfm:white_kitchen_counter":64,"minecraft:gold_block":4,"minecraft:stick":6,"minecraft:dirt":128,"minecraft:diorite":2,"minecraft:torch":64,"quark:paper_lantern":128,"minecraft:white_concrete":832,"cfm:purple_kitchen_sink":16,"gravestone:obituary":2,"minecraft:sand":1,"quark:paper_lantern_sakura":64,"minecraft:black_concrete":640,"quark:ancient_tome":1,"quark:black_stool":1,"minecraft:smooth_sandstone":1,"quark:oak_chest":1,"mcwlights:lava_lamp":1,"minecraft:dandelion":3,"minecraft:red_concrete":640,"cfm:purple_kitchen_drawer":64,"quark:jungle_chest":64,"minecraft:blackstone":448,"minecraft:ancient_debris":128,"minecraft:diamond_block":8,"securitycraft:universal_block_reinforcer_lvl2":1,"cfm:white_cooler":64,"minecraft:cobbled_deepslate":131,"minecraft:tuff":1,"minecraft:experience_bottle":4,"quark:ancient_chest":64,"minecraft:cherry_sapling":63,"cfm:post_box":64,"quark:ancient_ladder":64,"minecraft:blue_concrete":704,"minecraft:diamond_ore":128,"cfm:purple_kitchen_counter":64,"securitycraft:keypad_item":64,"minecraft:flint_and_steel":1,"cfm:black_grill":4,"minecraft:stone":1,"man:tearoftheman":1,"minecraft:mangrove_log":384,"quark:ancient_log":960,"quark:paper_wall_big":128,"minecraft:skeleton_skull":1,"minecraft:diamond_pickaxe":4,"minecraft:glowstone":64,"minecraft:quartz_block":128,"minecraft:redstone_torch":1,"minecraft:cow_spawn_egg":64,"farmersdelight:stove":4,"tacz:ammo":48,"minecraft:spruce_log":1152,"minecraft:iron_ore":384,"minecraft:glass":451,"minecraft:nether_quartz_ore":512,"mcwlights:black_paper_lamp":64,"comforts:sleeping_bag_black":1,"minecraft:glow_squid_spawn_egg":1,"minecraft:brown_concrete":64,"minecraft:terracotta":1472},"minecraft:killed":{"minecraft:cave_spider":1,"enemyexpansion:intruder":2,"quark:toretoise":1,"enemyexpansion:direwolf":5,"minecraft:skeleton":3,"minecraft:bee":2,"minecraft:warden":1,"enemyexpansion:goblin":1,"minecraft:pig":1,"enemyexpansion:sprinter":1,"minecraft:creeper":2,"minecraft:zombie":5,"enemyexpansion:botfly":3,"naturalist:sparrow":1}},"DataVersion":3465}