{"stats":{"minecraft:killed":{"minecraft:cave_spider":2,"minecraft:zombified_piglin":3,"minecraft:spider":2,"royalvariations:royal_skeleton":1,"enemyexpansion:direwolf":1,"minecraft:horse":1,"minecraft:skeleton":3,"enemyexpansion:scorpion":1,"minecraft:zombie_villager":2,"minecraft:creeper":2,"minecraft:squid":5,"royalvariations:royal_zombie":1,"minecraft:zombie":9,"minecraft:ghast":1,"quark:wraith":2,"minecraft:cow":13,"enemyexpansion:slugger":1},"minecraft:crafted":{"quark:blossom_bookshelf":19,"securitycraft:mine":3,"minecraft:oak_planks":16,"minecraft:birch_boat":1,"minecraft:furnace":4,"minecraft:stone":174,"minecraft:quartz_block":13,"minecraft:bow":1,"minecraft:iron_axe":1,"minecraft:stone_pickaxe":1,"minecraft:diamond_sword":1,"quark:blossom_planks":128,"minecraft:crafting_table":1,"minecraft:wooden_pickaxe":2,"minecraft:birch_planks":16,"minecraft:air":0,"minecraft:charcoal":6,"minecraft:book":41,"minecraft:paper":261,"minecraft:stick":16,"minecraft:iron_pickaxe":2,"minecraft:iron_shovel":1,"minecraft:torch":56},"minecraft:broken":{"minecraft:stone_pickaxe":1,"minecraft:iron_pickaxe":1},"minecraft:custom":{"minecraft:interact_with_smithing_table":1,"minecraft:mob_kills":53,"minecraft:animals_bred":9,"minecraft:interact_with_crafting_table":29,"minecraft:damage_dealt_resisted":36,"minecraft:leave_game":8,"minecraft:time_since_death":147011,"minecraft:climb_one_cm":951,"minecraft:sprint_one_cm":519134,"minecraft:walk_one_cm":474658,"minecraft:drop":64,"minecraft:play_time":220785,"minecraft:deaths":2,"minecraft:sneak_time":16590,"minecraft:walk_under_water_one_cm":50070,"minecraft:boat_one_cm":149140,"minecraft:jump":2355,"minecraft:walk_on_water_one_cm":31047,"minecraft:enchant_item":12,"minecraft:total_world_time":220785,"minecraft:interact_with_furnace":14,"minecraft:interact_with_grindstone":1,"minecraft:sleep_in_bed":17,"minecraft:time_since_rest":5260,"minecraft:waystone_activated":12,"minecraft:damage_taken":900,"minecraft:damage_dealt":2341,"minecraft:swim_one_cm":41227,"minecraft:player_kills":1,"minecraft:fly_one_cm":484848,"minecraft:open_chest":50,"minecraft:crouch_one_cm":54175,"minecraft:fish_caught":2,"minecraft:fall_one_cm":37888,"minecraft:horse_one_cm":1190},"minecraft:mined":{"minecraft:nether_gold_ore":160,"minecraft:dark_oak_log":41,"minecraft:potted_cactus":2,"gravestone:gravestone":2,"minecraft:granite":3,"minecraft:grass_block":10,"minecraft:white_concrete":46,"minecraft:bubble_coral_fan":1,"minecraft:soul_soil":46,"comforts:sleeping_bag_white":1,"minecraft:tall_seagrass":1,"quark:birch_bookshelf":1,"minecraft:glowstone":20,"minecraft:enchanting_table":1,"minecraft:oak_sign":2,"minecraft:rail":20,"minecraft:brain_coral_wall_fan":1,"minecraft:stone":169,"minecraft:brain_coral_block":3,"quark:blossom_bookshelf":1,"minecraft:soul_sand":34,"minecraft:soul_fire":5,"minecraft:orange_terracotta":94,"quark:spruce_bookshelf":4,"minecraft:crafting_table":1,"minecraft:torch":2,"minecraft:dead_bush":12,"minecraft:nether_quartz_ore":258,"minecraft:lapis_ore":4,"minecraft:red_concrete":8,"minecraft:sugar_cane":62,"minecraft:oak_planks":3,"minecraft:wall_torch":3,"minecraft:seagrass":4,"minecraft:white_terracotta":39,"cfm:black_sofa":1,"minecraft:cactus":1,"minecraft:sea_pickle":9,"minecraft:birch_log":49,"minecraft:wheat":19,"minecraft:grass":48,"minecraft:oak_log":4,"minecraft:coal_ore":31,"minecraft:sand":38,"minecraft:dirt":4,"minecraft:cobweb":7,"minecraft:brown_terracotta":2,"minecraft:terracotta":134,"minecraft:netherrack":512,"minecraft:gold_ore":2,"minecraft:oak_leaves":2},"minecraft:dropped":{"minecraft:golden_boots":3,"minecraft:birch_planks":4,"minecraft:wheat_seeds":30,"minecraft:lapis_lazuli":13,"minecraft:golden_helmet":1,"minecraft:book":1,"gravestone:obituary":2,"tacz:modern_kinetic_gun":2,"minecraft:iron_pickaxe":1,"paraglider:paraglider":1,"minecraft:fishing_rod":1,"minecraft:golden_chestplate":1,"minecraft:rotten_flesh":1,"minecraft:diamond_sword":3,"minecraft:diamond_pickaxe":3,"minecraft:golden_leggings":1,"tacz:ammo":138,"minecraft:wooden_pickaxe":3},"minecraft:picked_up":{"minecraft:fishing_rod":2,"sophisticatedbackpacks:gold_backpack":2,"minecraft:iron_chestplate":1,"minecraft:crafting_table":1,"minecraft:wheat":15,"minecraft:flower_pot":1,"minecraft:diamond_sword":3,"minecraft:wooden_pickaxe":1,"minecraft:shield":1,"cave_dweller:cave_dweller_spawn_egg":1,"minecraft:string":5,"minecraft:soul_soil":44,"minecraft:iron_leggings":1,"tacz:ammo":336,"minecraft:oak_sign":2,"minecraft:sea_pickle":23,"minecraft:red_sand":9,"minecraft:gold_nugget":774,"comforts:sleeping_bag_white":12,"minecraft:beef":26,"farmersdelight:straw":1,"minecraft:iron_pickaxe":6,"minecraft:sugar_cane":265,"minecraft:birch_sapling":15,"minecraft:iron_boots":1,"minecraft:golden_helmet":1,"minecraft:stick":21,"minecraft:brown_terracotta":2,"minecraft:torch":7,"quark:blossom_log":10,"minecraft:golden_chestplate":1,"minecraft:nether_gold_ore":81,"minecraft:arrow":11,"minecraft:cactus":3,"minecraft:rotten_flesh":20,"minecraft:glowstone":1,"minecraft:white_terracotta":40,"minecraft:gold_ingot":32,"minecraft:cod":1,"minecraft:rail":24,"minecraft:cobblestone":165,"minecraft:birch_log":49,"minecraft:enchanting_table":1,"minecraft:golden_carrot":1,"minecraft:salmon":1,"minecraft:leather":24,"minecraft:golden_leggings":1,"paraglider:spirit_orb":2,"minecraft:oak_log":4,"minecraft:golden_boots":2,"minecraft:gunpowder":4,"minecraft:lapis_lazuli":106,"minecraft:paper":66,"minecraft:dirt":16,"minecraft:orange_terracotta":99,"minecraft:bone":6,"farmersdelight:iron_knife":1,"minecraft:bow":1,"minecraft:stonecutter":1,"minecraft:wheat_seeds":51,"minecraft:raw_gold":2,"minecraft:iron_ingot":103,"quark:soul_bead":2,"minecraft:glowstone_dust":60,"minecraft:oak_planks":3,"minecraft:soul_sand":34,"minecraft:book":23,"minecraft:nether_quartz_ore":79,"minecraft:birch_boat":1,"minecraft:quartz":411,"minecraft:sand":32,"minecraft:ink_sac":13,"minecraft:dark_oak_log":41,"man:manfromthefogback_spawn_egg":1,"minecraft:diamond":3,"tacz:modern_kinetic_gun":3,"minecraft:iron_helmet":1,"minecraft:dead_brain_coral_block":3,"cfm:black_sofa":1,"minecraft:white_concrete":46,"minecraft:terracotta":131,"minecraft:oak_sapling":1,"minecraft:netherrack":495,"minecraft:red_concrete":8,"minecraft:coal":47,"minecraft:diamond_pickaxe":3},"minecraft:used":{"minecraft:enchanting_table":1,"minecraft:iron_shovel":105,"minecraft:red_concrete":50,"minecraft:iron_sword":10,"minecraft:netherrack":355,"minecraft:torch":33,"minecraft:dirt":139,"minecraft:nether_quartz_ore":79,"minecraft:brown_terracotta":2,"cfm:black_sofa":1,"minecraft:iron_axe":149,"minecraft:furnace":4,"minecraft:oak_sapling":1,"comforts:sleeping_bag_white":13,"minecraft:orange_terracotta":11,"minecraft:cooked_mutton":17,"minecraft:wheat_seeds":21,"farmersdelight:iron_knife":35,"minecraft:stone_pickaxe":131,"minecraft:oak_planks":3,"minecraft:birch_boat":2,"minecraft:wooden_pickaxe":6,"minecraft:sand":15,"minecraft:terracotta":38,"minecraft:crafting_table":3,"quark:blossom_bookshelf":19,"minecraft:nether_gold_ore":45,"minecraft:diamond_pickaxe":496,"minecraft:black_concrete":12,"minecraft:iron_pickaxe":896,"minecraft:fishing_rod":4,"minecraft:diamond_sword":19,"minecraft:birch_log":4,"minecraft:sea_pickle":1,"minecraft:white_concrete":59,"minecraft:coarse_dirt":1},"minecraft:killed_by":{"minecraft:player":1}},"DataVersion":3465}