{"stats":{"minecraft:crafted":{"securitycraft:furnace_mine":1,"minecraft:diamond_shovel":1,"minecraft:crafting_table":1,"minecraft:spruce_planks":12,"quark:blackstone_furnace":8,"minecraft:air":0,"securitycraft:dirt_mine":3,"minecraft:stick":16,"minecraft:iron_shovel":1,"minecraft:stonecutter":1,"securitycraft:stone_mine":1},"minecraft:mined":{"minecraft:white_bed":1,"minecraft:cherry_log":313,"minecraft:grass_block":220,"minecraft:kelp":2,"minecraft:furnace":1,"minecraft:iron_ore":5,"minecraft:fire":9,"minecraft:andesite":123,"minecraft:stone":581,"minecraft:crafting_table":1,"minecraft:copper_ore":5,"minecraft:lapis_ore":2,"quark:blackstone_furnace":1,"minecraft:sugar_cane":1,"minecraft:diorite":57,"minecraft:wall_torch":1,"securitycraft:dirt_mine":1,"minecraft:grass":51,"minecraft:coal_ore":75,"minecraft:oak_log":12,"minecraft:sand":62,"minecraft:dirt":39},"minecraft:used":{"minecraft:cherry_sapling":64,"minecraft:iron_shovel":283,"minecraft:flint_and_steel":56,"minecraft:stone":28,"minecraft:torch":58,"minecraft:dirt":290,"minecraft:anvil":1,"minecraft:hopper":3,"securitycraft:chiseled_crystal_quartz":108,"minecraft:warden_spawn_egg":2,"minecraft:glow_squid_spawn_egg":123,"minecraft:glass":1551,"securitycraft:crystal_quartz_stairs":36,"minecraft:grass_block":944,"minecraft:glowstone":131,"securitycraft:dirt_mine":4,"comforts:sleeping_bag_white":5,"securitycraft:stone_mine":1,"minecraft:cooked_mutton":10,"minecraft:water_bucket":30,"minecraft:diorite":7,"minecraft:diamond_axe":5,"minecraft:stonecutter":1,"minecraft:sugar_cane":4,"quark:green_crystal_lamp":2,"minecraft:sand":25,"minecraft:tnt":176,"minecraft:crafting_table":2,"minecraft:white_bed":1,"securitycraft:furnace_mine":1,"minecraft:sponge":24,"minecraft:redstone_torch":1,"minecraft:oak_log":1,"waystones:waystone":3,"quark:blackstone_furnace":9,"minecraft:diamond_pickaxe":838,"minecraft:iron_pickaxe":13,"minecraft:netherite_axe":19,"minecraft:gravel":11,"minecraft:diamond_sword":6,"minecraft:cobblestone":4,"quark:oak_chest":22,"mcwlights:lava_lamp":3},"minecraft:broken":{"minecraft:iron_shovel":1},"minecraft:killed_by":{"minecraft:player":1},"minecraft:picked_up":{"minecraft:crafting_table":1,"minecraft:iron_chestplate":1,"securitycraft:keypad_item":64,"minecraft:anvil":1,"minecraft:diamond_sword":1,"minecraft:gold_block":32,"minecraft:enchanted_book":27,"quark:ancient_ladder":64,"minecraft:blue_concrete":704,"quark:paper_wall_big":128,"minecraft:raw_copper":34,"minecraft:flint_and_steel":1,"minecraft:iron_leggings":1,"tacz:ammo":228,"minecraft:iron_shovel":1,"minecraft:blackstone":448,"comforts:sleeping_bag_black":1,"comforts:sleeping_bag_white":6,"quark:green_crystal_lamp":2,"minecraft:redstone_torch":1,"minecraft:iron_pickaxe":1,"cfm:purple_kitchen_sink":16,"minecraft:sugar_cane":4,"minecraft:furnace":1,"minecraft:mangrove_log":384,"minecraft:iron_boots":1,"minecraft:diamond_ore":128,"minecraft:raw_iron":12,"minecraft:stick":94,"minecraft:stone":458,"quark:black_stool":1,"minecraft:torch":10,"quark:jungle_chest":64,"minecraft:cherry_log":307,"minecraft:diorite":66,"mcwlights:black_paper_lamp":64,"minecraft:warden_spawn_egg":1,"minecraft:tnt":17,"minecraft:quartz_block":128,"minecraft:arrow":1,"minecraft:cow_spawn_egg":64,"farmersdelight:hamburger":192,"minecraft:glowstone":64,"comforts:hammock_black":1,"securitycraft:universal_block_reinforcer_lvl2":1,"securitycraft:crystal_quartz_stairs":1,"minecraft:mutton":1,"cfm:white_kitchen_counter":64,"cfm:black_grill":4,"minecraft:skeleton_skull":1,"minecraft:white_wool":1,"minecraft:cobblestone":694,"minecraft:glow_ink_sac":2,"minecraft:andesite":123,"securitycraft:claymore":11,"minecraft:black_bed":1,"minecraft:copper_block":8,"minecraft:brown_concrete":64,"minecraft:oak_log":18,"minecraft:ancient_debris":128,"quark:paper_wall_sakura":128,"minecraft:gunpowder":1,"minecraft:lapis_lazuli":11,"minecraft:glow_squid_spawn_egg":1,"minecraft:dirt":482,"cfm:white_cooler":64,"minecraft:glass":451,"minecraft:kelp":2,"minecraft:wheat_seeds":18,"minecraft:iron_ingot":64,"quark:paper_lantern_sakura":64,"minecraft:iron_ore":384,"cfm:post_box":64,"minecraft:iron_sword":1,"minecraft:purple_concrete":320,"minecraft:sculk_catalyst":1,"quark:ancient_chest":64,"minecraft:nether_quartz_ore":512,"securitycraft:dirt_mine":1,"minecraft:dandelion":3,"minecraft:gravel":11,"cfm:purple_kitchen_drawer":64,"minecraft:sand":62,"minecraft:white_bed":1,"minecraft:grass_block":839,"minecraft:spruce_log":797,"quark:blackstone_furnace":1,"minecraft:diamond_block":8,"quark:oak_chest":1,"mcwlights:lava_lamp":1,"quark:paper_lantern":128,"man:tearoftheman":1,"minecraft:diamond":3,"tacz:modern_kinetic_gun":2,"minecraft:black_concrete":640,"quark:paper_wall":128,"minecraft:iron_helmet":1,"minecraft:diamond_axe":1,"minecraft:cherry_sapling":188,"minecraft:white_concrete":832,"quark:ancient_log":960,"cfm:purple_kitchen_counter":64,"minecraft:terracotta":1472,"minecraft:red_concrete":640,"farmersdelight:stove":4,"minecraft:coal":211,"minecraft:diamond_pickaxe":1},"minecraft:dropped":{"quark:green_crystal_lamp":2,"minecraft:enchanted_book":24,"farmersdelight:hamburger":192,"securitycraft:crystal_quartz_stairs":1,"minecraft:wheat_seeds":4,"minecraft:oak_log":9,"minecraft:tnt":18,"securitycraft:claymore":10,"minecraft:warden_spawn_egg":1,"minecraft:cobblestone":43,"minecraft:purple_concrete":320,"minecraft:black_bed":1,"quark:paper_wall":128,"minecraft:grass_block":834,"comforts:hammock_black":1,"quark:paper_wall_sakura":128,"cfm:white_kitchen_counter":64,"minecraft:gold_block":4,"minecraft:dirt":128,"minecraft:diorite":2,"quark:paper_lantern":128,"minecraft:white_concrete":832,"cfm:purple_kitchen_sink":16,"gravestone:obituary":1,"minecraft:sand":1,"quark:paper_lantern_sakura":64,"minecraft:black_concrete":640,"minecraft:smooth_sandstone":1,"quark:black_stool":1,"quark:oak_chest":1,"mcwlights:lava_lamp":1,"minecraft:dandelion":3,"minecraft:red_concrete":640,"cfm:purple_kitchen_drawer":64,"quark:jungle_chest":64,"minecraft:blackstone":448,"minecraft:ancient_debris":128,"minecraft:diamond_block":8,"securitycraft:universal_block_reinforcer_lvl2":1,"cfm:white_cooler":64,"quark:ancient_chest":64,"minecraft:cherry_sapling":63,"quark:ancient_ladder":64,"cfm:post_box":64,"minecraft:blue_concrete":704,"minecraft:diamond_ore":128,"cfm:purple_kitchen_counter":64,"securitycraft:keypad_item":64,"minecraft:flint_and_steel":1,"cfm:black_grill":4,"minecraft:stone":1,"man:tearoftheman":1,"minecraft:mangrove_log":384,"quark:ancient_log":960,"quark:paper_wall_big":128,"minecraft:skeleton_skull":1,"minecraft:quartz_block":128,"minecraft:glowstone":64,"minecraft:redstone_torch":1,"farmersdelight:stove":4,"minecraft:cow_spawn_egg":64,"minecraft:spruce_log":1152,"minecraft:iron_ore":384,"minecraft:glass":451,"minecraft:nether_quartz_ore":512,"mcwlights:black_paper_lamp":64,"comforts:sleeping_bag_black":1,"minecraft:glow_squid_spawn_egg":1,"minecraft:brown_concrete":64,"minecraft:terracotta":1472},"minecraft:killed":{"enemyexpansion:intruder":1,"minecraft:skeleton":2,"minecraft:bee":2,"minecraft:warden":1,"minecraft:pig":1,"minecraft:creeper":1,"naturalist:sparrow":1},"minecraft:custom":{"minecraft:interact_with_anvil":5,"minecraft:mob_kills":9,"minecraft:inspect_hopper":2,"minecraft:interact_with_crafting_table":9,"minecraft:open_barrel":1,"minecraft:leave_game":6,"minecraft:time_since_death":256554,"minecraft:climb_one_cm":1938,"minecraft:sprint_one_cm":294070,"minecraft:walk_one_cm":390337,"minecraft:drop":259,"minecraft:play_time":257342,"minecraft:deaths":1,"minecraft:sneak_time":17778,"minecraft:walk_under_water_one_cm":307669,"minecraft:jump":1199,"minecraft:walk_on_water_one_cm":59915,"minecraft:total_world_time":257342,"minecraft:interact_with_furnace":5,"minecraft:interact_with_stonecutter":1,"minecraft:sleep_in_bed":7,"minecraft:time_since_rest":1223,"minecraft:waystone_activated":10,"minecraft:damage_taken":491,"minecraft:damage_dealt":773,"minecraft:swim_one_cm":82515,"minecraft:fly_one_cm":1832541,"minecraft:open_chest":121,"minecraft:crouch_one_cm":68960,"minecraft:fall_one_cm":15881}},"DataVersion":3465}