{"stats":{"minecraft:killed":{"enemyexpansion:scorpion":1,"minecraft:cave_spider":2,"enemyexpansion:direwolf":1,"minecraft:squid":5,"minecraft:horse":1,"minecraft:skeleton":1,"minecraft:cow":13},"minecraft:crafted":{"minecraft:oak_planks":16,"minecraft:crafting_table":1,"minecraft:birch_boat":1,"minecraft:wooden_pickaxe":2,"minecraft:birch_planks":8,"minecraft:book":41,"minecraft:paper":138,"minecraft:iron_axe":1,"minecraft:stick":8,"minecraft:stone_pickaxe":1,"minecraft:iron_shovel":1},"minecraft:custom":{"minecraft:interact_with_furnace":2,"minecraft:mob_kills":26,"minecraft:animals_bred":9,"minecraft:interact_with_crafting_table":9,"minecraft:leave_game":7,"minecraft:time_since_death":48558,"minecraft:sleep_in_bed":10,"minecraft:climb_one_cm":951,"minecraft:waystone_activated":11,"minecraft:time_since_rest":5538,"minecraft:damage_taken":840,"minecraft:sprint_one_cm":374251,"minecraft:walk_one_cm":281395,"minecraft:drop":41,"minecraft:damage_dealt":2117,"minecraft:swim_one_cm":33400,"minecraft:fly_one_cm":422957,"minecraft:open_chest":50,"minecraft:crouch_one_cm":2742,"minecraft:play_time":122332,"minecraft:deaths":2,"minecraft:sneak_time":1096,"minecraft:walk_under_water_one_cm":22024,"minecraft:boat_one_cm":149140,"minecraft:jump":1680,"minecraft:walk_on_water_one_cm":18321,"minecraft:total_world_time":122332,"minecraft:fall_one_cm":30258,"minecraft:horse_one_cm":1190},"minecraft:mined":{"minecraft:dark_oak_log":41,"minecraft:potted_cactus":2,"minecraft:crafting_table":1,"quark:spruce_bookshelf":4,"gravestone:gravestone":2,"minecraft:grass_block":10,"minecraft:dead_bush":12,"minecraft:white_concrete":46,"minecraft:bubble_coral_fan":1,"minecraft:red_concrete":8,"minecraft:sugar_cane":62,"minecraft:oak_planks":3,"minecraft:wall_torch":2,"minecraft:white_terracotta":30,"minecraft:cactus":1,"minecraft:seagrass":4,"minecraft:tall_seagrass":1,"quark:birch_bookshelf":1,"cfm:black_sofa":1,"minecraft:sea_pickle":9,"minecraft:birch_log":49,"minecraft:wheat":19,"minecraft:enchanting_table":1,"minecraft:grass":48,"minecraft:oak_log":4,"minecraft:oak_sign":2,"minecraft:sand":36,"minecraft:brain_coral_wall_fan":1,"minecraft:dirt":3,"minecraft:cobweb":6,"minecraft:brown_terracotta":2,"minecraft:terracotta":1,"minecraft:stone":3,"minecraft:brain_coral_block":3,"minecraft:oak_leaves":2},"minecraft:dropped":{"minecraft:golden_boots":1,"minecraft:wheat_seeds":30,"minecraft:golden_helmet":1,"minecraft:golden_chestplate":1,"minecraft:rotten_flesh":1,"minecraft:golden_leggings":1,"gravestone:obituary":2,"tacz:modern_kinetic_gun":2,"tacz:ammo":96,"minecraft:wooden_pickaxe":3,"paraglider:paraglider":1},"minecraft:picked_up":{"minecraft:enchanting_table":1,"minecraft:birch_log":49,"sophisticatedbackpacks:gold_backpack":2,"minecraft:iron_chestplate":1,"minecraft:wheat":15,"minecraft:flower_pot":1,"minecraft:leather":24,"minecraft:golden_leggings":1,"minecraft:diamond_sword":1,"minecraft:wooden_pickaxe":1,"paraglider:spirit_orb":2,"minecraft:oak_log":4,"minecraft:golden_boots":1,"minecraft:shield":1,"cave_dweller:cave_dweller_spawn_egg":1,"minecraft:lapis_lazuli":64,"minecraft:string":3,"minecraft:dirt":14,"minecraft:orange_terracotta":2,"minecraft:iron_leggings":1,"tacz:ammo":336,"farmersdelight:iron_knife":1,"minecraft:oak_sign":2,"minecraft:sea_pickle":23,"minecraft:stonecutter":1,"minecraft:wheat_seeds":51,"comforts:sleeping_bag_white":5,"minecraft:beef":26,"minecraft:iron_ingot":100,"farmersdelight:straw":1,"minecraft:iron_pickaxe":4,"minecraft:sugar_cane":144,"minecraft:birch_sapling":15,"minecraft:oak_planks":3,"minecraft:iron_boots":1,"minecraft:book":15,"minecraft:golden_helmet":1,"minecraft:stick":16,"minecraft:birch_boat":1,"minecraft:brown_terracotta":2,"minecraft:torch":3,"minecraft:sand":30,"minecraft:ink_sac":13,"minecraft:dark_oak_log":41,"minecraft:golden_chestplate":1,"man:manfromthefogback_spawn_egg":1,"minecraft:cactus":3,"minecraft:rotten_flesh":1,"minecraft:diamond":3,"tacz:modern_kinetic_gun":3,"minecraft:dead_brain_coral_block":3,"minecraft:iron_helmet":1,"cfm:black_sofa":1,"minecraft:white_concrete":46,"minecraft:gold_ingot":32,"minecraft:white_terracotta":30,"minecraft:oak_sapling":1,"minecraft:red_concrete":8,"minecraft:crafting_table":1,"minecraft:cobblestone":3,"minecraft:diamond_pickaxe":1},"minecraft:used":{"minecraft:cooked_mutton":13,"minecraft:wheat_seeds":21,"minecraft:iron_shovel":22,"minecraft:red_concrete":50,"minecraft:oak_planks":3,"minecraft:wooden_pickaxe":6,"minecraft:birch_boat":2,"minecraft:iron_sword":10,"minecraft:torch":2,"minecraft:dirt":139,"minecraft:sand":8,"minecraft:crafting_table":2,"minecraft:brown_terracotta":2,"minecraft:diamond_pickaxe":66,"minecraft:black_concrete":12,"cfm:black_sofa":1,"minecraft:iron_axe":147,"minecraft:iron_pickaxe":41,"minecraft:diamond_sword":15,"minecraft:oak_sapling":1,"minecraft:birch_log":4,"minecraft:sea_pickle":1,"comforts:sleeping_bag_white":5,"minecraft:white_concrete":59,"minecraft:coarse_dirt":1,"farmersdelight:iron_knife":35},"minecraft:killed_by":{"minecraft:player":1}},"DataVersion":3465}