{"stats":{"minecraft:mined":{"minecraft:grass_block":6,"minecraft:grass":4,"minecraft:oak_log":12,"minecraft:sand":1,"minecraft:dirt":1},"minecraft:killed":{"enemyexpansion:intruder":1,"minecraft:bee":2,"minecraft:pig":1,"minecraft:creeper":1},"minecraft:used":{"minecraft:flint_and_steel":55,"minecraft:stone":20,"minecraft:torch":19,"minecraft:dirt":59,"minecraft:hopper":3,"minecraft:warden_spawn_egg":1,"securitycraft:chiseled_crystal_quartz":108,"minecraft:glow_squid_spawn_egg":123,"minecraft:glass":1551,"securitycraft:crystal_quartz_stairs":36,"minecraft:grass_block":421,"minecraft:glowstone":131,"minecraft:water_bucket":30,"quark:green_crystal_lamp":2,"minecraft:sand":25,"minecraft:tnt":176,"minecraft:sponge":24,"minecraft:redstone_torch":1,"minecraft:oak_log":1,"waystones:waystone":3,"minecraft:netherite_axe":19,"minecraft:diamond_sword":6,"quark:oak_chest":22,"mcwlights:lava_lamp":3},"minecraft:picked_up":{"securitycraft:keypad_item":64,"minecraft:enchanted_book":27,"quark:ancient_ladder":64,"minecraft:blue_concrete":704,"quark:paper_wall_big":128,"minecraft:flint_and_steel":1,"minecraft:blackstone":448,"comforts:sleeping_bag_black":1,"quark:green_crystal_lamp":2,"minecraft:redstone_torch":1,"cfm:purple_kitchen_sink":16,"minecraft:mangrove_log":384,"minecraft:diamond_ore":128,"minecraft:stick":1,"minecraft:stone":1,"quark:black_stool":1,"quark:jungle_chest":64,"minecraft:diorite":2,"mcwlights:black_paper_lamp":64,"minecraft:warden_spawn_egg":1,"minecraft:tnt":17,"minecraft:quartz_block":128,"minecraft:cow_spawn_egg":64,"farmersdelight:hamburger":192,"minecraft:glowstone":64,"comforts:hammock_black":1,"securitycraft:universal_block_reinforcer_lvl2":1,"securitycraft:crystal_quartz_stairs":1,"minecraft:mutton":1,"cfm:white_kitchen_counter":64,"minecraft:cobblestone":113,"minecraft:skeleton_skull":1,"minecraft:white_wool":1,"cfm:black_grill":4,"minecraft:glow_ink_sac":2,"minecraft:black_bed":1,"securitycraft:claymore":10,"minecraft:brown_concrete":64,"minecraft:oak_log":18,"minecraft:ancient_debris":128,"quark:paper_wall_sakura":128,"minecraft:gunpowder":1,"minecraft:glow_squid_spawn_egg":1,"minecraft:dirt":232,"cfm:white_cooler":64,"minecraft:glass":451,"minecraft:wheat_seeds":6,"quark:paper_lantern_sakura":64,"minecraft:iron_ore":384,"cfm:post_box":64,"minecraft:purple_concrete":320,"quark:ancient_chest":64,"minecraft:nether_quartz_ore":512,"minecraft:dandelion":3,"cfm:purple_kitchen_drawer":64,"minecraft:sand":1,"minecraft:grass_block":834,"minecraft:spruce_log":797,"minecraft:diamond_block":8,"quark:oak_chest":1,"mcwlights:lava_lamp":1,"quark:paper_lantern":128,"man:tearoftheman":1,"minecraft:black_concrete":640,"quark:paper_wall":128,"minecraft:cherry_sapling":63,"minecraft:white_concrete":832,"quark:ancient_log":960,"cfm:purple_kitchen_counter":64,"minecraft:terracotta":1472,"minecraft:red_concrete":640,"farmersdelight:stove":4},"minecraft:dropped":{"quark:green_crystal_lamp":2,"minecraft:enchanted_book":24,"farmersdelight:hamburger":192,"securitycraft:crystal_quartz_stairs":1,"minecraft:wheat_seeds":3,"minecraft:oak_log":9,"minecraft:tnt":18,"securitycraft:claymore":10,"minecraft:warden_spawn_egg":1,"minecraft:cobblestone":43,"minecraft:purple_concrete":320,"minecraft:black_bed":1,"quark:paper_wall":128,"comforts:hammock_black":1,"minecraft:grass_block":834,"quark:paper_wall_sakura":128,"cfm:white_kitchen_counter":64,"minecraft:dirt":128,"minecraft:diorite":2,"quark:paper_lantern":128,"minecraft:white_concrete":832,"cfm:purple_kitchen_sink":16,"gravestone:obituary":1,"minecraft:sand":1,"quark:paper_lantern_sakura":64,"minecraft:black_concrete":640,"minecraft:smooth_sandstone":1,"quark:black_stool":1,"quark:oak_chest":1,"mcwlights:lava_lamp":1,"minecraft:dandelion":3,"minecraft:red_concrete":640,"cfm:purple_kitchen_drawer":64,"quark:jungle_chest":64,"minecraft:blackstone":448,"minecraft:ancient_debris":128,"minecraft:diamond_block":8,"securitycraft:universal_block_reinforcer_lvl2":1,"cfm:white_cooler":64,"quark:ancient_chest":64,"minecraft:cherry_sapling":63,"quark:ancient_ladder":64,"cfm:post_box":64,"minecraft:blue_concrete":704,"minecraft:diamond_ore":128,"cfm:purple_kitchen_counter":64,"securitycraft:keypad_item":64,"minecraft:flint_and_steel":1,"cfm:black_grill":4,"minecraft:stone":1,"man:tearoftheman":1,"minecraft:mangrove_log":384,"quark:ancient_log":960,"quark:paper_wall_big":128,"minecraft:skeleton_skull":1,"minecraft:quartz_block":128,"minecraft:glowstone":64,"minecraft:redstone_torch":1,"farmersdelight:stove":4,"minecraft:cow_spawn_egg":64,"minecraft:spruce_log":1152,"minecraft:iron_ore":384,"minecraft:glass":451,"minecraft:nether_quartz_ore":512,"mcwlights:black_paper_lamp":64,"comforts:sleeping_bag_black":1,"minecraft:glow_squid_spawn_egg":1,"minecraft:brown_concrete":64,"minecraft:terracotta":1472},"minecraft:custom":{"minecraft:mob_kills":5,"minecraft:inspect_hopper":1,"minecraft:leave_game":5,"minecraft:time_since_death":164775,"minecraft:sprint_one_cm":76620,"minecraft:walk_one_cm":144523,"minecraft:drop":254,"minecraft:play_time":165563,"minecraft:deaths":1,"minecraft:sneak_time":5428,"minecraft:walk_under_water_one_cm":288406,"minecraft:jump":534,"minecraft:walk_on_water_one_cm":46073,"minecraft:total_world_time":165563,"minecraft:time_since_rest":164809,"minecraft:waystone_activated":9,"minecraft:damage_taken":230,"minecraft:damage_dealt":749,"minecraft:swim_one_cm":75003,"minecraft:fly_one_cm":1691139,"minecraft:open_chest":66,"minecraft:crouch_one_cm":8071,"minecraft:fall_one_cm":3100},"minecraft:killed_by":{"minecraft:player":1}},"DataVersion":3465}