{"stats":{"minecraft:picked_up":{"vampirism:weapon_table":1},"minecraft:killed_by":{"vampirism:hunter":1},"minecraft:custom":{"minecraft:jump":24,"minecraft:time_since_rest":960,"minecraft:deaths":1,"minecraft:damage_dealt":17,"minecraft:sprint_one_cm":8006,"minecraft:leave_game":1,"minecraft:play_time":2861,"minecraft:damage_taken":215,"minecraft:time_since_death":914,"minecraft:walk_one_cm":4721,"minecraft:total_world_time":2861,"minecraft:fall_one_cm":627,"minecraft:fly_one_cm":7287},"minecraft:mined":{"vampirism:weapon_table":1,"gravestone:gravestone":1}},"DataVersion":3465}