{"stats":{"minecraft:killed":{"minecraft:squid":2,"minecraft:horse":1,"minecraft:cow":13},"minecraft:crafted":{"minecraft:oak_planks":16,"minecraft:crafting_table":1,"minecraft:wooden_pickaxe":2,"minecraft:stick":8,"minecraft:stone_pickaxe":1},"minecraft:custom":{"minecraft:interact_with_furnace":1,"minecraft:mob_kills":18,"minecraft:animals_bred":9,"minecraft:interact_with_crafting_table":4,"minecraft:leave_game":4,"minecraft:time_since_death":1891,"minecraft:sleep_in_bed":6,"minecraft:time_since_rest":1927,"minecraft:waystone_activated":9,"minecraft:sprint_one_cm":236109,"minecraft:damage_taken":682,"minecraft:walk_one_cm":183555,"minecraft:drop":39,"minecraft:damage_dealt":1816,"minecraft:swim_one_cm":11472,"minecraft:fly_one_cm":302334,"minecraft:open_chest":39,"minecraft:crouch_one_cm":2528,"minecraft:play_time":75665,"minecraft:deaths":2,"minecraft:sneak_time":735,"minecraft:walk_under_water_one_cm":6549,"minecraft:jump":1157,"minecraft:walk_on_water_one_cm":3984,"minecraft:total_world_time":75665,"minecraft:fall_one_cm":22395,"minecraft:horse_one_cm":1190},"minecraft:mined":{"gravestone:gravestone":2,"minecraft:grass_block":10,"minecraft:oak_planks":3,"minecraft:sugar_cane":8,"minecraft:wall_torch":1,"cfm:black_sofa":1,"minecraft:wheat":19,"minecraft:enchanting_table":1,"minecraft:grass":44,"minecraft:oak_log":4,"minecraft:oak_sign":2,"minecraft:sand":5,"minecraft:dirt":3,"minecraft:stone":3,"minecraft:oak_leaves":2},"minecraft:dropped":{"minecraft:golden_boots":1,"minecraft:wheat_seeds":23,"minecraft:golden_helmet":1,"minecraft:golden_chestplate":1,"minecraft:rotten_flesh":1,"minecraft:golden_leggings":1,"gravestone:obituary":2,"tacz:modern_kinetic_gun":2,"tacz:ammo":96,"minecraft:wooden_pickaxe":2,"paraglider:paraglider":1},"minecraft:picked_up":{"minecraft:enchanting_table":1,"sophisticatedbackpacks:gold_backpack":2,"minecraft:iron_chestplate":1,"minecraft:wheat":15,"minecraft:leather":24,"minecraft:golden_leggings":1,"minecraft:diamond_sword":1,"minecraft:oak_log":4,"minecraft:golden_boots":1,"minecraft:shield":1,"cave_dweller:cave_dweller_spawn_egg":1,"minecraft:lapis_lazuli":64,"minecraft:dirt":14,"minecraft:iron_leggings":1,"tacz:ammo":240,"minecraft:oak_sign":2,"farmersdelight:iron_knife":1,"minecraft:stonecutter":1,"minecraft:wheat_seeds":51,"comforts:sleeping_bag_white":1,"minecraft:beef":26,"minecraft:iron_ingot":100,"farmersdelight:straw":1,"minecraft:iron_pickaxe":4,"minecraft:sugar_cane":13,"minecraft:oak_planks":3,"minecraft:iron_boots":1,"minecraft:golden_helmet":1,"minecraft:torch":1,"minecraft:ink_sac":6,"minecraft:golden_chestplate":1,"man:manfromthefogback_spawn_egg":1,"minecraft:rotten_flesh":1,"minecraft:diamond":3,"tacz:modern_kinetic_gun":2,"minecraft:iron_helmet":1,"cfm:black_sofa":1,"minecraft:gold_ingot":32,"minecraft:oak_sapling":1,"minecraft:diamond_pickaxe":1,"minecraft:cobblestone":3},"minecraft:used":{"minecraft:wheat_seeds":21,"farmersdelight:iron_knife":35,"minecraft:cooked_mutton":7,"minecraft:oak_planks":3,"minecraft:wooden_pickaxe":6,"minecraft:iron_sword":10,"minecraft:torch":1,"minecraft:dirt":139,"minecraft:crafting_table":1,"minecraft:diamond_pickaxe":1,"minecraft:black_concrete":12,"cfm:black_sofa":1,"minecraft:diamond_sword":7,"minecraft:oak_sapling":1,"comforts:sleeping_bag_white":1,"minecraft:white_concrete":49,"minecraft:coarse_dirt":1},"minecraft:killed_by":{"minecraft:player":1}},"DataVersion":3465}