{"stats":{"minecraft:mined":{"minecraft:red_bed":1,"gravestone:gravestone":5,"minecraft:torch":3,"minecraft:grass_block":4,"minecraft:tall_grass":1,"minecraft:cobblestone":5,"minecraft:oxeye_daisy":1,"minecraft:wall_torch":1,"minecraft:pink_petals":19,"minecraft:light_gray_stained_glass":51,"minecraft:iron_ore":11,"minecraft:moss_carpet":1,"minecraft:brown_bed":1,"minecraft:grass":2,"minecraft:oak_log":24,"minecraft:coal_ore":39,"vampirism:fire_place":1,"minecraft:gravel":29,"minecraft:dirt":20,"quark:hollow_oak_log":4,"minecraft:stone":113,"minecraft:white_wool":11,"minecraft:spruce_slab":1},"minecraft:killed":{"naturalist:bass":1},"minecraft:crafted":{"minecraft:oak_planks":56,"minecraft:wooden_shovel":1,"minecraft:crafting_table":1,"minecraft:stone_axe":1,"minecraft:stick":16,"minecraft:stone_pickaxe":2,"vampirism:stake":1,"minecraft:torch":8},"minecraft:used":{"minecraft:spruce_slab":1,"minecraft:stone_pickaxe":188,"minecraft:oak_planks":2,"minecraft:wooden_pickaxe":10,"minecraft:wooden_shovel":39,"minecraft:torch":8,"anthropology_items__structures:hunters_machete":12,"minecraft:dirt":24,"minecraft:crafting_table":2,"vampirism:stake":3,"minecraft:apple":3,"minecraft:oxeye_daisy":1,"minecraft:gravel":1,"minecraft:stone_axe":62,"minecraft:cobblestone":7,"minecraft:brown_bed":1},"minecraft:dropped":{"minecraft:stone_axe":1,"minecraft:moss_carpet":6,"minecraft:wheat_seeds":4,"vampirism:stake":1,"minecraft:oak_planks":57,"quark:light_gray_shard":64,"minecraft:wooden_shovel":1,"gravestone:obituary":4,"minecraft:bow":1,"minecraft:wooden_pickaxe":1,"minecraft:stone_pickaxe":1,"paraglider:paraglider":1},"minecraft:broken":{"minecraft:stone_pickaxe":1},"minecraft:picked_up":{"minecraft:pink_petals":44,"quark:hollow_oak_log":4,"minecraft:brown_bed":1,"minecraft:flint":3,"minecraft:oak_log":26,"gravestone:obituary":1,"minecraft:red_bed":1,"minecraft:dirt":24,"minecraft:moss_carpet":6,"naturalist:bass":1,"minecraft:bone":2,"minecraft:apple":3,"ancient_elements:aetherial_shard":1,"minecraft:wheat_seeds":1,"minecraft:stone_pickaxe":1,"minecraft:spruce_slab":1,"quark:light_gray_shard":191,"minecraft:stick":2,"minecraft:raw_iron":12,"vampirism:fire_place":1,"minecraft:torch":7,"minecraft:gravel":37,"minecraft:arrow":2,"minecraft:oak_sapling":4,"minecraft:coal":39,"minecraft:white_wool":3,"minecraft:cobblestone":118,"minecraft:oxeye_daisy":1},"minecraft:killed_by":{"ancient_elements:aetherial_glaze":1,"minecraft:player":1,"naturalist:snake":1},"minecraft:custom":{"minecraft:mob_kills":1,"minecraft:interact_with_crafting_table":5,"minecraft:open_barrel":6,"minecraft:leave_game":2,"minecraft:time_since_death":8702,"minecraft:sleep_in_bed":4,"minecraft:climb_one_cm":446,"minecraft:time_since_rest":8773,"minecraft:sprint_one_cm":60859,"minecraft:damage_taken":1776,"minecraft:walk_one_cm":169421,"minecraft:drop":18,"minecraft:damage_dealt":717,"minecraft:swim_one_cm":2520,"minecraft:fly_one_cm":65088,"minecraft:player_kills":3,"minecraft:open_chest":4,"minecraft:crouch_one_cm":1923,"minecraft:play_time":58215,"minecraft:deaths":5,"minecraft:sneak_time":550,"minecraft:walk_under_water_one_cm":2483,"minecraft:jump":600,"minecraft:walk_on_water_one_cm":620,"minecraft:total_world_time":58215,"minecraft:fall_one_cm":18550}},"DataVersion":3465}