{"stats":{"minecraft:dropped":{"minecraft:birch_planks":4,"minecraft:lapis_lazuli":13,"minecraft:cod":1,"minecraft:dirt":10,"gravestone:obituary":16,"minecraft:iron_pickaxe":1,"paraglider:paraglider":1,"minecraft:fishing_rod":2,"minecraft:iron_nugget":7,"minecraft:golden_chestplate":1,"minecraft:black_terracotta":56,"minecraft:rotten_flesh":14,"minecraft:gunpowder":7,"quark:torch_arrow":2,"comforts:sleeping_bag_white":1,"minecraft:quartz":14,"tacz:attachment":1,"minecraft:golden_boots":3,"minecraft:enchanted_book":1,"minecraft:wheat_seeds":44,"minecraft:golden_helmet":1,"minecraft:book":1,"minecraft:copper_ingot":10,"minecraft:coal":1,"tacz:modern_kinetic_gun":7,"securitycraft:sc_manual":1,"minecraft:smooth_stone":238,"securitycraft:sand_mine":1,"minecraft:filled_map":1,"minecraft:diamond_sword":3,"minecraft:stone":192,"minecraft:diamond_pickaxe":3,"minecraft:golden_leggings":1,"tacz:ammo":577,"minecraft:bow":3,"minecraft:wooden_pickaxe":3,"minecraft:quartz_slab":20},"minecraft:crafted":{"securitycraft:mine":9,"minecraft:smooth_stone":238,"minecraft:oak_planks":24,"minecraft:birch_boat":1,"minecraft:stone":430,"securitycraft:keypad_item":1,"minecraft:nether_brick":480,"minecraft:heavy_weighted_pressure_plate":1,"minecraft:cooked_mutton":39,"minecraft:iron_bars":16,"securitycraft:laser_block":1,"minecraft:quartz_block":85,"minecraft:bow":1,"minecraft:chest":1,"quark:blossom_planks":128,"securitycraft:sand_mine":3,"minecraft:crafting_table":1,"securitycraft:reinforced_stone_button":8,"minecraft:wooden_pickaxe":2,"minecraft:birch_planks":16,"quark:torch_arrow":4,"minecraft:book":43,"minecraft:paper":261,"minecraft:charcoal":41,"minecraft:stick":24,"quark:oak_chest":1,"minecraft:iron_ingot":10,"minecraft:iron_pickaxe":2,"minecraft:gold_ingot":40,"securitycraft:sc_manual":2,"securitycraft:universal_block_reinforcer_lvl1":1,"quark:blossom_bookshelf":19,"minecraft:iron_nugget":72,"minecraft:soul_torch":40,"minecraft:furnace":8,"minecraft:glass_pane":16,"minecraft:black_terracotta":56,"minecraft:iron_axe":1,"minecraft:stone_pickaxe":1,"comforts:sleeping_bag_blue":1,"minecraft:redstone_block":1,"minecraft:dark_oak_planks":4,"minecraft:cooked_beef":19,"minecraft:diamond_sword":1,"minecraft:nether_bricks":120,"minecraft:bucket":1,"quark:nether_brick_chest":2,"minecraft:air":0,"securitycraft:dirt_mine":2,"securitycraft:reinforced_stone":8,"minecraft:blue_dye":1,"minecraft:soul_lantern":7,"minecraft:iron_shovel":2,"minecraft:anvil":1,"minecraft:torch":56},"minecraft:killed":{"minecraft:cave_spider":2,"minecraft:zombified_piglin":3,"enemyexpansion:equestrian":2,"minecraft:spider":5,"royalvariations:royal_skeleton":1,"minecraft:skeleton":6,"minecraft:chicken":3,"quark:crab":1,"minecraft:pig":1,"minecraft:zombie_villager":2,"minecraft:creeper":11,"minecraft:sheep":37,"minecraft:zombie":15,"minecraft:ghast":1,"cave_dweller:cave_dweller":1,"minecraft:cow":28,"enemyexpansion:direwolf":6,"minecraft:horse":1,"naturalist:bass":4,"minecraft:drowned":5,"enemyexpansion:scorpion":1,"minecraft:rabbit":1,"minecraft:squid":5,"royalvariations:royal_zombie":2,"enemyexpansion:huntsman":1,"man:manfromthefogback":2,"quark:wraith":3,"enemyexpansion:slugger":1},"minecraft:picked_up":{"minecraft:iron_chestplate":1,"minecraft:wheat":44,"securitycraft:sand_mine":5,"minecraft:flower_pot":1,"minecraft:diamond_sword":3,"cave_dweller:cave_dweller_spawn_egg":1,"minecraft:string":10,"minecraft:soul_soil":46,"minecraft:iron_leggings":1,"minecraft:pufferfish":1,"minecraft:oak_sign":2,"minecraft:sea_pickle":23,"minecraft:smooth_stone":238,"minecraft:gold_nugget":983,"minecraft:red_sand":10,"comforts:sleeping_bag_white":23,"minecraft:iron_pickaxe":7,"minecraft:iron_boots":1,"minecraft:blue_wool":2,"minecraft:golden_helmet":1,"minecraft:stick":29,"minecraft:brown_terracotta":2,"minecraft:torch":25,"quark:blossom_log":10,"tacz:attachment":4,"minecraft:diorite":4,"minecraft:golden_chestplate":1,"minecraft:black_dye":7,"minecraft:nether_gold_ore":81,"minecraft:cactus":3,"minecraft:rotten_flesh":43,"minecraft:light_blue_wool":12,"minecraft:glowstone":11,"minecraft:white_terracotta":40,"minecraft:cod":8,"minecraft:cobblestone":278,"minecraft:birch_log":49,"minecraft:enchanting_table":1,"minecraft:golden_leggings":1,"minecraft:potato":3,"paraglider:spirit_orb":2,"minecraft:lapis_lazuli":139,"securitycraft:reinforced_netherrack":10,"minecraft:dirt":379,"minecraft:lantern":5,"tacz:ammo_box":2,"minecraft:bone":15,"farmersdelight:iron_knife":1,"minecraft:stonecutter":1,"minecraft:bow":5,"minecraft:wheat_seeds":148,"minecraft:raw_gold":2,"quark:soul_bead":2,"minecraft:rabbit":1,"minecraft:glowstone_dust":60,"minecraft:oak_planks":3,"securitycraft:mine":1,"minecraft:sand":159,"minecraft:ink_sac":13,"minecraft:grass_block":8,"minecraft:dark_oak_log":41,"minecraft:diamond":5,"comforts:sleeping_bag_blue":3,"minecraft:soul_lantern":1,"minecraft:dead_brain_coral_block":3,"immersive_aircraft:quadrocopter":2,"minecraft:white_concrete":68,"minecraft:oak_sapling":1,"minecraft:netherrack":957,"minecraft:diamond_pickaxe":4,"sophisticatedbackpacks:gold_backpack":4,"minecraft:fishing_rod":3,"minecraft:crafting_table":1,"minecraft:wooden_pickaxe":1,"gravestone:obituary":5,"minecraft:shield":1,"minecraft:quartz_slab":28,"tacz:ammo":1218,"minecraft:blackstone":192,"minecraft:beef":56,"farmersdelight:straw":1,"minecraft:iron_nugget":4,"minecraft:sugar_cane":278,"minecraft:birch_sapling":15,"minecraft:sandstone":1,"minecraft:stone":192,"securitycraft:reinforced_cobblestone":19,"minecraft:copper_ingot":2,"minecraft:arrow":23,"minecraft:stone_shovel":1,"minecraft:nether_bricks":2,"minecraft:gold_ingot":32,"minecraft:mutton":57,"minecraft:white_wool":21,"minecraft:rail":24,"minecraft:golden_carrot":1,"minecraft:salmon":3,"minecraft:leather":33,"minecraft:filled_map":1,"royalvariations:spiritual_crown_shard":1,"minecraft:oak_log":4,"minecraft:golden_boots":2,"minecraft:gunpowder":18,"minecraft:paper":66,"minecraft:orange_terracotta":170,"minecraft:iron_ingot":104,"minecraft:soul_sand":34,"minecraft:book":23,"minecraft:nether_quartz_ore":121,"minecraft:birch_boat":1,"minecraft:quartz":516,"minecraft:soul_torch":1,"man:manfromthefogback_spawn_egg":1,"tacz:modern_kinetic_gun":10,"minecraft:iron_helmet":1,"cfm:black_sofa":3,"minecraft:gray_wool":1,"minecraft:terracotta":214,"minecraft:red_concrete":36,"minecraft:coal":182},"minecraft:mined":{"securitycraft:mine":1,"minecraft:potted_cactus":2,"minecraft:granite":3,"minecraft:red_sand":1,"minecraft:grass_block":294,"minecraft:white_concrete":68,"minecraft:bubble_coral_fan":1,"minecraft:soul_soil":48,"comforts:sleeping_bag_white":1,"minecraft:tall_seagrass":2,"quark:birch_bookshelf":1,"minecraft:glowstone":30,"minecraft:fire":43,"minecraft:enchanting_table":1,"minecraft:oak_sign":2,"minecraft:quartz_slab":5,"minecraft:brain_coral_block":3,"quark:blossom_bookshelf":1,"minecraft:soul_fire":5,"minecraft:orange_terracotta":165,"minecraft:soul_lantern":1,"minecraft:torch":9,"minecraft:white_stained_glass_pane":1,"minecraft:dead_bush":18,"minecraft:nether_quartz_ore":342,"minecraft:cobblestone":10,"minecraft:sugar_cane":67,"minecraft:oak_planks":3,"minecraft:wall_torch":9,"minecraft:seagrass":5,"minecraft:white_terracotta":39,"minecraft:birch_log":56,"minecraft:wheat":49,"minecraft:grass":72,"minecraft:oak_log":4,"minecraft:sand":193,"minecraft:dirt":97,"securitycraft:sand_mine":1,"minecraft:netherrack":985,"minecraft:oak_leaves":2,"minecraft:nether_gold_ore":186,"minecraft:dark_oak_log":41,"gravestone:gravestone":17,"minecraft:nether_bricks":2,"minecraft:suspicious_sand":1,"minecraft:rail":20,"minecraft:lantern":1,"minecraft:brain_coral_wall_fan":1,"minecraft:stone":273,"minecraft:glass_pane":2,"minecraft:soul_sand":34,"minecraft:soul_torch":1,"quark:spruce_bookshelf":4,"minecraft:crafting_table":1,"minecraft:tall_grass":4,"minecraft:lapis_ore":4,"minecraft:red_concrete":36,"cfm:black_sofa":3,"minecraft:cactus":1,"minecraft:sea_pickle":9,"minecraft:coal_ore":102,"minecraft:cobweb":8,"minecraft:brown_terracotta":2,"minecraft:terracotta":217,"minecraft:gold_ore":2},"minecraft:killed_by":{"minecraft:creeper":1,"minecraft:player":10,"cave_dweller:cave_dweller":2},"minecraft:custom":{"minecraft:animals_bred":25,"minecraft:interact_with_crafting_table":67,"minecraft:open_barrel":2,"minecraft:leave_game":17,"minecraft:time_since_death":35351,"minecraft:sprint_one_cm":1207654,"minecraft:damage_blocked_by_shield":315,"minecraft:drop":176,"minecraft:play_time":548432,"minecraft:deaths":17,"minecraft:jump":5374,"minecraft:walk_on_water_one_cm":51398,"minecraft:enchant_item":21,"minecraft:interact_with_furnace":99,"minecraft:sleep_in_bed":37,"minecraft:waystone_activated":12,"minecraft:damage_dealt":7022,"minecraft:player_kills":7,"minecraft:crouch_one_cm":107596,"minecraft:horse_one_cm":3230,"minecraft:interact_with_smithing_table":2,"minecraft:mob_kills":154,"minecraft:interact_with_anvil":9,"minecraft:damage_dealt_resisted":93,"minecraft:climb_one_cm":4213,"minecraft:walk_one_cm":1230235,"minecraft:sneak_time":34300,"minecraft:walk_under_water_one_cm":109938,"minecraft:boat_one_cm":149140,"minecraft:total_world_time":548432,"minecraft:interact_with_grindstone":2,"minecraft:time_since_rest":9123,"minecraft:damage_taken":6367,"minecraft:swim_one_cm":90536,"minecraft:fly_one_cm":1075524,"minecraft:open_chest":135,"minecraft:fish_caught":11,"minecraft:fall_one_cm":92610},"minecraft:used":{"minecraft:iron_shovel":470,"minecraft:chest":1,"minecraft:shield":8,"minecraft:iron_sword":10,"immersive_aircraft:quadrocopter":2,"securitycraft:keypad_item":1,"minecraft:nether_bricks":106,"minecraft:quartz_slab":92,"minecraft:lantern":5,"minecraft:grass_block":8,"minecraft:bow":14,"minecraft:furnace":8,"securitycraft:reinforced_netherrack":7,"minecraft:oak_sapling":1,"minecraft:diorite":4,"minecraft:stone_pickaxe":131,"minecraft:oak_planks":3,"minecraft:wooden_pickaxe":6,"minecraft:sandstone":1,"minecraft:sand":21,"quark:blossom_bookshelf":19,"comforts:sleeping_bag_blue":3,"minecraft:black_concrete":12,"minecraft:soul_lantern":8,"securitycraft:mine":1,"minecraft:diamond_sword":95,"minecraft:birch_log":4,"minecraft:white_concrete":388,"minecraft:coarse_dirt":1,"minecraft:enchanting_table":1,"minecraft:red_concrete":78,"minecraft:stone_shovel":133,"minecraft:netherrack":467,"minecraft:torch":64,"minecraft:dirt":269,"minecraft:anvil":1,"minecraft:nether_quartz_ore":121,"minecraft:brown_terracotta":2,"cfm:black_sofa":3,"minecraft:iron_axe":165,"securitycraft:sand_mine":7,"minecraft:glowstone":9,"minecraft:soul_soil":2,"securitycraft:dirt_mine":2,"comforts:sleeping_bag_white":22,"minecraft:cooked_beef":3,"minecraft:orange_terracotta":11,"minecraft:cooked_mutton":47,"minecraft:wheat_seeds":51,"farmersdelight:iron_knife":35,"securitycraft:reinforced_cobblestone":11,"minecraft:birch_boat":2,"minecraft:terracotta":38,"minecraft:crafting_table":3,"minecraft:nether_gold_ore":63,"minecraft:diamond_pickaxe":660,"minecraft:iron_pickaxe":1736,"man:manfromthefogback_spawn_egg":1,"minecraft:fishing_rod":23,"minecraft:cobblestone":16,"minecraft:bucket":1,"quark:nether_brick_chest":2,"minecraft:sea_pickle":1,"minecraft:soul_torch":1},"minecraft:broken":{"minecraft:iron_shovel":1,"minecraft:stone_pickaxe":1,"minecraft:stone_shovel":1,"minecraft:iron_pickaxe":2}},"DataVersion":3465}