{"stats":{"minecraft:broken":{"minecraft:iron_shovel":1,"minecraft:stone_pickaxe":1,"minecraft:iron_pickaxe":2},"minecraft:killed_by":{"minecraft:player":1},"minecraft:mined":{"minecraft:nether_gold_ore":186,"minecraft:dark_oak_log":41,"minecraft:potted_cactus":2,"minecraft:nether_bricks":2,"gravestone:gravestone":2,"minecraft:granite":3,"minecraft:red_sand":1,"minecraft:grass_block":26,"minecraft:white_concrete":51,"minecraft:bubble_coral_fan":1,"minecraft:soul_soil":48,"comforts:sleeping_bag_white":1,"minecraft:tall_seagrass":2,"quark:birch_bookshelf":1,"minecraft:glowstone":30,"minecraft:suspicious_sand":1,"minecraft:enchanting_table":1,"minecraft:oak_sign":2,"minecraft:rail":20,"minecraft:quartz_slab":5,"minecraft:lantern":1,"minecraft:brain_coral_wall_fan":1,"minecraft:stone":184,"minecraft:brain_coral_block":3,"quark:blossom_bookshelf":1,"minecraft:soul_sand":34,"minecraft:soul_fire":5,"minecraft:soul_torch":1,"minecraft:orange_terracotta":165,"minecraft:soul_lantern":1,"quark:spruce_bookshelf":4,"minecraft:torch":8,"minecraft:crafting_table":1,"minecraft:dead_bush":18,"minecraft:nether_quartz_ore":342,"minecraft:cobblestone":6,"minecraft:lapis_ore":4,"minecraft:oak_planks":3,"minecraft:red_concrete":36,"minecraft:sugar_cane":67,"minecraft:wall_torch":7,"minecraft:seagrass":5,"minecraft:white_terracotta":39,"minecraft:cactus":1,"cfm:black_sofa":3,"minecraft:sea_pickle":9,"minecraft:birch_log":49,"minecraft:wheat":49,"minecraft:grass":48,"minecraft:coal_ore":102,"minecraft:oak_log":4,"minecraft:dirt":6,"minecraft:sand":186,"minecraft:cobweb":8,"minecraft:brown_terracotta":2,"minecraft:terracotta":217,"minecraft:netherrack":985,"minecraft:gold_ore":2,"minecraft:oak_leaves":2},"minecraft:picked_up":{"minecraft:fishing_rod":3,"sophisticatedbackpacks:gold_backpack":2,"minecraft:crafting_table":1,"minecraft:iron_chestplate":1,"minecraft:wheat":44,"minecraft:flower_pot":1,"minecraft:diamond_sword":3,"minecraft:wooden_pickaxe":1,"minecraft:shield":1,"cave_dweller:cave_dweller_spawn_egg":1,"minecraft:string":9,"minecraft:soul_soil":46,"minecraft:iron_leggings":1,"tacz:ammo":336,"minecraft:quartz_slab":28,"minecraft:pufferfish":1,"minecraft:oak_sign":2,"minecraft:sea_pickle":23,"minecraft:red_sand":10,"minecraft:gold_nugget":983,"minecraft:smooth_stone":238,"comforts:sleeping_bag_white":23,"minecraft:beef":53,"farmersdelight:straw":1,"minecraft:iron_nugget":4,"minecraft:iron_pickaxe":6,"minecraft:sugar_cane":278,"minecraft:birch_sapling":15,"minecraft:iron_boots":1,"minecraft:blue_wool":2,"minecraft:golden_helmet":1,"minecraft:stick":29,"minecraft:stone":192,"securitycraft:reinforced_cobblestone":19,"minecraft:brown_terracotta":2,"minecraft:copper_ingot":2,"minecraft:torch":19,"quark:blossom_log":10,"minecraft:golden_chestplate":1,"minecraft:cactus":3,"minecraft:nether_gold_ore":81,"minecraft:arrow":17,"minecraft:rotten_flesh":41,"minecraft:light_blue_wool":12,"minecraft:nether_bricks":2,"minecraft:glowstone":11,"minecraft:gold_ingot":32,"minecraft:white_terracotta":40,"minecraft:mutton":41,"minecraft:cod":7,"minecraft:rail":24,"minecraft:white_wool":10,"minecraft:cobblestone":186,"minecraft:birch_log":49,"minecraft:enchanting_table":1,"minecraft:golden_carrot":1,"minecraft:salmon":3,"minecraft:leather":33,"minecraft:golden_leggings":1,"minecraft:potato":3,"minecraft:filled_map":1,"royalvariations:spiritual_crown_shard":1,"paraglider:spirit_orb":2,"minecraft:oak_log":4,"minecraft:golden_boots":2,"minecraft:gunpowder":9,"minecraft:lapis_lazuli":139,"securitycraft:reinforced_netherrack":10,"minecraft:dirt":31,"minecraft:paper":66,"minecraft:lantern":5,"minecraft:orange_terracotta":170,"minecraft:bone":10,"farmersdelight:iron_knife":1,"minecraft:bow":4,"minecraft:stonecutter":1,"minecraft:wheat_seeds":134,"minecraft:raw_gold":2,"minecraft:iron_ingot":104,"quark:soul_bead":2,"minecraft:rabbit":1,"minecraft:glowstone_dust":60,"minecraft:oak_planks":3,"minecraft:soul_sand":34,"minecraft:book":23,"minecraft:nether_quartz_ore":121,"minecraft:birch_boat":1,"minecraft:quartz":516,"minecraft:sand":151,"minecraft:soul_torch":1,"minecraft:ink_sac":13,"minecraft:dark_oak_log":41,"man:manfromthefogback_spawn_egg":1,"comforts:sleeping_bag_blue":1,"minecraft:diamond":3,"tacz:modern_kinetic_gun":3,"minecraft:soul_lantern":1,"minecraft:iron_helmet":1,"minecraft:dead_brain_coral_block":3,"minecraft:white_concrete":51,"cfm:black_sofa":3,"minecraft:gray_wool":1,"minecraft:terracotta":214,"minecraft:oak_sapling":1,"minecraft:netherrack":957,"minecraft:red_concrete":36,"minecraft:coal":182,"minecraft:diamond_pickaxe":3},"minecraft:dropped":{"minecraft:enchanted_book":1,"minecraft:golden_boots":3,"minecraft:birch_planks":4,"minecraft:wheat_seeds":30,"minecraft:lapis_lazuli":13,"minecraft:golden_helmet":1,"minecraft:book":1,"minecraft:copper_ingot":10,"gravestone:obituary":2,"tacz:modern_kinetic_gun":2,"minecraft:iron_pickaxe":1,"securitycraft:sc_manual":1,"minecraft:smooth_stone":238,"paraglider:paraglider":1,"minecraft:fishing_rod":2,"minecraft:golden_chestplate":1,"minecraft:rotten_flesh":12,"minecraft:filled_map":1,"minecraft:diamond_sword":3,"minecraft:stone":192,"minecraft:gunpowder":7,"minecraft:diamond_pickaxe":3,"minecraft:golden_leggings":1,"tacz:ammo":184,"comforts:sleeping_bag_white":1,"minecraft:bow":2,"minecraft:wooden_pickaxe":3,"minecraft:quartz":14,"minecraft:quartz_slab":20},"minecraft:killed":{"minecraft:cave_spider":2,"minecraft:zombified_piglin":3,"minecraft:spider":4,"enemyexpansion:equestrian":1,"royalvariations:royal_skeleton":1,"enemyexpansion:direwolf":3,"minecraft:horse":1,"minecraft:skeleton":5,"minecraft:chicken":3,"naturalist:bass":2,"minecraft:drowned":5,"enemyexpansion:scorpion":1,"minecraft:zombie_villager":2,"minecraft:rabbit":1,"minecraft:creeper":7,"minecraft:squid":5,"minecraft:sheep":26,"royalvariations:royal_zombie":2,"minecraft:zombie":10,"minecraft:ghast":1,"man:manfromthefogback":1,"quark:wraith":3,"minecraft:cow":27,"enemyexpansion:slugger":1},"minecraft:custom":{"minecraft:interact_with_anvil":9,"minecraft:mob_kills":120,"minecraft:animals_bred":25,"minecraft:interact_with_crafting_table":66,"minecraft:damage_dealt_resisted":93,"minecraft:leave_game":15,"minecraft:time_since_death":343759,"minecraft:climb_one_cm":1491,"minecraft:sprint_one_cm":885109,"minecraft:walk_one_cm":886780,"minecraft:drop":92,"minecraft:play_time":417533,"minecraft:sneak_time":29137,"minecraft:deaths":2,"minecraft:walk_under_water_one_cm":106036,"minecraft:boat_one_cm":149140,"minecraft:jump":4021,"minecraft:enchant_item":21,"minecraft:walk_on_water_one_cm":47614,"minecraft:total_world_time":417533,"minecraft:interact_with_furnace":99,"minecraft:interact_with_grindstone":2,"minecraft:sleep_in_bed":30,"minecraft:waystone_activated":12,"minecraft:time_since_rest":17996,"minecraft:damage_taken":1495,"minecraft:damage_dealt":5417,"minecraft:player_kills":1,"minecraft:swim_one_cm":85004,"minecraft:fly_one_cm":764638,"minecraft:open_chest":115,"minecraft:crouch_one_cm":89891,"minecraft:interact_with_smithing_table":2,"minecraft:fish_caught":11,"minecraft:fall_one_cm":62798,"minecraft:horse_one_cm":3230},"minecraft:used":{"minecraft:enchanting_table":1,"minecraft:iron_shovel":255,"minecraft:red_concrete":78,"minecraft:chest":1,"minecraft:iron_sword":10,"minecraft:netherrack":467,"minecraft:torch":45,"minecraft:nether_quartz_ore":121,"minecraft:dirt":139,"minecraft:anvil":1,"securitycraft:keypad_item":1,"minecraft:nether_bricks":106,"minecraft:brown_terracotta":2,"cfm:black_sofa":1,"minecraft:quartz_slab":92,"minecraft:lantern":5,"minecraft:iron_axe":155,"securitycraft:sand_mine":1,"minecraft:glowstone":9,"minecraft:soul_soil":2,"minecraft:bow":6,"minecraft:oak_sapling":1,"securitycraft:reinforced_netherrack":6,"minecraft:furnace":8,"comforts:sleeping_bag_white":22,"minecraft:cooked_beef":3,"minecraft:orange_terracotta":11,"minecraft:cooked_mutton":33,"minecraft:wheat_seeds":51,"farmersdelight:iron_knife":35,"securitycraft:reinforced_cobblestone":11,"minecraft:stone_pickaxe":131,"minecraft:oak_planks":3,"minecraft:wooden_pickaxe":6,"minecraft:birch_boat":2,"minecraft:sand":21,"minecraft:terracotta":38,"minecraft:crafting_table":3,"quark:blossom_bookshelf":19,"comforts:sleeping_bag_blue":1,"minecraft:nether_gold_ore":63,"minecraft:black_concrete":12,"minecraft:diamond_pickaxe":659,"minecraft:iron_pickaxe":1615,"man:manfromthefogback_spawn_egg":1,"minecraft:soul_lantern":8,"minecraft:diamond_sword":66,"minecraft:fishing_rod":23,"minecraft:cobblestone":12,"minecraft:coarse_dirt":1,"minecraft:sea_pickle":1,"quark:nether_brick_chest":2,"minecraft:birch_log":4,"minecraft:white_concrete":339,"minecraft:soul_torch":1},"minecraft:crafted":{"quark:blossom_bookshelf":19,"securitycraft:mine":3,"minecraft:smooth_stone":238,"minecraft:oak_planks":24,"minecraft:iron_nugget":72,"minecraft:birch_boat":1,"minecraft:soul_torch":40,"minecraft:furnace":8,"minecraft:stone":430,"securitycraft:keypad_item":1,"minecraft:nether_brick":480,"minecraft:heavy_weighted_pressure_plate":1,"minecraft:cooked_mutton":39,"minecraft:glass_pane":16,"minecraft:iron_bars":16,"securitycraft:laser_block":1,"minecraft:quartz_block":85,"minecraft:bow":1,"minecraft:iron_axe":1,"minecraft:stone_pickaxe":1,"minecraft:chest":1,"comforts:sleeping_bag_blue":1,"minecraft:redstone_block":1,"minecraft:cooked_beef":19,"minecraft:diamond_sword":1,"quark:blossom_planks":128,"securitycraft:sand_mine":1,"minecraft:crafting_table":1,"securitycraft:reinforced_stone_button":8,"minecraft:wooden_pickaxe":2,"minecraft:nether_bricks":120,"minecraft:birch_planks":16,"quark:nether_brick_chest":2,"minecraft:air":0,"securitycraft:reinforced_stone":8,"minecraft:blue_dye":1,"minecraft:soul_lantern":7,"minecraft:book":43,"minecraft:paper":261,"minecraft:charcoal":41,"minecraft:stick":16,"quark:oak_chest":1,"minecraft:iron_ingot":10,"minecraft:iron_pickaxe":2,"minecraft:iron_shovel":1,"minecraft:gold_ingot":40,"minecraft:anvil":1,"minecraft:torch":56,"securitycraft:sc_manual":2,"securitycraft:universal_block_reinforcer_lvl1":1}},"DataVersion":3465}