{"stats":{"minecraft:mined":{"minecraft:spruce_planks":2,"minecraft:blackstone_stairs":1,"minecraft:white_bed":2,"minecraft:cherry_log":745,"minecraft:granite":9,"minecraft:grass_block":423,"minecraft:white_concrete":75,"minecraft:spawner":2,"minecraft:sculk_catalyst":1,"minecraft:iron_ore":10,"minecraft:fire":9,"minecraft:spruce_slab":5,"quark:ancient_planks":47,"minecraft:blackstone":21,"minecraft:torch":8,"minecraft:cobblestone":5,"minecraft:sugar_cane":1,"minecraft:wall_torch":27,"minecraft:birch_log":5,"quark:paper_wall_big":28,"minecraft:grass":59,"minecraft:oak_log":24,"minecraft:sand":143,"minecraft:dirt":80,"minecraft:stonecutter":1,"minecraft:oak_leaves":2,"minecraft:deepslate":265,"minecraft:tuff":19,"farmersdelight:wild_carrots":13,"minecraft:cherry_sapling":3,"gravestone:gravestone":1,"minecraft:spruce_fence":3,"minecraft:spruce_leaves":3,"minecraft:kelp":2,"minecraft:furnace":1,"minecraft:andesite":168,"minecraft:black_concrete":4,"minecraft:deepslate_iron_ore":7,"minecraft:rail":30,"minecraft:stone":884,"minecraft:crafting_table":1,"minecraft:copper_ore":15,"minecraft:lapis_ore":4,"minecraft:deepslate_gold_ore":2,"quark:blackstone_furnace":1,"minecraft:diorite":81,"quark:ancient_bookshelf":3,"quark:paper_wall":4,"minecraft:sweet_berry_bush":9,"minecraft:spruce_log":4,"securitycraft:dirt_mine":1,"minecraft:coal_ore":96,"minecraft:gravel":5,"minecraft:cobweb":9,"minecraft:polished_blackstone":4,"minecraft:stone_bricks":5,"quark:paper_lantern":12},"minecraft:crafted":{"minecraft:diamond_shovel":1,"minecraft:polished_blackstone":4,"minecraft:crafting_table":1,"minecraft:spruce_planks":280,"quark:blackstone_furnace":8,"minecraft:charcoal":34,"minecraft:stick":48,"quark:ancient_planks":132,"securitycraft:furnace_mine":1,"minecraft:spruce_fence":24,"quark:glowing_glass_item_frame":2,"minecraft:spruce_slab":30,"minecraft:blackstone_stairs":4,"minecraft:bucket":1,"minecraft:air":0,"securitycraft:dirt_mine":3,"minecraft:iron_shovel":1,"minecraft:stonecutter":1,"securitycraft:stone_mine":1,"minecraft:torch":104},"minecraft:killed":{"minecraft:cave_spider":1,"minecraft:skeleton":4,"minecraft:bee":2,"minecraft:pig":1,"minecraft:creeper":3,"minecraft:zombie":10,"enemyexpansion:vampire":1,"enemyexpansion:botfly":5,"enemyexpansion:trollenraged":1,"enemyexpansion:intruder":2,"quark:toretoise":1,"enemyexpansion:direwolf":5,"minecraft:warden":1,"enemyexpansion:goblin":1,"enemyexpansion:sprinter":1,"enemyexpansion:crawler":1,"naturalist:sparrow":1},"minecraft:used":{"minecraft:cherry_sapling":133,"minecraft:iron_shovel":364,"minecraft:spruce_slab":30,"minecraft:polished_blackstone":4,"minecraft:stone":28,"quark:paper_lantern":19,"securitycraft:chiseled_crystal_quartz":108,"minecraft:warden_spawn_egg":2,"minecraft:glow_squid_spawn_egg":123,"minecraft:glass":1551,"securitycraft:crystal_quartz_stairs":36,"minecraft:grass_block":1008,"quark:ancient_bookshelf":26,"minecraft:stone_bricks":77,"quark:glowing_glass_item_frame":2,"farmersdelight:hamburger":7,"minecraft:diorite":28,"minecraft:blackstone_stairs":3,"minecraft:blackstone":328,"minecraft:diamond_axe":172,"minecraft:sugar_cane":4,"quark:green_crystal_lamp":2,"minecraft:sand":25,"minecraft:sponge":24,"minecraft:black_bed":1,"quark:paper_wall":4,"minecraft:redstone_torch":1,"waystones:waystone":3,"quark:blackstone_furnace":9,"minecraft:black_concrete":4,"minecraft:gravel":14,"minecraft:diamond_sword":46,"minecraft:andesite":72,"mcwlights:lava_lamp":3,"minecraft:white_concrete":181,"minecraft:experience_bottle":4,"minecraft:flint_and_steel":56,"minecraft:spruce_planks":206,"quark:paper_wall_big":28,"minecraft:torch":170,"minecraft:dirt":702,"minecraft:anvil":1,"minecraft:hopper":3,"minecraft:granite":4,"minecraft:spruce_fence":27,"quark:black_stool":1,"minecraft:glowstone":131,"securitycraft:dirt_mine":4,"comforts:sleeping_bag_white":8,"securitycraft:stone_mine":1,"minecraft:cooked_mutton":20,"minecraft:water_bucket":30,"quark:ancient_planks":137,"minecraft:stonecutter":1,"minecraft:tnt":176,"minecraft:crafting_table":2,"minecraft:white_bed":1,"securitycraft:furnace_mine":1,"minecraft:spruce_log":82,"minecraft:oak_log":1,"minecraft:diamond_pickaxe":1689,"minecraft:diamond_shovel":226,"minecraft:iron_pickaxe":51,"minecraft:netherite_axe":19,"minecraft:cobblestone":338,"minecraft:bucket":1,"quark:oak_chest":22,"minecraft:sculk_catalyst":1},"minecraft:broken":{"minecraft:iron_shovel":1},"minecraft:picked_up":{"minecraft:iron_chestplate":1,"securitycraft:keypad_item":64,"minecraft:anvil":1,"minecraft:diamond_sword":1,"minecraft:enchanted_book":28,"minecraft:blue_concrete":704,"minecraft:string":3,"quark:paper_wall_big":156,"minecraft:raw_copper":110,"minecraft:iron_leggings":1,"minecraft:experience_bottle":1,"comforts:sleeping_bag_black":1,"minecraft:cobbled_deepslate":207,"comforts:sleeping_bag_white":8,"minecraft:spruce_planks":1,"quark:green_crystal_lamp":2,"minecraft:redstone_torch":1,"minecraft:iron_pickaxe":2,"minecraft:furnace":1,"minecraft:mangrove_log":384,"minecraft:iron_boots":1,"minecraft:diamond_ore":128,"minecraft:stick":244,"minecraft:oak_fence":1,"minecraft:torch":57,"minecraft:cherry_log":720,"minecraft:diorite":87,"mcwlights:black_paper_lamp":64,"minecraft:quartz_block":128,"minecraft:rotten_flesh":6,"minecraft:cow_spawn_egg":64,"minecraft:glowstone":64,"quark:ancient_planks":47,"comforts:hammock_black":1,"securitycraft:universal_block_reinforcer_lvl2":1,"minecraft:blackstone_stairs":1,"cfm:white_kitchen_counter":64,"minecraft:cobblestone":944,"minecraft:andesite":136,"minecraft:black_bed":1,"minecraft:copper_block":8,"minecraft:tuff":20,"minecraft:glow_squid_spawn_egg":1,"minecraft:lapis_lazuli":41,"minecraft:dirt":624,"cfm:white_cooler":64,"minecraft:glass":451,"minecraft:bone":2,"minecraft:wheat_seeds":18,"cfm:post_box":64,"quark:ancient_chest":64,"securitycraft:dirt_mine":1,"minecraft:sand":141,"minecraft:grass_block":839,"quark:blackstone_furnace":1,"minecraft:diamond_block":8,"mcwlights:lava_lamp":1,"man:tearoftheman":1,"minecraft:diamond":3,"minecraft:black_concrete":644,"minecraft:granite":7,"minecraft:white_concrete":862,"cfm:purple_kitchen_counter":64,"minecraft:oak_sapling":1,"minecraft:diamond_pickaxe":4,"minecraft:crafting_table":1,"minecraft:gold_block":32,"quark:ancient_ladder":64,"minecraft:flint_and_steel":1,"tacz:ammo":276,"minecraft:iron_shovel":1,"minecraft:blackstone":528,"cfm:purple_kitchen_sink":16,"minecraft:sugar_cane":4,"minecraft:egg":1,"minecraft:raw_iron":34,"minecraft:stone":458,"quark:black_stool":1,"minecraft:spruce_fence":3,"quark:jungle_chest":64,"minecraft:carrot":13,"minecraft:warden_spawn_egg":1,"minecraft:tnt":17,"minecraft:arrow":3,"farmersdelight:hamburger":192,"minecraft:polished_blackstone":4,"securitycraft:crystal_quartz_stairs":1,"minecraft:mutton":1,"minecraft:white_wool":1,"minecraft:skeleton_skull":1,"minecraft:rail":29,"cfm:black_grill":4,"minecraft:air":0,"minecraft:glow_ink_sac":4,"securitycraft:claymore":11,"enemyexpansion:headbiter_helmet":1,"minecraft:brown_concrete":64,"minecraft:oak_log":20,"quark:paper_wall_sakura":128,"minecraft:ancient_debris":128,"minecraft:gunpowder":8,"minecraft:stone_bricks":5,"minecraft:kelp":2,"quark:paper_lantern_sakura":64,"minecraft:iron_ingot":64,"minecraft:iron_ore":384,"minecraft:iron_sword":1,"minecraft:purple_concrete":320,"minecraft:sculk_catalyst":1,"minecraft:book":9,"minecraft:nether_quartz_ore":512,"minecraft:sweet_berries":18,"quark:glass_item_frame":2,"minecraft:dandelion":3,"minecraft:gravel":14,"cfm:purple_kitchen_drawer":64,"minecraft:white_bed":2,"minecraft:spruce_log":797,"quark:oak_chest":1,"minecraft:spider_eye":1,"quark:paper_lantern":140,"quark:paper_wall":132,"tacz:modern_kinetic_gun":4,"minecraft:iron_helmet":1,"minecraft:diamond_axe":1,"minecraft:cherry_sapling":381,"quark:ancient_log":960,"minecraft:terracotta":1472,"farmersdelight:stove":4,"minecraft:red_concrete":640,"minecraft:coal":250},"minecraft:dropped":{"farmersdelight:hamburger":208,"minecraft:oak_log":9,"minecraft:warden_spawn_egg":1,"minecraft:black_bed":1,"comforts:hammock_black":1,"minecraft:gold_block":4,"minecraft:dirt":128,"quark:paper_lantern":128,"cfm:purple_kitchen_sink":16,"gravestone:obituary":2,"minecraft:sand":1,"quark:paper_lantern_sakura":64,"minecraft:black_concrete":640,"quark:oak_chest":1,"quark:ancient_tome":1,"cfm:purple_kitchen_drawer":64,"quark:jungle_chest":64,"minecraft:blackstone":448,"minecraft:ancient_debris":128,"minecraft:diamond_block":8,"minecraft:cobbled_deepslate":131,"quark:ancient_chest":64,"minecraft:cherry_sapling":63,"quark:ancient_ladder":64,"cfm:post_box":64,"cfm:purple_kitchen_counter":64,"securitycraft:keypad_item":64,"cfm:black_grill":4,"minecraft:mangrove_log":384,"quark:paper_wall_big":128,"minecraft:skeleton_skull":1,"minecraft:quartz_block":128,"minecraft:glowstone":64,"minecraft:iron_ore":384,"minecraft:glass":451,"comforts:sleeping_bag_black":1,"minecraft:brown_concrete":64,"quark:green_crystal_lamp":2,"minecraft:enchanted_book":27,"securitycraft:crystal_quartz_stairs":1,"minecraft:wheat_seeds":6,"minecraft:tnt":18,"securitycraft:claymore":10,"minecraft:cobblestone":43,"minecraft:purple_concrete":320,"quark:paper_wall":128,"minecraft:grass_block":834,"quark:paper_wall_sakura":128,"minecraft:stick":6,"cfm:white_kitchen_counter":64,"minecraft:diorite":2,"minecraft:torch":64,"minecraft:white_concrete":832,"minecraft:smooth_sandstone":1,"quark:black_stool":1,"mcwlights:lava_lamp":1,"minecraft:dandelion":3,"minecraft:red_concrete":640,"securitycraft:universal_block_reinforcer_lvl2":1,"cfm:white_cooler":64,"minecraft:tuff":1,"minecraft:experience_bottle":4,"minecraft:blue_concrete":704,"minecraft:diamond_ore":128,"minecraft:flint_and_steel":1,"minecraft:stone":1,"man:tearoftheman":1,"quark:ancient_log":960,"minecraft:diamond_pickaxe":4,"minecraft:redstone_torch":1,"farmersdelight:stove":4,"minecraft:cow_spawn_egg":64,"tacz:ammo":48,"minecraft:spruce_log":1152,"minecraft:nether_quartz_ore":512,"mcwlights:black_paper_lamp":64,"minecraft:glow_squid_spawn_egg":1,"minecraft:terracotta":1472},"minecraft:custom":{"minecraft:interact_with_crafting_table":16,"minecraft:open_barrel":1,"minecraft:leave_game":9,"minecraft:time_since_death":105327,"minecraft:sprint_one_cm":701802,"minecraft:drop":425,"minecraft:play_time":479014,"minecraft:deaths":2,"minecraft:jump":3100,"minecraft:walk_on_water_one_cm":98073,"minecraft:interact_with_furnace":19,"minecraft:sleep_in_bed":14,"minecraft:waystone_activated":10,"minecraft:damage_dealt":2267,"minecraft:player_kills":1,"minecraft:crouch_one_cm":137069,"minecraft:mob_kills":47,"minecraft:interact_with_anvil":6,"minecraft:inspect_hopper":2,"minecraft:damage_dealt_resisted":127,"minecraft:climb_one_cm":1938,"minecraft:walk_one_cm":981445,"minecraft:sneak_time":45608,"minecraft:walk_under_water_one_cm":370633,"minecraft:boat_one_cm":8869,"minecraft:total_world_time":479014,"minecraft:interact_with_stonecutter":2,"minecraft:time_since_rest":105393,"minecraft:damage_taken":1548,"minecraft:swim_one_cm":110421,"minecraft:fly_one_cm":2075029,"minecraft:open_chest":184,"minecraft:fall_one_cm":45428},"minecraft:killed_by":{"minecraft:player":2}},"DataVersion":3465}