{"stats":{"minecraft:picked_up":{"paraglider:paraglider":2,"vampirism:weapon_table":1,"minecraft:turtle_helmet":1,"boatload:large_spruce_boat":1,"minecraft:gold_block":1,"gravestone:obituary":1,"jeg:scrap":9,"minecraft:gunpowder":1,"minecraft:blue_bed":3,"minecraft:armor_stand":1,"minecraft:item_frame":1,"minecraft:stone_bricks":10,"minecraft:cracked_stone_bricks":1,"minecraft:wheat_seeds":1,"vampirism:altar_pillar":8,"vampirism:bloody_dark_stone_bricks":2,"minecraft:redstone_torch":1,"minecraft:mossy_stone_bricks":2,"minecraft:iron_pickaxe":1,"spartanweaponry:iron_flanged_mace":1,"minecraft:oak_slab":1,"minecraft:torch":8,"vampirism:vampire_fang":1,"vampirism:altar_infusion":1,"vampirism:altar_tip":1,"farmersdelight:onion":4,"minecraft:chainmail_leggings":1,"minecraft:granite":128,"minecraft:iron_block":1,"minecraft:emerald":1,"minecraft:coal":32,"minecraft:cobblestone":1},"minecraft:killed_by":{"minecraft:player":1,"vampirism:hunter":1},"minecraft:killed":{"quark:shiba":1,"minecraft:cow":1},"minecraft:broken":{"minecraft:stone_pickaxe":1},"minecraft:dropped":{"minecraft:apple":1,"minecraft:redstone_torch":1,"gravestone:obituary":2},"minecraft:custom":{"minecraft:interact_with_smithing_table":1,"minecraft:mob_kills":2,"minecraft:bell_ring":1,"minecraft:leave_game":2,"minecraft:time_since_death":1059,"minecraft:sleep_in_bed":1,"minecraft:time_since_rest":1082,"minecraft:waystone_activated":1,"minecraft:sprint_one_cm":88512,"minecraft:damage_taken":99130,"minecraft:walk_one_cm":92696,"minecraft:drop":4,"vampirism:skills_unlocked":2,"minecraft:damage_dealt":524,"minecraft:talked_to_villager":1,"minecraft:fly_one_cm":114102,"minecraft:player_kills":2,"minecraft:open_chest":3,"minecraft:crouch_one_cm":644,"minecraft:play_time":27568,"minecraft:deaths":2,"minecraft:sneak_time":255,"minecraft:walk_under_water_one_cm":239,"minecraft:boat_one_cm":8658,"minecraft:jump":426,"minecraft:walk_on_water_one_cm":1829,"minecraft:total_world_time":27568,"minecraft:fall_one_cm":10521},"minecraft:used":{"minecraft:armor_stand":1,"minecraft:stone_pickaxe":43,"minecraft:blue_bed":2,"minecraft:cracked_stone_bricks":1,"spartanweaponry:iron_flanged_mace":2,"minecraft:apple":4,"spartanweaponry:iron_dagger":15,"minecraft:bread":3,"minecraft:iron_pickaxe":168,"minecraft:stone_bricks":10,"minecraft:air":1},"minecraft:mined":{"minecraft:oak_slab":1,"minecraft:glass_pane":1,"jeg:scrap_ore":3,"vampirism:altar_pillar":8,"gravestone:gravestone":2,"minecraft:granite":133,"vampirism:weapon_table":1,"minecraft:cobblestone":1,"minecraft:polished_diorite":1,"minecraft:wall_torch":8,"minecraft:blue_bed":2,"vampirism:bloody_dark_stone_bricks":2,"minecraft:redstone_torch":1,"minecraft:blue_ice":4,"minecraft:stone_brick_stairs":1,"minecraft:grass":1,"minecraft:coal_ore":33,"vampirism:altar_infusion":1,"minecraft:gravel":1,"minecraft:packed_ice":1,"minecraft:cracked_stone_bricks":1,"minecraft:stone_bricks":5,"minecraft:mossy_stone_bricks":2,"vampirism:altar_tip":1}},"DataVersion":3465}