{"stats":{"minecraft:mined":{"minecraft:crafting_table":3,"minecraft:grass_block":1,"quark:blossom_log":1,"minecraft:tall_grass":1,"minecraft:cobblestone":30,"minecraft:sugar_cane":2,"minecraft:oak_planks":1,"minecraft:furnace":1,"minecraft:iron_ore":2,"minecraft:grass":4,"minecraft:oak_log":94,"minecraft:dirt":2,"minecraft:stone":58,"minecraft:oak_leaves":4},"minecraft:broken":{"minecraft:stone_axe":1},"minecraft:custom":{"minecraft:interact_with_furnace":10,"minecraft:mob_kills":41,"minecraft:inspect_hopper":1,"minecraft:interact_with_crafting_table":6,"minecraft:open_barrel":1,"minecraft:time_since_death":27606,"minecraft:climb_one_cm":3624,"minecraft:time_since_rest":27606,"minecraft:waystone_activated":4,"minecraft:sprint_one_cm":72648,"minecraft:damage_taken":360,"minecraft:walk_one_cm":54322,"minecraft:damage_dealt":4135,"minecraft:swim_one_cm":18235,"minecraft:fly_one_cm":87249,"minecraft:open_chest":15,"minecraft:crouch_one_cm":5099,"minecraft:play_time":27606,"minecraft:sneak_time":2157,"minecraft:walk_under_water_one_cm":24638,"minecraft:jump":439,"minecraft:interact_with_blast_furnace":1,"minecraft:walk_on_water_one_cm":6465,"minecraft:total_world_time":27606,"minecraft:fall_one_cm":11771},"minecraft:used":{"minecraft:stone_pickaxe":53,"minecraft:oak_planks":1,"minecraft:oak_sign":3,"minecraft:wooden_pickaxe":41,"minecraft:cooked_salmon":4,"minecraft:crafting_table":4,"minecraft:stone_axe":87,"minecraft:cobblestone":40,"minecraft:furnace":1,"minecraft:oak_boat":4,"minecraft:egg":1,"minecraft:cooked_beef":2},"minecraft:crafted":{"minecraft:cooked_beef":7,"minecraft:oak_planks":116,"minecraft:oak_sign":3,"minecraft:crafting_table":2,"minecraft:wooden_pickaxe":1,"minecraft:furnace":1,"minecraft:cooked_salmon":4,"minecraft:stone_axe":2,"naturalist:cooked_bass":12,"minecraft:air":0,"minecraft:oak_boat":1,"minecraft:stick":8,"minecraft:stone_pickaxe":1},"minecraft:picked_up":{"minecraft:crafting_table":3,"minecraft:chicken":1,"minecraft:salmon":4,"minecraft:leather":2,"minecraft:oak_log":93,"minecraft:dirt":3,"naturalist:bass":12,"minecraft:bone":5,"minecraft:apple":2,"minecraft:wheat_seeds":1,"minecraft:beef":7,"minecraft:oak_boat":4,"minecraft:sugar_cane":6,"minecraft:oak_planks":1,"minecraft:furnace":1,"minecraft:egg":1,"minecraft:raw_iron":2,"minecraft:stick":26,"minecraft:arrow":4,"minecraft:rotten_flesh":7,"minecraft:oak_sapling":43,"minecraft:mutton":2,"minecraft:white_wool":1,"minecraft:cobblestone":88},"minecraft:killed":{"minecraft:salmon":4,"enemyexpansion:sprinter":1,"enemyexpansion:direwolf":1,"naturalist:snail":2,"minecraft:sheep":1,"minecraft:skeleton":3,"minecraft:zombie":7,"minecraft:chicken":1,"naturalist:bass":15,"minecraft:enderman":2,"minecraft:cow":3,"enemyexpansion:slugger":1}},"DataVersion":3465}