{"stats":{"minecraft:mined":{"minecraft:crafting_table":4,"gravestone:gravestone":1,"minecraft:grass_block":1,"quark:blossom_log":1,"minecraft:copper_ore":15,"minecraft:tall_grass":1,"minecraft:cobblestone":30,"minecraft:sugar_cane":41,"minecraft:oak_planks":6,"minecraft:furnace":1,"minecraft:iron_ore":14,"minecraft:fire":32,"minecraft:grass":7,"minecraft:coal_ore":102,"minecraft:oak_log":94,"minecraft:cherry_leaves":4,"minecraft:dirt":2,"minecraft:stone":77,"minecraft:oak_leaves":4},"minecraft:custom":{"minecraft:interact_with_furnace":10,"minecraft:mob_kills":58,"minecraft:inspect_hopper":1,"minecraft:interact_with_crafting_table":7,"minecraft:open_barrel":1,"minecraft:time_since_death":17923,"minecraft:climb_one_cm":3636,"minecraft:time_since_rest":17980,"minecraft:waystone_activated":4,"minecraft:sprint_one_cm":161284,"minecraft:damage_taken":1670,"minecraft:walk_one_cm":96912,"minecraft:drop":10,"minecraft:damage_dealt":6897,"minecraft:swim_one_cm":23593,"minecraft:fly_one_cm":254939,"minecraft:open_chest":39,"minecraft:crouch_one_cm":6358,"minecraft:play_time":51606,"minecraft:deaths":1,"minecraft:sneak_time":2696,"minecraft:walk_under_water_one_cm":25780,"minecraft:jump":1134,"minecraft:interact_with_blast_furnace":1,"minecraft:walk_on_water_one_cm":9639,"minecraft:total_world_time":51606,"minecraft:fall_one_cm":32744},"minecraft:broken":{"minecraft:stone_pickaxe":1,"minecraft:stone_axe":1},"minecraft:used":{"minecraft:stone_pickaxe":204,"minecraft:oak_planks":31,"minecraft:oak_sign":3,"minecraft:wooden_pickaxe":41,"minecraft:cooked_salmon":4,"minecraft:dirt":3,"minecraft:crafting_table":5,"naturalist:cooked_bass":12,"minecraft:stone_axe":140,"minecraft:cobblestone":40,"minecraft:furnace":1,"minecraft:oak_boat":4,"minecraft:egg":1,"minecraft:cooked_beef":7},"minecraft:crafted":{"minecraft:cooked_beef":7,"minecraft:oak_planks":116,"minecraft:oak_sign":3,"minecraft:crafting_table":2,"minecraft:wooden_pickaxe":1,"minecraft:furnace":1,"minecraft:cooked_salmon":4,"minecraft:stone_axe":3,"naturalist:cooked_bass":12,"minecraft:air":0,"minecraft:oak_boat":1,"minecraft:stick":8,"minecraft:stone_pickaxe":2},"minecraft:picked_up":{"minecraft:crafting_table":4,"minecraft:feather":1,"minecraft:chicken":2,"minecraft:salmon":4,"minecraft:leather":10,"minecraft:oak_log":93,"minecraft:string":4,"minecraft:dirt":12,"minecraft:raw_copper":49,"naturalist:bass":12,"minecraft:bone":9,"minecraft:apple":2,"minecraft:wheat_seeds":2,"minecraft:beef":16,"minecraft:oak_boat":4,"minecraft:sugar_cane":82,"minecraft:oak_planks":6,"minecraft:furnace":1,"minecraft:egg":1,"minecraft:raw_iron":14,"minecraft:stick":26,"minecraft:arrow":10,"minecraft:rotten_flesh":9,"minecraft:stone_axe":1,"tacz:modern_kinetic_gun":2,"minecraft:oak_sapling":43,"minecraft:coal":99,"minecraft:mutton":2,"minecraft:white_wool":1,"minecraft:cobblestone":107},"minecraft:dropped":{"minecraft:stone_axe":1,"minecraft:wheat_seeds":2,"minecraft:dirt":6,"gravestone:obituary":1},"minecraft:killed":{"minecraft:salmon":4,"minecraft:spider":3,"enemyexpansion:sprinter":2,"enemyexpansion:direwolf":4,"minecraft:creeper":1,"naturalist:snail":2,"minecraft:sheep":1,"minecraft:skeleton":4,"minecraft:zombie":7,"minecraft:chicken":2,"enemyexpansion:huntsman":2,"naturalist:bass":15,"minecraft:enderman":2,"minecraft:cow":8,"enemyexpansion:slugger":1}},"DataVersion":3465}