{"stats":{"minecraft:crafted":{"minecraft:smooth_stone":3,"minecraft:oak_planks":120,"minecraft:oak_sign":3,"minecraft:cooked_chicken":2,"minecraft:furnace":3,"minecraft:blast_furnace":1,"minecraft:stone":165,"minecraft:bone_meal":6,"minecraft:cooked_mutton":3,"minecraft:glass_pane":32,"minecraft:glass":18,"minecraft:stone_brick_slab":6,"minecraft:iron_axe":1,"minecraft:iron_hoe":1,"minecraft:stone_pickaxe":3,"minecraft:stone_bricks":2,"minecraft:cooked_rabbit":2,"minecraft:wheat":117,"minecraft:smoker":1,"minecraft:cooked_beef":6,"minecraft:cooked_porkchop":1,"minecraft:crafting_table":1,"minecraft:spruce_planks":136,"minecraft:wooden_pickaxe":1,"minecraft:baked_potato":8,"minecraft:spruce_door":3,"minecraft:bucket":1,"minecraft:stone_axe":1,"minecraft:bread":42,"minecraft:air":0,"minecraft:oak_boat":2,"minecraft:spruce_trapdoor":2,"minecraft:stick":16,"quark:oak_chest":2,"minecraft:iron_ingot":19,"minecraft:iron_pickaxe":1,"minecraft:iron_shovel":5,"minecraft:gold_ingot":24,"minecraft:stonecutter":1,"minecraft:torch":32},"minecraft:used":{"minecraft:iron_shovel":1145,"minecraft:oak_sign":2,"minecraft:spruce_planks":107,"minecraft:bell":3,"minecraft:cooked_chicken":2,"minecraft:torch":61,"paraglider:goddess_statue":2,"minecraft:dirt":842,"minecraft:golden_shovel":103,"minecraft:stripped_spruce_log":2,"farmersdelight:rope":16,"minecraft:glass":6,"minecraft:iron_hoe":121,"minecraft:iron_axe":212,"minecraft:birch_sapling":1,"minecraft:stone_brick_stairs":57,"minecraft:stone_bricks":164,"minecraft:furnace":6,"minecraft:oak_sapling":8,"minecraft:cooked_beef":8,"minecraft:dark_oak_sapling":8,"minecraft:wheat_seeds":58,"minecraft:cooked_mutton":11,"minecraft:water_bucket":22,"minecraft:spruce_door":10,"minecraft:polished_andesite":4,"minecraft:stone_pickaxe":299,"minecraft:baked_potato":6,"minecraft:oak_planks":2,"minecraft:wooden_pickaxe":12,"minecraft:stonecutter":1,"minecraft:sugar_cane":61,"minecraft:sand":54,"minecraft:stripped_dark_oak_log":8,"minecraft:crafting_table":10,"minecraft:blast_furnace":6,"minecraft:white_bed":10,"minecraft:spruce_log":8,"minecraft:smoker":5,"quark:hollow_oak_log":1,"minecraft:apple":3,"minecraft:dark_oak_log":95,"minecraft:bread":8,"minecraft:iron_pickaxe":250,"minecraft:spruce_trapdoor":13,"minecraft:spruce_sapling":2,"minecraft:golden_helmet":1,"minecraft:stone_axe":68,"minecraft:cobblestone":7,"minecraft:cooked_porkchop":1,"minecraft:cooked_rabbit":2,"minecraft:bucket":23,"minecraft:glass_pane":30,"minecraft:yellow_bed":1,"quark:oak_chest":3,"minecraft:oak_boat":12,"minecraft:bone_meal":6,"minecraft:golden_pickaxe":174},"minecraft:mined":{"minecraft:spruce_planks":1,"minecraft:white_bed":7,"minecraft:farmland":4,"minecraft:mossy_cobblestone":3,"minecraft:dark_oak_leaves":2,"minecraft:oak_door":1,"minecraft:mossy_stone_brick_slab":1,"minecraft:cobblestone_stairs":3,"minecraft:dark_oak_log":95,"minecraft:brewing_stand":1,"minecraft:spruce_trapdoor":11,"minecraft:granite":2,"gravestone:gravestone":4,"minecraft:grass_block":975,"minecraft:spruce_leaves":3,"minecraft:composter":1,"minecraft:cartography_table":1,"minecraft:hay_block":51,"minecraft:spruce_sapling":2,"minecraft:glowstone":1,"minecraft:furnace":5,"minecraft:carrots":25,"minecraft:iron_ore":23,"minecraft:andesite":5,"minecraft:stripped_spruce_log":8,"minecraft:pumpkin":6,"minecraft:gold_block":2,"minecraft:bell":3,"minecraft:potatoes":9,"minecraft:dirt_path":1,"minecraft:stone":260,"minecraft:glass_pane":20,"quark:oak_chest":2,"minecraft:kelp_plant":1,"minecraft:smoker":4,"minecraft:stripped_dark_oak_log":8,"minecraft:spruce_door":8,"minecraft:dandelion":5,"minecraft:cornflower":1,"minecraft:crafting_table":9,"minecraft:torch":15,"minecraft:blast_furnace":5,"minecraft:glass":6,"minecraft:tall_grass":51,"minecraft:copper_ore":12,"minecraft:cobblestone":6,"minecraft:sugar_cane":70,"minecraft:oak_planks":2,"minecraft:wall_torch":15,"minecraft:stripped_oak_wood":1,"minecraft:wheat":34,"minecraft:yellow_bed":1,"minecraft:spruce_log":57,"minecraft:birch_leaves":5,"minecraft:stone_brick_stairs":42,"minecraft:grass":265,"minecraft:coal_ore":123,"minecraft:oak_log":30,"minecraft:beetroots":8,"minecraft:dirt":202,"minecraft:gravel":2,"minecraft:sand":92,"quark:hollow_oak_log":1,"minecraft:polished_andesite":20,"minecraft:stone_bricks":7,"minecraft:gold_ore":6,"minecraft:oak_leaves":8,"paraglider:goddess_statue":2},"minecraft:broken":{"minecraft:iron_shovel":4,"minecraft:golden_shovel":1,"minecraft:stone_pickaxe":2,"minecraft:iron_pickaxe":1},"minecraft:killed_by":{"minecraft:player":1,"man:managgresive":4},"minecraft:dropped":{"minecraft:mossy_cobblestone":2,"minecraft:crafting_table":1,"minecraft:dark_oak_sapling":5,"minecraft:apple":1,"minecraft:flint":1,"minecraft:dirt":10,"tacz:modern_kinetic_gun":1,"minecraft:sand":11,"minecraft:string":2,"minecraft:spruce_sapling":2,"minecraft:rotten_flesh":10,"minecraft:oak_planks":6,"minecraft:blast_furnace":1,"minecraft:filled_map":1,"minecraft:rabbit_hide":1,"minecraft:diamond_pickaxe":1,"minecraft:andesite":8,"minecraft:oak_sapling":3,"minecraft:slime_ball":1,"minecraft:raw_gold":6},"minecraft:picked_up":{"minecraft:crafting_table":10,"minecraft:wheat":31,"minecraft:chicken":2,"minecraft:golden_pickaxe":1,"quark:hollow_oak_log":1,"minecraft:cooked_rabbit":2,"minecraft:gold_block":2,"minecraft:stone_brick_stairs":42,"minecraft:brewing_stand":1,"gravestone:obituary":1,"paraglider:goddess_statue":2,"minecraft:cornflower":1,"minecraft:string":2,"minecraft:raw_copper":40,"minecraft:iron_axe":1,"minecraft:flint_and_steel":1,"minecraft:iron_shovel":1,"minecraft:glass_pane":2,"minecraft:beetroot":7,"minecraft:cartography_table":1,"minecraft:spruce_planks":19,"minecraft:beef":17,"minecraft:oak_boat":10,"minecraft:sugar_cane":129,"minecraft:birch_sapling":1,"minecraft:golden_helmet":1,"minecraft:spruce_trapdoor":11,"minecraft:furnace":5,"minecraft:dark_oak_sapling":13,"minecraft:stick":38,"minecraft:raw_iron":31,"minecraft:stone":18,"minecraft:oak_door":1,"minecraft:composter":1,"minecraft:torch":42,"minecraft:porkchop":26,"minecraft:carrot":60,"quark:clear_shard":19,"minecraft:arrow":2,"minecraft:rotten_flesh":12,"minecraft:beetroot_seeds":20,"minecraft:hay_block":49,"minecraft:gold_ingot":24,"minecraft:obsidian":5,"minecraft:mutton":3,"minecraft:cobblestone":312,"minecraft:white_wool":2,"paraglider:paraglider":2,"minecraft:feather":2,"minecraft:cooked_beef":2,"minecraft:andesite":8,"minecraft:leather":10,"minecraft:brown_wool":2,"minecraft:smoker":4,"minecraft:potato":30,"minecraft:oak_log":54,"minecraft:yellow_bed":1,"minecraft:cobblestone_stairs":3,"minecraft:dirt":1182,"minecraft:bone":3,"minecraft:apple":4,"minecraft:stone_bricks":7,"minecraft:bell":3,"minecraft:bow":1,"minecraft:wheat_seeds":165,"minecraft:stone_pickaxe":1,"minecraft:raw_gold":12,"minecraft:rabbit_hide":1,"minecraft:iron_ingot":4,"minecraft:stripped_oak_wood":1,"minecraft:rabbit":2,"minecraft:glowstone_dust":8,"minecraft:oak_planks":2,"minecraft:book":5,"minecraft:pumpkin":12,"minecraft:dandelion":6,"minecraft:sand":89,"minecraft:stripped_spruce_log":16,"minecraft:spruce_door":8,"minecraft:blast_furnace":6,"minecraft:spruce_sapling":27,"minecraft:white_bed":11,"minecraft:spruce_log":77,"quark:oak_chest":2,"minecraft:dark_oak_log":123,"minecraft:mossy_cobblestone":2,"minecraft:iron_hoe":1,"minecraft:polished_andesite":20,"minecraft:slime_ball":1,"minecraft:stone_axe":1,"waystones:waystone":1,"tacz:modern_kinetic_gun":3,"minecraft:baked_potato":1,"minecraft:oak_sapling":11,"minecraft:stripped_dark_oak_log":8,"minecraft:coal":522,"minecraft:diamond_pickaxe":1},"minecraft:killed":{"enemyexpansion:intruder":1,"minecraft:spider":1,"naturalist:robin":1,"naturalist:snail":2,"minecraft:skeleton":1,"minecraft:chicken":2,"minecraft:pig":11,"naturalist:snake":1,"minecraft:rabbit":2,"enemyexpansion:sprinter":1,"minecraft:sheep":2,"minecraft:zombie":4,"enemyexpansion:wasp":1,"minecraft:cow":7},"minecraft:custom":{"minecraft:mob_kills":37,"minecraft:inspect_hopper":1,"minecraft:interact_with_crafting_table":43,"minecraft:bell_ring":61,"minecraft:leave_game":4,"minecraft:time_since_death":34993,"minecraft:sprint_one_cm":592571,"minecraft:walk_one_cm":596555,"minecraft:drop":26,"minecraft:talked_to_villager":1,"minecraft:play_time":262354,"minecraft:deaths":6,"minecraft:sneak_time":5399,"minecraft:walk_under_water_one_cm":19461,"minecraft:boat_one_cm":451395,"minecraft:jump":3513,"minecraft:interact_with_blast_furnace":23,"minecraft:walk_on_water_one_cm":53041,"minecraft:total_world_time":262354,"minecraft:interact_with_furnace":39,"minecraft:interact_with_stonecutter":9,"minecraft:sleep_in_bed":11,"minecraft:time_since_rest":3483,"minecraft:waystone_activated":5,"minecraft:damage_taken":3318,"minecraft:damage_dealt":3786,"minecraft:swim_one_cm":171666,"minecraft:fly_one_cm":821812,"minecraft:open_chest":82,"minecraft:crouch_one_cm":14990,"minecraft:interact_with_smoker":18,"minecraft:fall_one_cm":89503}},"DataVersion":3465}