{"stats":{"minecraft:used":{"quark:hollow_oak_log":1},"minecraft:mined":{"minecraft:grass":2,"minecraft:oak_log":2,"quark:hollow_oak_log":1,"minecraft:oak_leaves":3},"minecraft:picked_up":{"paraglider:paraglider":1,"minecraft:stick":1,"tacz:modern_kinetic_gun":1,"quark:hollow_oak_log":1,"minecraft:oak_log":7,"minecraft:oak_sapling":1,"minecraft:mutton":1,"minecraft:white_wool":1},"minecraft:killed":{"minecraft:sheep":1,"naturalist:robin":1},"minecraft:custom":{"minecraft:time_since_rest":7791,"minecraft:waystone_activated":3,"minecraft:play_time":7791,"minecraft:sprint_one_cm":14549,"minecraft:damage_taken":40,"minecraft:walk_one_cm":7928,"minecraft:walk_under_water_one_cm":3508,"minecraft:mob_kills":2,"minecraft:jump":111,"minecraft:walk_on_water_one_cm":1634,"minecraft:time_since_death":7791,"minecraft:total_world_time":7791,"minecraft:fall_one_cm":2445,"minecraft:fly_one_cm":35458}},"DataVersion":3465}