{"stats":{"minecraft:crafted":{"minecraft:smooth_stone":3,"minecraft:oak_planks":40,"minecraft:oak_sign":3,"minecraft:cooked_chicken":1,"minecraft:furnace":3,"minecraft:blast_furnace":1,"minecraft:stone":138,"minecraft:cooked_mutton":3,"minecraft:iron_axe":1,"minecraft:iron_hoe":1,"minecraft:stone_pickaxe":2,"minecraft:stone_bricks":1,"minecraft:cooked_rabbit":2,"minecraft:smoker":1,"minecraft:cooked_beef":6,"minecraft:crafting_table":1,"minecraft:wooden_pickaxe":1,"minecraft:baked_potato":4,"minecraft:bucket":1,"minecraft:stone_axe":1,"minecraft:air":0,"minecraft:oak_boat":1,"minecraft:stick":16,"quark:oak_chest":1,"minecraft:iron_ingot":19,"minecraft:iron_pickaxe":1,"minecraft:iron_shovel":4,"minecraft:gold_ingot":24,"minecraft:stonecutter":1,"minecraft:torch":32},"minecraft:used":{"minecraft:iron_shovel":954,"minecraft:oak_sign":2,"minecraft:cooked_chicken":1,"minecraft:torch":40,"minecraft:dirt":578,"minecraft:golden_shovel":103,"farmersdelight:rope":16,"minecraft:iron_hoe":65,"minecraft:iron_axe":71,"minecraft:birch_sapling":1,"minecraft:stone_bricks":149,"minecraft:furnace":6,"minecraft:oak_sapling":8,"minecraft:cooked_beef":8,"minecraft:dark_oak_sapling":8,"minecraft:wheat_seeds":58,"minecraft:cooked_mutton":3,"minecraft:water_bucket":22,"minecraft:stone_pickaxe":209,"minecraft:baked_potato":5,"minecraft:oak_planks":2,"minecraft:wooden_pickaxe":12,"minecraft:stonecutter":1,"minecraft:sugar_cane":55,"minecraft:sand":54,"minecraft:stripped_dark_oak_log":8,"minecraft:crafting_table":10,"minecraft:blast_furnace":6,"minecraft:white_bed":4,"minecraft:smoker":5,"quark:hollow_oak_log":1,"minecraft:apple":3,"minecraft:dark_oak_log":95,"minecraft:iron_pickaxe":250,"minecraft:golden_helmet":1,"minecraft:stone_axe":68,"minecraft:cobblestone":7,"minecraft:cooked_rabbit":2,"minecraft:bucket":23,"quark:oak_chest":2,"minecraft:oak_boat":9,"minecraft:golden_pickaxe":174},"minecraft:mined":{"minecraft:white_bed":1,"minecraft:farmland":4,"minecraft:mossy_cobblestone":3,"minecraft:dark_oak_leaves":2,"minecraft:mossy_stone_brick_slab":1,"minecraft:dark_oak_log":95,"minecraft:granite":2,"gravestone:gravestone":3,"minecraft:grass_block":852,"minecraft:furnace":5,"minecraft:iron_ore":23,"minecraft:andesite":5,"minecraft:pumpkin":6,"minecraft:gold_block":2,"minecraft:dirt_path":1,"minecraft:stone":257,"quark:oak_chest":1,"minecraft:kelp_plant":1,"minecraft:smoker":4,"minecraft:stripped_dark_oak_log":8,"minecraft:dandelion":3,"minecraft:cornflower":1,"minecraft:crafting_table":9,"minecraft:torch":7,"minecraft:blast_furnace":5,"minecraft:tall_grass":48,"minecraft:copper_ore":12,"minecraft:cobblestone":4,"minecraft:sugar_cane":33,"minecraft:oak_planks":2,"minecraft:wall_torch":11,"minecraft:spruce_log":5,"minecraft:birch_leaves":2,"minecraft:grass":238,"minecraft:coal_ore":118,"minecraft:oak_log":29,"minecraft:dirt":128,"minecraft:gravel":2,"minecraft:sand":92,"quark:hollow_oak_log":1,"minecraft:stone_bricks":7,"minecraft:gold_ore":6,"minecraft:oak_leaves":7},"minecraft:killed_by":{"man:managgresive":3},"minecraft:broken":{"minecraft:iron_shovel":3,"minecraft:golden_shovel":1,"minecraft:stone_pickaxe":1,"minecraft:iron_pickaxe":1},"minecraft:dropped":{"minecraft:mossy_cobblestone":2,"minecraft:crafting_table":1,"minecraft:dark_oak_sapling":5,"minecraft:apple":1,"minecraft:flint":1,"minecraft:dirt":10,"minecraft:sand":11,"minecraft:string":2,"minecraft:spruce_sapling":2,"minecraft:rotten_flesh":10,"minecraft:oak_planks":6,"minecraft:blast_furnace":1,"minecraft:filled_map":1,"minecraft:rabbit_hide":1,"minecraft:andesite":8,"minecraft:oak_sapling":3,"minecraft:slime_ball":1,"minecraft:raw_gold":6},"minecraft:picked_up":{"minecraft:crafting_table":10,"minecraft:wheat":11,"minecraft:chicken":2,"minecraft:golden_pickaxe":1,"quark:hollow_oak_log":1,"minecraft:cooked_rabbit":2,"minecraft:gold_block":2,"gravestone:obituary":1,"minecraft:cornflower":1,"minecraft:string":2,"minecraft:raw_copper":40,"minecraft:flint_and_steel":1,"minecraft:beef":14,"minecraft:oak_boat":8,"minecraft:sugar_cane":85,"minecraft:birch_sapling":1,"minecraft:furnace":5,"minecraft:dark_oak_sapling":13,"minecraft:stick":18,"minecraft:raw_iron":31,"minecraft:stone":18,"minecraft:torch":18,"minecraft:porkchop":1,"minecraft:arrow":2,"minecraft:rotten_flesh":11,"minecraft:gold_ingot":24,"minecraft:obsidian":5,"minecraft:mutton":3,"minecraft:cobblestone":307,"minecraft:white_wool":2,"paraglider:paraglider":2,"minecraft:feather":2,"minecraft:cooked_beef":2,"minecraft:andesite":8,"minecraft:leather":10,"minecraft:brown_wool":2,"minecraft:smoker":4,"minecraft:potato":3,"minecraft:oak_log":54,"minecraft:dirt":986,"minecraft:bone":1,"minecraft:apple":4,"minecraft:stone_bricks":7,"minecraft:bow":1,"minecraft:wheat_seeds":87,"minecraft:raw_gold":12,"minecraft:rabbit_hide":1,"minecraft:iron_ingot":4,"minecraft:rabbit":2,"minecraft:oak_planks":2,"minecraft:book":5,"minecraft:pumpkin":12,"minecraft:dandelion":4,"minecraft:sand":89,"minecraft:blast_furnace":6,"minecraft:spruce_sapling":2,"minecraft:white_bed":4,"minecraft:spruce_log":10,"quark:oak_chest":1,"minecraft:dark_oak_log":123,"minecraft:mossy_cobblestone":2,"minecraft:slime_ball":1,"tacz:modern_kinetic_gun":2,"minecraft:baked_potato":1,"minecraft:oak_sapling":11,"minecraft:stripped_dark_oak_log":8,"minecraft:coal":517},"minecraft:killed":{"enemyexpansion:intruder":1,"minecraft:spider":1,"naturalist:robin":1,"naturalist:snail":2,"minecraft:skeleton":1,"minecraft:chicken":2,"minecraft:pig":1,"minecraft:rabbit":2,"enemyexpansion:sprinter":1,"minecraft:sheep":2,"minecraft:zombie":4,"enemyexpansion:wasp":1,"minecraft:cow":5},"minecraft:custom":{"minecraft:mob_kills":24,"minecraft:inspect_hopper":1,"minecraft:interact_with_crafting_table":30,"minecraft:leave_game":3,"minecraft:time_since_death":39815,"minecraft:sprint_one_cm":355907,"minecraft:walk_one_cm":380991,"minecraft:drop":24,"minecraft:talked_to_villager":1,"minecraft:play_time":183327,"minecraft:deaths":4,"minecraft:sneak_time":3520,"minecraft:walk_under_water_one_cm":18299,"minecraft:boat_one_cm":403571,"minecraft:jump":2240,"minecraft:interact_with_blast_furnace":18,"minecraft:walk_on_water_one_cm":47945,"minecraft:total_world_time":183327,"minecraft:interact_with_furnace":25,"minecraft:interact_with_stonecutter":4,"minecraft:sleep_in_bed":6,"minecraft:time_since_rest":7765,"minecraft:waystone_activated":5,"minecraft:damage_taken":2201,"minecraft:damage_dealt":2339,"minecraft:swim_one_cm":138273,"minecraft:fly_one_cm":525818,"minecraft:open_chest":41,"minecraft:crouch_one_cm":8260,"minecraft:interact_with_smoker":10,"minecraft:fall_one_cm":53169}},"DataVersion":3465}