{"stats":{"minecraft:crafted":{"minecraft:smooth_stone":3,"minecraft:oak_planks":40,"minecraft:oak_sign":3,"minecraft:cooked_chicken":1,"minecraft:furnace":3,"minecraft:blast_furnace":1,"minecraft:stone":26,"minecraft:cooked_mutton":3,"minecraft:iron_axe":1,"minecraft:stone_pickaxe":2,"minecraft:cooked_rabbit":2,"minecraft:smoker":1,"minecraft:cooked_beef":6,"minecraft:crafting_table":1,"minecraft:wooden_pickaxe":1,"minecraft:baked_potato":4,"minecraft:bucket":1,"minecraft:stone_axe":1,"minecraft:air":0,"minecraft:oak_boat":1,"minecraft:stick":16,"quark:oak_chest":1,"minecraft:iron_ingot":19,"minecraft:iron_pickaxe":1,"minecraft:iron_shovel":4,"minecraft:gold_ingot":24,"minecraft:torch":32},"minecraft:used":{"minecraft:iron_shovel":839,"minecraft:oak_sign":2,"minecraft:cooked_chicken":1,"minecraft:torch":35,"minecraft:dirt":551,"minecraft:golden_shovel":103,"farmersdelight:rope":16,"minecraft:iron_axe":17,"minecraft:birch_sapling":1,"minecraft:furnace":6,"minecraft:oak_sapling":8,"minecraft:cooked_beef":8,"minecraft:dark_oak_sapling":8,"minecraft:cooked_mutton":3,"minecraft:water_bucket":5,"minecraft:stone_pickaxe":200,"minecraft:baked_potato":5,"minecraft:oak_planks":2,"minecraft:wooden_pickaxe":12,"minecraft:sugar_cane":14,"minecraft:sand":36,"minecraft:crafting_table":10,"minecraft:blast_furnace":6,"minecraft:white_bed":4,"minecraft:smoker":5,"quark:hollow_oak_log":1,"minecraft:apple":3,"minecraft:dark_oak_log":66,"minecraft:iron_pickaxe":247,"minecraft:golden_helmet":1,"minecraft:stone_axe":68,"minecraft:cobblestone":7,"minecraft:cooked_rabbit":2,"minecraft:bucket":6,"quark:oak_chest":2,"minecraft:oak_boat":9},"minecraft:mined":{"minecraft:white_bed":1,"minecraft:mossy_cobblestone":3,"minecraft:dark_oak_leaves":2,"minecraft:mossy_stone_brick_slab":1,"minecraft:dark_oak_log":94,"minecraft:granite":2,"gravestone:gravestone":3,"minecraft:grass_block":762,"minecraft:furnace":5,"minecraft:iron_ore":23,"minecraft:andesite":5,"minecraft:pumpkin":6,"minecraft:gold_block":2,"minecraft:dirt_path":1,"minecraft:stone":252,"quark:oak_chest":1,"minecraft:kelp_plant":1,"minecraft:smoker":4,"minecraft:crafting_table":9,"minecraft:torch":5,"minecraft:blast_furnace":5,"minecraft:copper_ore":12,"minecraft:cobblestone":4,"minecraft:sugar_cane":25,"minecraft:oak_planks":2,"minecraft:wall_torch":7,"minecraft:spruce_log":5,"minecraft:birch_leaves":2,"minecraft:grass":45,"minecraft:coal_ore":118,"minecraft:oak_log":29,"minecraft:dirt":110,"minecraft:gravel":2,"minecraft:sand":90,"quark:hollow_oak_log":1,"minecraft:gold_ore":6,"minecraft:oak_leaves":7},"minecraft:killed_by":{"man:managgresive":3},"minecraft:broken":{"minecraft:iron_shovel":3,"minecraft:golden_shovel":1,"minecraft:stone_pickaxe":1},"minecraft:dropped":{"minecraft:mossy_cobblestone":2,"minecraft:crafting_table":1,"minecraft:dark_oak_sapling":5,"minecraft:apple":1,"minecraft:flint":1,"minecraft:dirt":10,"minecraft:sand":11,"minecraft:string":2,"minecraft:spruce_sapling":2,"minecraft:rotten_flesh":10,"minecraft:oak_planks":6,"minecraft:blast_furnace":1,"minecraft:filled_map":1,"minecraft:rabbit_hide":1,"minecraft:andesite":8,"minecraft:oak_sapling":3,"minecraft:slime_ball":1,"minecraft:raw_gold":6},"minecraft:picked_up":{"minecraft:crafting_table":10,"minecraft:wheat":11,"minecraft:chicken":1,"minecraft:golden_pickaxe":1,"quark:hollow_oak_log":1,"minecraft:cooked_rabbit":2,"minecraft:gold_block":2,"gravestone:obituary":1,"minecraft:string":2,"minecraft:raw_copper":40,"minecraft:flint_and_steel":1,"minecraft:beef":14,"minecraft:oak_boat":8,"minecraft:sugar_cane":75,"minecraft:birch_sapling":1,"minecraft:furnace":5,"minecraft:dark_oak_sapling":13,"minecraft:stick":18,"minecraft:raw_iron":31,"minecraft:stone":18,"minecraft:torch":12,"minecraft:arrow":2,"minecraft:rotten_flesh":11,"minecraft:gold_ingot":24,"minecraft:obsidian":5,"minecraft:mutton":3,"minecraft:cobblestone":302,"minecraft:white_wool":2,"paraglider:paraglider":2,"minecraft:feather":2,"minecraft:cooked_beef":2,"minecraft:andesite":8,"minecraft:leather":10,"minecraft:brown_wool":2,"minecraft:smoker":4,"minecraft:potato":3,"minecraft:oak_log":54,"minecraft:dirt":876,"minecraft:bone":1,"minecraft:apple":4,"minecraft:bow":1,"minecraft:wheat_seeds":15,"minecraft:raw_gold":12,"minecraft:rabbit_hide":1,"minecraft:iron_ingot":4,"minecraft:rabbit":2,"minecraft:oak_planks":2,"minecraft:book":5,"minecraft:pumpkin":12,"minecraft:dandelion":1,"minecraft:sand":87,"minecraft:blast_furnace":6,"minecraft:spruce_sapling":2,"minecraft:white_bed":4,"minecraft:spruce_log":10,"quark:oak_chest":1,"minecraft:dark_oak_log":122,"minecraft:mossy_cobblestone":2,"minecraft:slime_ball":1,"tacz:modern_kinetic_gun":2,"minecraft:baked_potato":1,"minecraft:oak_sapling":11,"minecraft:coal":517},"minecraft:killed":{"enemyexpansion:intruder":1,"minecraft:spider":1,"naturalist:robin":1,"naturalist:snail":2,"minecraft:skeleton":1,"minecraft:chicken":1,"minecraft:rabbit":2,"enemyexpansion:sprinter":1,"minecraft:sheep":2,"minecraft:zombie":4,"enemyexpansion:wasp":1,"minecraft:cow":5},"minecraft:custom":{"minecraft:mob_kills":22,"minecraft:inspect_hopper":1,"minecraft:interact_with_crafting_table":26,"minecraft:leave_game":3,"minecraft:time_since_death":15815,"minecraft:sprint_one_cm":316202,"minecraft:walk_one_cm":274073,"minecraft:drop":24,"minecraft:talked_to_villager":1,"minecraft:play_time":159327,"minecraft:deaths":4,"minecraft:sneak_time":3519,"minecraft:walk_under_water_one_cm":18253,"minecraft:boat_one_cm":403571,"minecraft:jump":2074,"minecraft:interact_with_blast_furnace":18,"minecraft:walk_on_water_one_cm":41510,"minecraft:total_world_time":159327,"minecraft:interact_with_furnace":22,"minecraft:sleep_in_bed":4,"minecraft:time_since_rest":16037,"minecraft:waystone_activated":5,"minecraft:damage_taken":2111,"minecraft:damage_dealt":2199,"minecraft:swim_one_cm":138273,"minecraft:fly_one_cm":505401,"minecraft:open_chest":33,"minecraft:crouch_one_cm":8260,"minecraft:interact_with_smoker":10,"minecraft:fall_one_cm":48763}},"DataVersion":3465}