{"stats":{"minecraft:crafted":{"minecraft:oak_boat":1,"minecraft:oak_planks":28,"minecraft:crafting_table":1,"minecraft:stick":8,"minecraft:wooden_pickaxe":1,"minecraft:stone_pickaxe":1,"minecraft:furnace":1,"minecraft:stone_axe":1},"minecraft:mined":{"minecraft:mossy_cobblestone":3,"minecraft:dark_oak_leaves":2,"minecraft:dark_oak_log":86,"minecraft:crafting_table":2,"minecraft:grass":3,"minecraft:oak_log":18,"minecraft:coal_ore":18,"quark:hollow_oak_log":1,"minecraft:stone":22,"minecraft:sugar_cane":4,"minecraft:oak_planks":2,"minecraft:oak_leaves":3},"minecraft:used":{"quark:hollow_oak_log":1,"minecraft:stone_pickaxe":31,"minecraft:birch_sapling":1,"minecraft:oak_planks":2,"minecraft:wooden_pickaxe":12,"minecraft:stone_axe":7,"minecraft:furnace":1,"minecraft:crafting_table":3,"minecraft:oak_sapling":8,"minecraft:oak_boat":1,"minecraft:dark_oak_sapling":8},"minecraft:dropped":{"minecraft:mossy_cobblestone":2,"minecraft:oak_sapling":2,"minecraft:apple":1},"minecraft:picked_up":{"paraglider:paraglider":1,"minecraft:dark_oak_sapling":13,"minecraft:stick":16,"minecraft:crafting_table":2,"quark:hollow_oak_log":1,"minecraft:oak_log":23,"minecraft:dark_oak_log":86,"minecraft:mossy_cobblestone":2,"minecraft:apple":4,"tacz:modern_kinetic_gun":1,"minecraft:oak_boat":1,"minecraft:oak_sapling":11,"minecraft:birch_sapling":1,"minecraft:sugar_cane":13,"minecraft:mutton":1,"minecraft:oak_planks":2,"minecraft:coal":18,"minecraft:white_wool":1,"minecraft:cobblestone":22},"minecraft:killed":{"minecraft:sheep":1,"naturalist:robin":1},"minecraft:custom":{"minecraft:time_since_rest":19791,"minecraft:waystone_activated":3,"minecraft:interact_with_furnace":2,"minecraft:sprint_one_cm":38045,"minecraft:damage_taken":120,"minecraft:walk_one_cm":24351,"minecraft:mob_kills":2,"minecraft:drop":5,"minecraft:swim_one_cm":5740,"minecraft:interact_with_crafting_table":7,"minecraft:fly_one_cm":56786,"minecraft:play_time":19791,"minecraft:walk_under_water_one_cm":4710,"minecraft:boat_one_cm":115965,"minecraft:jump":195,"minecraft:time_since_death":19791,"minecraft:walk_on_water_one_cm":4018,"minecraft:total_world_time":19791,"minecraft:fall_one_cm":4869}},"DataVersion":3465}