{"stats":{"minecraft:crafted":{"minecraft:oak_boat":1,"minecraft:oak_planks":28,"minecraft:crafting_table":1,"minecraft:stick":8,"minecraft:wooden_pickaxe":1,"minecraft:stone_pickaxe":1,"minecraft:furnace":1,"minecraft:torch":32,"minecraft:stone_axe":1,"minecraft:cooked_mutton":1},"minecraft:mined":{"minecraft:furnace":1,"minecraft:mossy_cobblestone":3,"minecraft:dark_oak_leaves":2,"minecraft:dark_oak_log":86,"minecraft:crafting_table":3,"minecraft:grass":3,"minecraft:grass_block":1,"minecraft:oak_log":18,"minecraft:coal_ore":58,"minecraft:dirt":1,"minecraft:gravel":1,"quark:hollow_oak_log":1,"minecraft:stone":23,"minecraft:sugar_cane":10,"minecraft:oak_planks":2,"minecraft:oak_leaves":7},"minecraft:used":{"minecraft:cooked_mutton":1,"quark:hollow_oak_log":1,"minecraft:apple":3,"minecraft:stone_pickaxe":74,"minecraft:birch_sapling":1,"minecraft:oak_planks":2,"minecraft:wooden_pickaxe":12,"minecraft:stone_axe":16,"minecraft:cobblestone":2,"minecraft:furnace":1,"minecraft:crafting_table":3,"minecraft:oak_sapling":8,"minecraft:oak_boat":3,"minecraft:dark_oak_sapling":8},"minecraft:dropped":{"minecraft:mossy_cobblestone":2,"minecraft:oak_sapling":2,"minecraft:apple":1},"minecraft:picked_up":{"paraglider:paraglider":1,"minecraft:dark_oak_sapling":13,"minecraft:stick":16,"minecraft:crafting_table":3,"quark:hollow_oak_log":1,"minecraft:oak_log":23,"minecraft:dirt":1,"minecraft:dark_oak_log":86,"minecraft:mossy_cobblestone":2,"minecraft:slime_ball":1,"minecraft:apple":4,"tacz:modern_kinetic_gun":1,"minecraft:oak_boat":2,"minecraft:oak_sapling":11,"minecraft:birch_sapling":1,"minecraft:sugar_cane":26,"minecraft:mutton":1,"minecraft:oak_planks":2,"minecraft:coal":57,"minecraft:furnace":1,"minecraft:white_wool":1,"minecraft:cobblestone":23},"minecraft:killed":{"minecraft:sheep":1,"naturalist:robin":1,"naturalist:snail":2},"minecraft:custom":{"minecraft:time_since_rest":29158,"minecraft:waystone_activated":3,"minecraft:interact_with_furnace":3,"minecraft:sprint_one_cm":82017,"minecraft:damage_taken":155,"minecraft:walk_one_cm":40000,"minecraft:mob_kills":4,"minecraft:drop":5,"minecraft:damage_dealt":40,"minecraft:swim_one_cm":30798,"minecraft:interact_with_crafting_table":7,"minecraft:fly_one_cm":110856,"minecraft:play_time":29158,"minecraft:walk_under_water_one_cm":8258,"minecraft:boat_one_cm":139950,"minecraft:jump":405,"minecraft:leave_game":1,"minecraft:time_since_death":29158,"minecraft:walk_on_water_one_cm":13096,"minecraft:total_world_time":29158,"minecraft:fall_one_cm":9264}},"DataVersion":3465}