{"stats":{"minecraft:crafted":{"minecraft:oak_planks":28,"minecraft:crafting_table":1,"minecraft:wooden_pickaxe":1,"minecraft:furnace":1,"minecraft:stone_axe":1,"minecraft:cooked_mutton":1,"minecraft:oak_boat":1,"minecraft:stick":8,"minecraft:stone_pickaxe":1,"minecraft:torch":32},"minecraft:mined":{"minecraft:mossy_cobblestone":3,"minecraft:dark_oak_leaves":2,"minecraft:kelp_plant":1,"minecraft:dark_oak_log":86,"minecraft:crafting_table":3,"minecraft:grass_block":1,"minecraft:sugar_cane":10,"minecraft:oak_planks":2,"minecraft:furnace":1,"minecraft:pumpkin":2,"minecraft:grass":3,"minecraft:coal_ore":58,"minecraft:oak_log":18,"minecraft:dirt":1,"minecraft:gravel":1,"minecraft:sand":31,"quark:hollow_oak_log":1,"minecraft:stone":23,"minecraft:oak_leaves":7},"minecraft:used":{"minecraft:cooked_mutton":1,"minecraft:stone_pickaxe":74,"minecraft:oak_planks":2,"minecraft:wooden_pickaxe":12,"minecraft:torch":4,"minecraft:sand":20,"minecraft:crafting_table":3,"minecraft:golden_shovel":29,"quark:hollow_oak_log":1,"minecraft:apple":3,"minecraft:birch_sapling":1,"minecraft:golden_helmet":1,"minecraft:stone_axe":19,"minecraft:cobblestone":2,"minecraft:oak_sapling":8,"minecraft:furnace":1,"minecraft:oak_boat":3,"minecraft:dark_oak_sapling":8},"minecraft:dropped":{"minecraft:mossy_cobblestone":2,"minecraft:apple":1,"minecraft:filled_map":1,"minecraft:oak_sapling":2},"minecraft:picked_up":{"paraglider:paraglider":1,"minecraft:crafting_table":3,"quark:hollow_oak_log":1,"minecraft:oak_log":23,"minecraft:dirt":1,"minecraft:apple":4,"minecraft:oak_boat":3,"minecraft:sugar_cane":26,"minecraft:birch_sapling":1,"minecraft:oak_planks":2,"minecraft:furnace":1,"minecraft:dark_oak_sapling":13,"minecraft:stick":16,"minecraft:pumpkin":2,"minecraft:sand":31,"minecraft:dark_oak_log":86,"minecraft:mossy_cobblestone":2,"minecraft:slime_ball":1,"tacz:modern_kinetic_gun":1,"minecraft:oak_sapling":11,"minecraft:mutton":1,"minecraft:coal":57,"minecraft:white_wool":1,"minecraft:cobblestone":23},"minecraft:killed":{"naturalist:robin":1,"naturalist:snail":2,"minecraft:sheep":1},"minecraft:custom":{"minecraft:interact_with_furnace":3,"minecraft:mob_kills":4,"minecraft:interact_with_crafting_table":7,"minecraft:leave_game":2,"minecraft:time_since_death":37655,"minecraft:time_since_rest":37655,"minecraft:waystone_activated":3,"minecraft:sprint_one_cm":84062,"minecraft:damage_taken":155,"minecraft:walk_one_cm":41271,"minecraft:drop":6,"minecraft:damage_dealt":40,"minecraft:swim_one_cm":39633,"minecraft:fly_one_cm":113743,"minecraft:open_chest":4,"minecraft:play_time":37655,"minecraft:sneak_time":152,"minecraft:walk_under_water_one_cm":13114,"minecraft:boat_one_cm":261315,"minecraft:jump":448,"minecraft:walk_on_water_one_cm":17305,"minecraft:total_world_time":37655,"minecraft:fall_one_cm":9264}},"DataVersion":3465}