{"stats":{"minecraft:crafted":{"minecraft:oak_planks":36,"minecraft:crafting_table":2,"minecraft:spruce_planks":48,"tacz:ammo_box":11,"sophisticatedbackpacks:diamond_backpack":2,"minecraft:stick":20,"minecraft:iron_hoe":5,"quark:spruce_chest":1,"minecraft:bucket":1,"minecraft:air":0,"minecraft:iron_shovel":1},"minecraft:mined":{"minecraft:white_bed":1,"minecraft:farmland":2,"minecraft:cherry_log":154,"minecraft:sculk_vein":69,"minecraft:obsidian":11,"minecraft:granite":8,"quark:glow_shroom_stem":6,"minecraft:grass_block":108,"minecraft:deepslate_bricks":3,"minecraft:spawner":2,"minecraft:tall_seagrass":1,"minecraft:sculk_catalyst":1,"minecraft:iron_ore":8,"minecraft:cobbled_deepslate":4,"minecraft:fire":31,"minecraft:deepslate_lapis_ore":4,"minecraft:dark_oak_stairs":2,"minecraft:sculk_shrieker":3,"minecraft:deepslate_brick_stairs":18,"quark:cobblestone_bricks_stairs":19,"minecraft:deepslate_redstone_ore":3,"quark:cobblestone_bricks":3,"mcwlights:iron_chandelier":1,"minecraft:chest":1,"minecraft:cobblestone":5,"tacz:target":1,"minecraft:sugar_cane":7,"minecraft:oak_planks":2,"minecraft:birch_log":11,"minecraft:grass":214,"minecraft:oak_log":25,"minecraft:dirt":193,"minecraft:stonecutter":1,"minecraft:oak_leaves":2,"minecraft:deepslate":284,"minecraft:tuff":19,"minecraft:mossy_cobblestone":1,"minecraft:deepslate_diamond_ore":6,"gravestone:gravestone":2,"minecraft:spruce_leaves":6,"minecraft:kelp":1,"minecraft:large_fern":1,"minecraft:andesite":43,"mcwlights:iron_small_chandelier":1,"minecraft:deepslate_iron_ore":27,"minecraft:stone":369,"minecraft:redstone_wall_torch":2,"minecraft:dandelion":1,"minecraft:sculk_sensor":31,"quark:glow_shroom_block":20,"minecraft:tall_grass":36,"minecraft:copper_ore":5,"minecraft:sculk":1009,"minecraft:diorite":2,"minecraft:spruce_log":53,"securitycraft:dirt_mine":3,"minecraft:coal_ore":11},"minecraft:used":{"mcwlights:wall_lantern":1,"minecraft:iron_shovel":202,"minecraft:spruce_slab":23,"minecraft:chest":16,"minecraft:stone":298,"minecraft:soul_sand":3,"minecraft:deepslate_tile_slab":4,"quark:stripped_ancient_log":2,"minecraft:deepslate_brick_slab":403,"mcwlights:iron_small_chandelier":4,"minecraft:tuff":14,"minecraft:stripped_spruce_log":88,"minecraft:warden_spawn_egg":1,"mcwlights:iron_wall_candle_holder":8,"minecraft:lava_bucket":29,"minecraft:stripped_dark_oak_wood":21,"minecraft:spruce_wood":99,"minecraft:lantern":121,"minecraft:grass_block":420,"minecraft:dark_oak_leaves":124,"minecraft:dark_oak_slab":106,"minecraft:stone_bricks":13,"minecraft:magma_block":3,"minecraft:hay_block":32,"minecraft:furnace":3,"quark:glowing_glass_item_frame":1,"quark:dark_oak_ladder":2,"minecraft:deepslate_brick_wall":45,"minecraft:dark_oak_stairs":369,"minecraft:diorite":1,"minecraft:spruce_door":5,"minecraft:gray_carpet":1,"quark:jungle_post":2,"quark:dark_oak_vertical_slab":4,"minecraft:diamond_axe":63,"minecraft:sugar_cane":6,"securitycraft:claymore":6,"minecraft:white_wool":10,"minecraft:dark_oak_trapdoor":215,"minecraft:sand":240,"minecraft:blast_furnace":5,"mcwlights:double_street_lamp":3,"quark:andesite_bricks_slab":8,"tacz:target":5,"minecraft:deepslate_brick_stairs":1137,"minecraft:deepslate_tiles":604,"waystones:waystone":9,"minecraft:dark_oak_log":2,"quark:cobblestone_bricks_stairs":102,"minecraft:gravel":1,"minecraft:diamond_sword":17,"minecraft:dark_oak_fence":95,"minecraft:andesite":28,"minecraft:chain":61,"minecraft:white_concrete":1,"minecraft:iron_bars":6,"mcwlights:gray_ceiling_light":4,"securitycraft:keypad_chest":7,"tacz:gun_smith_table":7,"minecraft:spruce_planks":60,"securitycraft:keypad_door_item":2,"mcwlights:iron_chandelier":3,"minecraft:torch":58,"minecraft:dirt":647,"minecraft:anvil":3,"mcwlights:soul_dark_oak_tiki_torch":1,"minecraft:spruce_stairs":21,"minecraft:spruce_fence":136,"minecraft:iron_hoe":1296,"minecraft:dark_oak_planks":484,"quark:deepslate_brick_vertical_slab":26,"quark:seed_pouch":81,"minecraft:barrel":4,"minecraft:glowstone":61,"minecraft:dark_oak_pressure_plate":1,"securitycraft:dirt_mine":3,"minecraft:deepslate_tile_stairs":20,"minecraft:white_stained_glass_pane":24,"comforts:sleeping_bag_white":15,"minecraft:cooked_beef":2,"minecraft:cobbled_deepslate":30,"minecraft:wheat_seeds":83,"minecraft:cooked_mutton":38,"minecraft:water_bucket":172,"quark:cobblestone_bricks":289,"minecraft:stonecutter":5,"minecraft:spruce_fence_gate":12,"securitycraft:scanner_door_item":3,"minecraft:deepslate_bricks":1304,"quark:spruce_hedge":20,"minecraft:stripped_dark_oak_log":1266,"minecraft:campfire":6,"minecraft:white_bed":4,"minecraft:dark_oak_fence_gate":24,"minecraft:spruce_log":553,"minecraft:dark_oak_door":2,"quark:glass_item_frame":41,"minecraft:deepslate_tile_wall":114,"minecraft:oak_log":20,"minecraft:diamond_pickaxe":620,"minecraft:iron_pickaxe":250,"quark:spruce_post":12,"minecraft:spruce_trapdoor":152,"minecraft:spruce_sapling":6,"minecraft:stone_axe":8,"quark:dark_oak_chest":34,"minecraft:cobblestone":10,"quark:spruce_ladder":28,"minecraft:bucket":22,"minecraft:glass_pane":200,"quark:oak_chest":2},"minecraft:broken":{"minecraft:iron_hoe":3,"minecraft:iron_pickaxe":1},"minecraft:killed_by":{"enemyexpansion:slugger":1,"minecraft:player":1},"minecraft:picked_up":{"minecraft:anvil":64,"enemyexpansion:wasp_thorax":2,"minecraft:enchanted_book":8,"minecraft:string":4,"minecraft:raw_copper":16,"minecraft:cobbled_deepslate":269,"comforts:sleeping_bag_white":11,"tacz:target":1,"minecraft:stick":16,"quark:glow_shroom_ring":9,"minecraft:torch":4,"minecraft:diorite":2,"minecraft:rotten_flesh":12,"minecraft:deepslate_brick_stairs":19,"minecraft:obsidian":8,"minecraft:cobblestone":450,"paraglider:paraglider":2,"minecraft:birch_log":11,"minecraft:cooked_beef":4,"minecraft:andesite":42,"minecraft:potato":1,"paraglider:spirit_orb":4,"minecraft:flint":1,"minecraft:tuff":20,"minecraft:lantern":5,"minecraft:lapis_lazuli":39,"minecraft:dirt":807,"tacz:ammo_box":1,"minecraft:bone":4,"minecraft:stonecutter":2,"minecraft:wheat_seeds":65,"minecraft:raw_gold":4,"securitycraft:dirt_mine":3,"minecraft:sand":39,"minecraft:grass_block":1,"minecraft:diamond_block":8,"minecraft:mossy_cobblestone":1,"minecraft:iron_hoe":2,"quark:cobblestone_bricks_stairs":19,"minecraft:diamond":6,"waystones:waystone":1,"minecraft:granite":12,"minecraft:oak_sapling":2,"minecraft:diamond_pickaxe":1,"minecraft:azure_bluet":3,"minecraft:gold_block":4,"gravestone:obituary":4,"minecraft:shield":1,"tacz:ammo":61,"minecraft:beef":7,"minecraft:poppy":2,"minecraft:sugar_cane":9,"minecraft:chest":1,"minecraft:birch_sapling":6,"minecraft:egg":2,"minecraft:raw_iron":34,"mcwlights:iron_chandelier":1,"minecraft:stone":256,"mcwlights:iron_small_chandelier":1,"sophisticatedbackpacks:backpack":1,"minecraft:redstone":14,"minecraft:arrow":4,"minecraft:deepslate_bricks":8,"minecraft:air":0,"minecraft:glow_ink_sac":3,"minecraft:leather":4,"minecraft:oak_log":18,"minecraft:gunpowder":5,"minecraft:gray_carpet":1,"quark:glow_shroom":5,"minecraft:iron_ingot":1,"minecraft:dark_oak_stairs":2,"sophisticatedbackpacks:diamond_backpack":3,"minecraft:sculk_catalyst":3,"minecraft:white_stained_glass_pane":1,"quark:glass_item_frame":5,"minecraft:dandelion":7,"minecraft:gravel":32,"minecraft:spruce_sapling":19,"minecraft:white_bed":1,"minecraft:spruce_log":54,"minecraft:spider_eye":3,"quark:cobblestone_bricks":3,"tacz:modern_kinetic_gun":19,"minecraft:iron_helmet":1,"minecraft:diamond_axe":1,"minecraft:coal":10},"minecraft:dropped":{"minecraft:iron_sword":2,"minecraft:diamond_axe":1,"minecraft:cooked_beef":1,"minecraft:oak_log":2,"minecraft:diamond":11,"minecraft:crafting_table":1,"sophisticatedbackpacks:auto_smelting_upgrade":1,"minecraft:gold_block":32,"minecraft:dirt":8,"gravestone:obituary":5,"minecraft:white_stained_glass_pane":3,"sophisticatedbackpacks:stack_upgrade_tier_4":1,"minecraft:iron_pickaxe":1,"paraglider:paraglider":5,"minecraft:gold_ingot":64,"minecraft:stone_axe":1,"minecraft:glowstone_dust":4,"sophisticatedbackpacks:diamond_backpack":4,"quark:glow_shroom_ring":4,"minecraft:gunpowder":32,"minecraft:chest":1,"comforts:sleeping_bag_white":2,"minecraft:iron_ingot":320,"minecraft:stripped_spruce_log":8,"minecraft:wheat_seeds":3,"minecraft:golden_helmet":1,"minecraft:copper_block":136,"farmersdelight:skillet":1,"minecraft:iron_helmet":3,"minecraft:granite":12,"minecraft:grass_block":2,"minecraft:coal":64,"quark:glass_item_frame":32,"tacz:ammo_box":7,"minecraft:deepslate_brick_stairs":1,"minecraft:diorite":2,"minecraft:torch":8,"minecraft:sculk_catalyst":1,"enemyexpansion:wasp_thorax":2,"minecraft:iron_leggings":2,"tacz:modern_kinetic_gun":23,"minecraft:iron_axe":1,"mcwlights:iron_chandelier":1,"sophisticatedbackpacks:crafting_upgrade":1,"minecraft:iron_shovel":2,"minecraft:dandelion":1,"minecraft:anvil":65,"minecraft:tuff":6,"securitycraft:keypad_door_item":4,"minecraft:iron_boots":2,"minecraft:iron_hoe":5,"sophisticatedbackpacks:backpack":3,"mcwlights:iron_small_chandelier":1,"minecraft:glass_pane":2,"minecraft:deepslate_bricks":4,"minecraft:diamond_sword":2,"minecraft:stone":705,"minecraft:shield":1,"minecraft:spruce_planks":18,"minecraft:diamond_pickaxe":3,"minecraft:iron_chestplate":2,"tacz:ammo":781,"minecraft:spruce_log":16,"minecraft:stone_pickaxe":1,"waystones:waystone":2},"minecraft:killed":{"minecraft:cave_spider":2,"minecraft:witch":1,"enemyexpansion:equestrian":1,"minecraft:spider":2,"minecraft:skeleton":10,"enemyexpansion:vampflyer":3,"man:managgresive":2,"minecraft:creeper":7,"minecraft:sheep":1,"minecraft:zombie":19,"enemyexpansion:vampire":2,"enemyexpansion:botfly":8,"minecraft:glow_squid":19,"cave_dweller:cave_dweller":1,"minecraft:cow":1,"enemyexpansion:trollenraged":1,"enemyexpansion:intruder":5,"quark:toretoise":1,"enemyexpansion:direwolf":17,"minecraft:drowned":1,"minecraft:warden":1,"naturalist:butterfly":1,"minecraft:bat":3,"enemyexpansion:sprinter":2,"enemyexpansion:crawler":1,"royalvariations:royal_zombie":1,"enemyexpansion:huntsman":3,"enemyexpansion:slugger":4},"minecraft:custom":{"minecraft:open_barrel":3,"minecraft:leave_game":16,"minecraft:time_since_death":10618,"minecraft:sprint_one_cm":659566,"minecraft:drop":189,"minecraft:play_time":809879,"minecraft:deaths":4,"minecraft:jump":5741,"minecraft:walk_on_water_one_cm":92043,"minecraft:enchant_item":3,"minecraft:sleep_in_bed":16,"minecraft:waystone_activated":15,"minecraft:damage_dealt":1596,"minecraft:player_kills":5,"minecraft:crouch_one_cm":197299,"minecraft:mob_kills":120,"minecraft:inspect_hopper":3,"minecraft:damage_dealt_resisted":149,"minecraft:climb_one_cm":10490,"minecraft:walk_one_cm":1954743,"minecraft:sneak_time":75933,"minecraft:walk_under_water_one_cm":104129,"minecraft:total_world_time":809879,"minecraft:interact_with_stonecutter":13,"minecraft:time_since_rest":10647,"minecraft:damage_taken":3202,"minecraft:swim_one_cm":41324,"minecraft:fly_one_cm":2824981,"minecraft:open_chest":127,"minecraft:fall_one_cm":80994}},"DataVersion":3465}