{"stats":{"minecraft:killed":{"minecraft:cave_spider":15,"minecraft:witch":4,"minecraft:spider":6,"quark:forgotten":4,"minecraft:skeleton":39,"minecraft:chicken":3,"minecraft:camel":1,"minecraft:magma_cube":14,"minecraft:pig":7,"naturalist:firefly":1,"minecraft:salmon":4,"minecraft:iron_golem":1,"minecraft:creeper":19,"minecraft:sheep":6,"minecraft:trader_llama":4,"minecraft:pillager":12,"minecraft:zombie":28,"minecraft:ghast":1,"minecraft:cow":2,"quark:toretoise":1,"enemyexpansion:direwolf":1,"minecraft:zoglin":1,"minecraft:horse":6,"quark:foxhound":5,"minecraft:bat":1,"minecraft:wandering_trader":1,"man:manfromthefogback":1,"minecraft:wither_skeleton":1,"quark:wraith":6,"minecraft:enderman":3},"minecraft:crafted":{"minecraft:oak_planks":168,"minecraft:chain":3,"sophisticatedbackpacks:crafting_upgrade":1,"minecraft:iron_bars":16,"minecraft:deepslate_brick_stairs":43,"minecraft:chest":1,"minecraft:oak_button":1,"minecraft:copper_block":11,"minecraft:oak_slab":6,"minecraft:deepslate":418,"minecraft:spruce_planks":52,"minecraft:iron_helmet":1,"minecraft:copper_ingot":407,"sophisticatedbackpacks:upgrade_base":2,"minecraft:diamond_pickaxe":1,"sophisticatedbackpacks:diamond_backpack":1,"minecraft:stick":28,"quark:oak_chest":5,"minecraft:iron_pickaxe":2,"minecraft:iron_ingot":161,"minecraft:iron_block":1,"minecraft:gold_ingot":5,"minecraft:deepslate_bricks":3,"minecraft:shears":1,"minecraft:iron_nugget":45,"comforts:sleeping_bag_white":1,"minecraft:furnace":2,"sophisticatedbackpacks:stack_upgrade_starter_tier":1,"minecraft:bone_meal":42,"minecraft:iron_axe":1,"quark:spruce_chest":1,"sophisticatedbackpacks:iron_backpack":1,"minecraft:iron_sword":1,"tacz:gun_smith_table":1,"sophisticatedbackpacks:gold_backpack":1,"minecraft:deepslate_tiles":2,"minecraft:air":0,"securitycraft:dirt_mine":4,"minecraft:blue_dye":1,"minecraft:iron_shovel":6,"securitycraft:stone_mine":1,"minecraft:torch":48},"minecraft:custom":{"minecraft:interact_with_crafting_table":63,"minecraft:bell_ring":30,"minecraft:leave_game":40,"minecraft:time_since_death":252211,"minecraft:sprint_one_cm":1266793,"minecraft:damage_blocked_by_shield":2260,"minecraft:drop":227,"minecraft:play_time":1098687,"minecraft:deaths":47,"minecraft:jump":10930,"minecraft:walk_on_water_one_cm":69937,"minecraft:interact_with_furnace":193,"minecraft:sleep_in_bed":56,"minecraft:waystone_activated":20,"minecraft:damage_dealt":5982,"minecraft:player_kills":16,"minecraft:crouch_one_cm":159281,"minecraft:inspect_dispenser":7,"minecraft:horse_one_cm":103636,"minecraft:mob_kills":205,"minecraft:interact_with_anvil":1,"minecraft:damage_dealt_resisted":403,"minecraft:climb_one_cm":19393,"minecraft:walk_one_cm":2382133,"minecraft:damage_dealt_absorbed":159,"minecraft:sneak_time":63597,"minecraft:walk_under_water_one_cm":147499,"minecraft:boat_one_cm":137058,"minecraft:interact_with_blast_furnace":1,"minecraft:total_world_time":1098687,"minecraft:interact_with_stonecutter":8,"minecraft:time_since_rest":21046,"minecraft:damage_taken":17130,"minecraft:damage_absorbed":40,"minecraft:swim_one_cm":48339,"minecraft:fly_one_cm":3924055,"minecraft:open_chest":697,"minecraft:fall_one_cm":206873},"minecraft:broken":{"minecraft:iron_shovel":6,"minecraft:stone_axe":1,"minecraft:iron_pickaxe":1},"minecraft:mined":{"minecraft:spruce_planks":3,"minecraft:white_bed":1,"minecraft:cobbled_deepslate_stairs":11,"minecraft:obsidian":9,"minecraft:granite":4,"minecraft:grass_block":738,"minecraft:soul_soil":4,"tacz:gun_smith_table":6,"minecraft:oxeye_daisy":4,"minecraft:dark_oak_trapdoor":11,"farmersdelight:rice":5,"minecraft:iron_ore":85,"minecraft:cobbled_deepslate":9,"minecraft:deepslate_lapis_ore":3,"minecraft:azure_bluet":5,"minecraft:oak_sign":1,"minecraft:oak_stairs":3,"minecraft:deepslate_brick_stairs":7,"quark:dark_oak_vertical_slab":16,"minecraft:green_bed":2,"minecraft:deepslate_redstone_ore":8,"minecraft:soul_fire":2,"minecraft:torch":18,"minecraft:dead_bush":16,"minecraft:nether_quartz_ore":12,"minecraft:cobblestone":17,"minecraft:sugar_cane":8,"minecraft:oak_planks":2,"minecraft:wall_torch":8,"minecraft:deepslate_copper_ore":4,"minecraft:birch_log":13,"minecraft:grass":255,"minecraft:oak_log":69,"minecraft:sand":29,"minecraft:dirt":799,"securitycraft:stone_mine":1,"minecraft:stonecutter":1,"minecraft:netherrack":4,"minecraft:oak_leaves":3,"minecraft:deepslate":139,"minecraft:deepslate_diamond_ore":14,"gravestone:gravestone":43,"minecraft:cobbled_deepslate_slab":13,"minecraft:sandstone":19,"quark:jasper":1,"minecraft:deepslate_brick_slab":1,"minecraft:redstone_ore":4,"minecraft:furnace":5,"minecraft:andesite":9,"minecraft:stripped_spruce_log":94,"minecraft:deepslate_iron_ore":34,"minecraft:bamboo":2,"minecraft:stone":316,"minecraft:oak_slab":2,"minecraft:glass_pane":3,"minecraft:soul_sand":6,"securitycraft:iron_mine":6,"minecraft:dandelion":20,"minecraft:crafting_table":3,"minecraft:cornflower":2,"minecraft:tall_grass":8,"minecraft:copper_ore":112,"minecraft:lapis_ore":1,"minecraft:deepslate_gold_ore":6,"minecraft:diorite":17,"minecraft:lime_bed":5,"minecraft:cactus":1,"minecraft:spruce_log":3,"quark:deepslate_furnace":4,"minecraft:coal_ore":88,"quark:spruce_chest":2,"minecraft:gravel":4,"minecraft:cobweb":25,"minecraft:gold_ore":5},"minecraft:dropped":{"sophisticatedbackpacks:iron_backpack":1,"farmersdelight:iron_knife":1,"minecraft:lapis_lazuli":64,"minecraft:diamond":3,"man:manfromthefogback_spawn_egg":1,"minecraft:leather":1,"minecraft:saddle":1,"sophisticatedbackpacks:gold_backpack":2,"minecraft:dirt":342,"minecraft:cornflower":2,"gravestone:obituary":49,"minecraft:sand":1,"minecraft:iron_pickaxe":5,"minecraft:gold_ingot":32,"minecraft:bone":4,"minecraft:gravel":4,"minecraft:stone_axe":1,"minecraft:golden_chestplate":1,"minecraft:deepslate_brick_slab":1,"minecraft:rotten_flesh":8,"minecraft:oak_planks":5,"minecraft:cooked_mutton":26,"minecraft:azure_bluet":2,"sophisticatedbackpacks:diamond_backpack":1,"minecraft:lime_bed":1,"minecraft:gunpowder":9,"cave_dweller:cave_dweller_spawn_egg":1,"minecraft:ladder":1,"comforts:sleeping_bag_white":1,"minecraft:arrow":7,"minecraft:golden_boots":1,"minecraft:iron_ingot":100,"minecraft:bread":12,"minecraft:wheat_seeds":3,"minecraft:golden_helmet":1,"minecraft:lead":2,"minecraft:cobblestone":18,"minecraft:iron_helmet":1,"minecraft:red_stained_glass":15,"tacz:gun_smith_table":1,"minecraft:coal":37,"minecraft:stick":11,"minecraft:oxeye_daisy":1,"minecraft:deepslate_brick_stairs":2,"minecraft:diorite":3,"minecraft:torch":7,"minecraft:rabbit":1,"minecraft:iron_leggings":1,"tacz:modern_kinetic_gun":18,"minecraft:stonecutter":2,"minecraft:string":45,"minecraft:dandelion":9,"minecraft:redstone":3,"minecraft:stone_sword":1,"minecraft:deepslate":5,"minecraft:raw_iron":3,"minecraft:iron_boots":1,"sophisticatedbackpacks:backpack":3,"minecraft:oak_sign":2,"minecraft:diamond_sword":1,"minecraft:shield":1,"minecraft:iron_chestplate":1,"minecraft:diamond_pickaxe":1,"minecraft:andesite":8,"minecraft:golden_leggings":1,"tacz:ammo":1522,"minecraft:stone_pickaxe":1,"minecraft:wooden_pickaxe":1,"waystones:waystone":1},"minecraft:picked_up":{"minecraft:lead":4,"minecraft:oak_stairs":3,"securitycraft:stone_mine":1,"minecraft:string":32,"minecraft:dark_oak_trapdoor":11,"minecraft:raw_copper":399,"minecraft:soul_soil":4,"minecraft:zombie_head":1,"minecraft:oak_sign":3,"minecraft:deepslate_tiles":66,"minecraft:cobbled_deepslate":434,"comforts:sleeping_bag_white":6,"minecraft:spruce_planks":3,"minecraft:redstone_torch":2,"minecraft:furnace":5,"minecraft:stick":24,"minecraft:oak_fence":8,"minecraft:green_bed":2,"minecraft:torch":35,"minecraft:porkchop":13,"tacz:attachment":9,"minecraft:diorite":23,"minecraft:stone_sword":1,"minecraft:cactus":3,"minecraft:rotten_flesh":25,"minecraft:deepslate_brick_stairs":14,"minecraft:obsidian":9,"minecraft:cod":37,"minecraft:cobblestone":359,"paraglider:paraglider":1,"securitycraft:iron_mine":5,"minecraft:birch_log":13,"minecraft:feather":4,"farmersdelight:rice":5,"minecraft:andesite":10,"quark:dark_oak_vertical_slab":16,"minecraft:tuff":31,"minecraft:lantern":8,"minecraft:lapis_lazuli":34,"minecraft:dirt":1765,"minecraft:name_tag":1,"minecraft:bone":22,"minecraft:stonecutter":2,"minecraft:wheat_seeds":48,"minecraft:deepslate_brick_slab":1,"minecraft:raw_gold":12,"minecraft:cobbled_deepslate_slab":15,"minecraft:glowstone_dust":2,"quark:soul_bead":2,"minecraft:rabbit":1,"minecraft:bamboo":29,"tacz:gun_smith_table":7,"minecraft:oak_planks":2,"minecraft:ghast_tear":1,"minecraft:sand":53,"minecraft:stripped_spruce_log":94,"quark:jasper":1,"minecraft:diamond":14,"minecraft:deepslate":48,"waystones:waystone":1,"minecraft:granite":3,"minecraft:bone_meal":1,"minecraft:bread":18,"minecraft:oak_sapling":20,"minecraft:netherrack":4,"sophisticatedbackpacks:gold_backpack":1,"minecraft:crafting_table":4,"minecraft:azure_bluet":8,"minecraft:chicken":3,"minecraft:ladder":1,"gravestone:obituary":19,"minecraft:cornflower":4,"tacz:ammo":545,"minecraft:glass_pane":1,"quark:spruce_chest":2,"minecraft:beef":2,"minecraft:oak_boat":1,"minecraft:poppy":2,"minecraft:sugar_cane":19,"minecraft:egg":12,"minecraft:raw_iron":132,"minecraft:sandstone":17,"minecraft:copper_ingot":26,"sophisticatedbackpacks:backpack":3,"quark:deepslate_furnace":4,"minecraft:redstone":60,"minecraft:iron_horse_armor":1,"minecraft:tnt":2,"minecraft:arrow":20,"minecraft:deepslate_bricks":259,"minecraft:white_wool":11,"minecraft:mutton":5,"minecraft:rail":8,"minecraft:bone_block":11,"minecraft:oxeye_daisy":5,"minecraft:lime_bed":7,"minecraft:salmon":15,"minecraft:leather":12,"quark:smithing_template_rune":4,"waystones:sandy_waystone":2,"minecraft:oak_log":66,"minecraft:cobbled_deepslate_stairs":11,"minecraft:gunpowder":16,"quark:forgotten_hat":2,"naturalist:glow_goop":1,"minecraft:cooked_mutton":1,"minecraft:apple":1,"minecraft:rabbit_hide":7,"minecraft:stone_pickaxe":1,"minecraft:iron_ingot":5,"minecraft:soul_sand":6,"sophisticatedbackpacks:diamond_backpack":1,"minecraft:oak_slab":2,"minecraft:quartz":11,"minecraft:dandelion":26,"minecraft:gravel":8,"minecraft:white_bed":1,"minecraft:spruce_log":3,"minecraft:spider_eye":3,"quark:cobblestone_bricks":65,"tacz:modern_kinetic_gun":21,"minecraft:stone_axe":1,"minecraft:coal":252,"minecraft:ender_pearl":2},"minecraft:used":{"minecraft:iron_shovel":1598,"minecraft:dispenser":1,"minecraft:spruce_slab":32,"minecraft:shield":68,"minecraft:iron_sword":75,"minecraft:stone":48,"immersive_aircraft:quadrocopter":1,"minecraft:iron_chestplate":2,"minecraft:spruce_leaves":87,"minecraft:soul_sand":3,"quark:stone_brick_lamp":7,"minecraft:deepslate_brick_slab":296,"minecraft:tuff":31,"minecraft:stripped_spruce_log":1172,"minecraft:polished_deepslate_stairs":35,"minecraft:glass":2,"quark:deepslate_furnace":9,"minecraft:lantern":86,"minecraft:grass_block":175,"minecraft:iron_helmet":2,"minecraft:dark_oak_slab":152,"minecraft:stone_bricks":62,"minecraft:furnace":13,"minecraft:gold_block":11,"minecraft:deepslate_brick_wall":51,"minecraft:dark_oak_stairs":194,"minecraft:spruce_door":11,"cfm:oak_park_bench":6,"minecraft:stone_pickaxe":42,"minecraft:oak_planks":7,"quark:dark_oak_vertical_slab":104,"minecraft:sugar_cane":13,"minecraft:golden_apple":1,"minecraft:dark_oak_trapdoor":323,"minecraft:sand":15,"minecraft:blast_furnace":1,"farmersdelight:rice":5,"minecraft:cobbled_deepslate_stairs":86,"minecraft:deepslate_brick_stairs":506,"minecraft:deepslate_tiles":167,"minecraft:redstone_torch":5,"waystones:waystone":5,"minecraft:lever":2,"quark:blackstone_furnace":1,"minecraft:dark_oak_log":5,"minecraft:bread":1,"quark:cobblestone_bricks_stairs":61,"quark:jasper":1,"minecraft:deepslate":10,"minecraft:gravel":28,"quark:soul_bead":1,"minecraft:dark_oak_fence":69,"minecraft:grindstone":1,"minecraft:smithing_table":2,"minecraft:chain":54,"minecraft:oak_boat":1,"minecraft:bone_meal":163,"minecraft:iron_bars":11,"waystones:sandy_waystone":2,"minecraft:stone_sword":67,"minecraft:flint_and_steel":10,"minecraft:cracked_deepslate_bricks":86,"minecraft:armor_stand":1,"minecraft:redstone":17,"minecraft:spruce_planks":286,"tacz:gun_smith_table":9,"minecraft:netherrack":15,"minecraft:torch":95,"minecraft:dirt":1165,"minecraft:anvil":7,"minecraft:spruce_stairs":61,"minecraft:cobblestone_wall":4,"minecraft:spruce_fence":40,"minecraft:dark_oak_planks":24,"quark:deepslate_brick_vertical_slab":16,"quark:spruce_chest":4,"minecraft:iron_axe":239,"minecraft:oak_stairs":11,"minecraft:iron_boots":2,"minecraft:barrel":3,"minecraft:soul_soil":4,"securitycraft:dirt_mine":6,"minecraft:deepslate_tile_stairs":9,"comforts:sleeping_bag_white":8,"minecraft:cobbled_deepslate":77,"minecraft:iron_leggings":2,"minecraft:cobbled_deepslate_wall":85,"securitycraft:stone_mine":5,"minecraft:cooked_mutton":87,"minecraft:iron_ore":9,"quark:cobblestone_bricks":31,"cave_dweller:cave_dweller_spawn_egg":2,"minecraft:green_bed":2,"securitycraft:iron_mine":16,"minecraft:stonecutter":5,"minecraft:horse_spawn_egg":6,"minecraft:gold_ore":3,"minecraft:deepslate_bricks":636,"minecraft:stripped_dark_oak_log":3,"minecraft:lime_bed":6,"minecraft:oak_slab":2,"minecraft:crafting_table":3,"minecraft:dark_oak_fence_gate":30,"minecraft:white_bed":7,"minecraft:campfire":7,"minecraft:spruce_log":396,"minecraft:smoker":1,"minecraft:dark_oak_door":7,"minecraft:oak_log":157,"minecraft:diamond_pickaxe":451,"minecraft:apple":1,"quark:blossom_door":2,"minecraft:iron_pickaxe":501,"man:manfromthefogback_spawn_egg":1,"minecraft:spruce_trapdoor":221,"minecraft:spruce_sapling":55,"minecraft:stone_axe":138,"minecraft:purple_bed":2,"minecraft:cobbled_deepslate_slab":15,"quark:dark_oak_chest":12,"minecraft:cobblestone":104,"quark:spruce_ladder":23,"minecraft:glass_pane":123,"quark:oak_chest":15},"minecraft:killed_by":{"minecraft:creeper":1,"man:managgresive":2,"minecraft:zombie":2,"minecraft:player":28,"minecraft:spider":1,"minecraft:enderman":1,"quark:toretoise":1,"minecraft:skeleton":6,"cave_dweller:cave_dweller":2}},"DataVersion":3465}