{"stats":{"minecraft:mined":{"quark:hollow_birch_log":1,"minecraft:pumpkin":5,"minecraft:moss_carpet":1,"minecraft:crafting_table":1,"gravestone:gravestone":4,"minecraft:grass":7,"minecraft:grass_block":3,"minecraft:oak_log":9,"minecraft:dirt":15,"minecraft:gravel":1,"minecraft:campfire":1,"minecraft:tall_grass":6,"minecraft:cobblestone":1,"minecraft:stone":24,"minecraft:oak_leaves":1,"minecraft:fern":1},"minecraft:dropped":{"minecraft:stone_axe":1,"gravestone:obituary":4,"minecraft:stone_pickaxe":1},"minecraft:custom":{"minecraft:time_since_rest":8270,"minecraft:sprint_one_cm":30911,"minecraft:damage_taken":1460,"minecraft:walk_one_cm":50027,"minecraft:mob_kills":2,"minecraft:drop":6,"minecraft:damage_dealt":532,"minecraft:interact_with_crafting_table":4,"minecraft:fly_one_cm":50232,"minecraft:crouch_one_cm":5149,"minecraft:play_time":33114,"minecraft:deaths":5,"minecraft:sneak_time":1944,"minecraft:jump":344,"minecraft:leave_game":3,"minecraft:time_since_death":8215,"minecraft:total_world_time":33114,"minecraft:climb_one_cm":140,"minecraft:fall_one_cm":10145},"minecraft:used":{"minecraft:grass_block":3,"minecraft:stone_pickaxe":5,"minecraft:wooden_pickaxe":20,"minecraft:stone_axe":20,"minecraft:cobblestone":13,"minecraft:crafting_table":1},"minecraft:picked_up":{"paraglider:paraglider":1,"minecraft:charcoal":2,"minecraft:crafting_table":1,"minecraft:pumpkin":5,"minecraft:torch":2,"vampirism:stake":1,"minecraft:oak_log":7,"gravestone:obituary":4,"minecraft:dirt":18,"ancient_elements:aetherial_shard":2,"minecraft:stone_axe":2,"minecraft:wheat_seeds":6,"minecraft:stone_pickaxe":1,"quark:hollow_birch_log":1,"minecraft:oak_sapling":2,"minecraft:cobblestone":24,"ancient_elements:aero_charge":5},"minecraft:killed_by":{"ancient_elements:aetherial_glaze":4,"minecraft:player":1},"minecraft:crafted":{"minecraft:oak_planks":28,"minecraft:crafting_table":1,"minecraft:stick":8,"minecraft:wooden_pickaxe":1,"minecraft:stone_pickaxe":1,"minecraft:stone_axe":1},"minecraft:killed":{"ancient_elements:aetherial_glaze":2}},"DataVersion":3465}