{"stats":{"minecraft:dropped":{"minecraft:gravel":4,"minecraft:bread":12,"minecraft:stone_axe":1,"minecraft:stone_sword":1,"minecraft:raw_iron":3,"minecraft:cobblestone":18,"minecraft:oak_planks":5,"sophisticatedbackpacks:backpack":2,"minecraft:cooked_mutton":26,"minecraft:coal":36,"minecraft:stick":11,"minecraft:gunpowder":6,"minecraft:diorite":3,"minecraft:torch":7,"minecraft:andesite":7,"gravestone:obituary":19,"tacz:modern_kinetic_gun":9,"tacz:ammo":778,"minecraft:arrow":6,"minecraft:sand":1,"minecraft:stone_pickaxe":1,"minecraft:wooden_pickaxe":1,"minecraft:string":45,"minecraft:bone":4},"minecraft:killed_by":{"minecraft:player":11,"minecraft:skeleton":3,"minecraft:enderman":1},"minecraft:mined":{"minecraft:crafting_table":1,"minecraft:torch":2,"gravestone:gravestone":12,"minecraft:dead_bush":13,"minecraft:cobblestone":5,"minecraft:copper_ore":18,"minecraft:sugar_cane":6,"minecraft:diorite":3,"quark:jasper":1,"minecraft:lime_bed":3,"minecraft:cactus":1,"minecraft:iron_ore":3,"minecraft:andesite":5,"minecraft:coal_ore":24,"minecraft:deepslate_iron_ore":13,"minecraft:dirt":1,"minecraft:sand":4,"minecraft:cobweb":24,"minecraft:stone":29,"minecraft:deepslate":4},"minecraft:used":{"minecraft:cooked_mutton":14,"minecraft:stone_sword":40,"minecraft:shield":10,"minecraft:torch":3,"minecraft:golden_apple":1,"minecraft:sand":12,"minecraft:lime_bed":5,"minecraft:iron_pickaxe":106,"minecraft:stone_axe":1,"minecraft:cobblestone":10},"minecraft:custom":{"minecraft:mob_kills":26,"minecraft:interact_with_crafting_table":2,"minecraft:leave_game":1,"minecraft:time_since_death":1234,"minecraft:sleep_in_bed":2,"minecraft:time_since_rest":1264,"minecraft:walk_one_cm":208488,"minecraft:sprint_one_cm":106588,"minecraft:damage_taken":5130,"minecraft:damage_absorbed":40,"minecraft:damage_blocked_by_shield":870,"minecraft:drop":82,"minecraft:damage_dealt":1031,"minecraft:fly_one_cm":184115,"minecraft:player_kills":6,"minecraft:open_chest":6,"minecraft:crouch_one_cm":11836,"minecraft:play_time":77918,"minecraft:deaths":15,"minecraft:sneak_time":3567,"minecraft:jump":882,"minecraft:walk_on_water_one_cm":1671,"minecraft:total_world_time":77918,"minecraft:fall_one_cm":28184},"minecraft:killed":{"minecraft:cave_spider":8,"minecraft:creeper":3,"minecraft:skeleton":13,"minecraft:enderman":2},"minecraft:picked_up":{"minecraft:lime_bed":5,"minecraft:crafting_table":1,"minecraft:andesite":5,"gravestone:obituary":9,"minecraft:gunpowder":6,"minecraft:string":23,"minecraft:dirt":1,"minecraft:raw_copper":63,"tacz:ammo":269,"minecraft:bone":3,"minecraft:cobbled_deepslate":4,"minecraft:stone_pickaxe":1,"minecraft:sugar_cane":9,"minecraft:raw_iron":17,"minecraft:stick":16,"minecraft:oak_fence":8,"minecraft:torch":4,"minecraft:gravel":4,"sophisticatedbackpacks:backpack":1,"minecraft:sand":5,"minecraft:diorite":9,"minecraft:spider_eye":2,"quark:jasper":1,"minecraft:cactus":3,"minecraft:stone_sword":1,"minecraft:arrow":3,"minecraft:stone_axe":1,"tacz:modern_kinetic_gun":8,"minecraft:bread":8,"minecraft:coal":24,"minecraft:rail":4,"minecraft:cobblestone":40,"minecraft:ender_pearl":1},"minecraft:crafted":{"minecraft:iron_pickaxe":1}},"DataVersion":3465}