{"stats":{"minecraft:crafted":{"minecraft:cooked_porkchop":2,"minecraft:crafting_table":1,"minecraft:spruce_planks":128,"minecraft:stick":8,"minecraft:stone_pickaxe":1,"minecraft:wooden_pickaxe":1,"minecraft:furnace":1,"minecraft:stone_axe":1,"minecraft:air":0},"minecraft:picked_up":{"minecraft:stick":2,"minecraft:crafting_table":2,"minecraft:brown_wool":1,"minecraft:stone_slab":3,"minecraft:porkchop":3,"minecraft:tuff":6,"ancient_elements:raw_tin":1,"minecraft:spruce_sapling":8,"jeg:scrap":3,"minecraft:spruce_log":32,"minecraft:blue_bed":1,"minecraft:dirt":2,"minecraft:raw_copper":58,"minecraft:red_tulip":1,"sawmill:sawmill":1,"minecraft:rose_bush":1,"minecraft:mutton":3,"minecraft:coal":35,"minecraft:white_wool":1,"minecraft:cobblestone":29,"minecraft:furnace":1},"minecraft:killed":{"minecraft:sheep":2,"minecraft:pig":2},"minecraft:dropped":{"minecraft:tuff":6},"minecraft:custom":{"minecraft:time_since_rest":3801,"minecraft:waystone_activated":1,"minecraft:interact_with_furnace":3,"minecraft:sprint_one_cm":64588,"minecraft:walk_one_cm":49079,"minecraft:mob_kills":4,"minecraft:drop":1,"minecraft:damage_dealt":360,"minecraft:interact_with_crafting_table":4,"minecraft:fly_one_cm":107886,"minecraft:open_chest":2,"minecraft:crouch_one_cm":2787,"minecraft:play_time":32073,"minecraft:sneak_time":1198,"minecraft:jump":302,"minecraft:interact_with_stonecutter":2,"minecraft:leave_game":3,"minecraft:walk_on_water_one_cm":77,"minecraft:time_since_death":32073,"minecraft:sleep_in_bed":1,"minecraft:total_world_time":32073,"minecraft:climb_one_cm":214,"minecraft:fall_one_cm":3611},"minecraft:used":{"minecraft:red_tulip":1,"minecraft:stone_pickaxe":65,"minecraft:wooden_pickaxe":23,"minecraft:blue_bed":1,"minecraft:stone_axe":45,"minecraft:dirt":1,"minecraft:crafting_table":2,"minecraft:furnace":1,"minecraft:cooked_porkchop":2,"jeg:revolver":3},"minecraft:mined":{"minecraft:tuff":7,"jeg:scrap_ore":2,"minecraft:furnace":1,"minecraft:spruce_log":33,"ancient_elements:tin_ore":1,"minecraft:crafting_table":2,"minecraft:glow_lichen":2,"minecraft:grass":1,"minecraft:red_tulip":1,"minecraft:grass_block":2,"minecraft:coal_ore":11,"sawmill:sawmill":1,"minecraft:rose_bush":1,"minecraft:stone_slab":3,"minecraft:copper_ore":17,"minecraft:deepslate_coal_ore":14,"minecraft:stone":29,"minecraft:blue_bed":1}},"DataVersion":3465}