{"stats":{"minecraft:killed_by":{"minecraft:player":6},"minecraft:dropped":{"gravestone:obituary":3,"tacz:modern_kinetic_gun":1,"tacz:ammo":90},"minecraft:custom":{"minecraft:time_since_rest":2499,"minecraft:deaths":6,"minecraft:crouch_one_cm":643,"minecraft:walk_one_cm":24375,"minecraft:play_time":15837,"minecraft:sprint_one_cm":17688,"minecraft:damage_taken":1545,"minecraft:sneak_time":304,"minecraft:drop":7,"minecraft:jump":258,"minecraft:damage_dealt":208,"minecraft:time_since_death":2433,"minecraft:walk_on_water_one_cm":1671,"minecraft:total_world_time":15837,"minecraft:fall_one_cm":7547,"minecraft:fly_one_cm":65612,"minecraft:player_kills":2},"minecraft:mined":{"gravestone:gravestone":2,"minecraft:dead_bush":1,"minecraft:sand":4,"minecraft:sugar_cane":6},"minecraft:picked_up":{"minecraft:stick":1,"tacz:modern_kinetic_gun":1,"minecraft:sand":4,"minecraft:sugar_cane":9},"minecraft:used":{"minecraft:sand":4}},"DataVersion":3465}