{"stats":{"minecraft:dropped":{"sophisticatedbackpacks:iron_backpack":1,"minecraft:bread":12,"minecraft:wheat_seeds":2,"minecraft:cobblestone":18,"minecraft:saddle":1,"minecraft:coal":37,"minecraft:stick":11,"minecraft:oxeye_daisy":1,"minecraft:dirt":341,"minecraft:diorite":3,"minecraft:torch":7,"minecraft:cornflower":2,"minecraft:rabbit":1,"gravestone:obituary":31,"tacz:modern_kinetic_gun":10,"minecraft:sand":1,"minecraft:string":45,"minecraft:dandelion":9,"minecraft:bone":4,"minecraft:gravel":4,"minecraft:stone_axe":1,"minecraft:stone_sword":1,"minecraft:raw_iron":3,"minecraft:oak_planks":5,"sophisticatedbackpacks:backpack":3,"minecraft:cooked_mutton":26,"minecraft:azure_bluet":2,"minecraft:lime_bed":1,"minecraft:gunpowder":6,"minecraft:andesite":7,"tacz:ammo":874,"minecraft:wooden_pickaxe":1,"minecraft:arrow":6,"minecraft:stone_pickaxe":1,"waystones:waystone":1},"minecraft:killed_by":{"minecraft:player":17,"minecraft:creeper":1,"minecraft:spider":1,"minecraft:enderman":1,"quark:toretoise":1,"minecraft:skeleton":6,"minecraft:zombie":2},"minecraft:custom":{"minecraft:mob_kills":114,"minecraft:interact_with_crafting_table":57,"minecraft:bell_ring":5,"minecraft:damage_dealt_resisted":403,"minecraft:leave_game":11,"minecraft:time_since_death":32663,"minecraft:sprint_one_cm":551554,"minecraft:walk_one_cm":943720,"minecraft:damage_blocked_by_shield":2185,"minecraft:drop":123,"minecraft:damage_dealt_absorbed":159,"minecraft:play_time":353695,"minecraft:sneak_time":16425,"minecraft:deaths":29,"minecraft:walk_under_water_one_cm":19683,"minecraft:boat_one_cm":137058,"minecraft:jump":4442,"minecraft:walk_on_water_one_cm":27420,"minecraft:total_world_time":353695,"minecraft:interact_with_furnace":100,"minecraft:sleep_in_bed":17,"minecraft:time_since_rest":13355,"minecraft:waystone_activated":6,"minecraft:damage_taken":11509,"minecraft:damage_absorbed":40,"minecraft:damage_dealt":4715,"minecraft:player_kills":10,"minecraft:swim_one_cm":24605,"minecraft:fly_one_cm":1178591,"minecraft:open_chest":229,"minecraft:crouch_one_cm":47205,"minecraft:fall_one_cm":123719,"minecraft:horse_one_cm":77110},"minecraft:crafted":{"minecraft:oak_planks":168,"minecraft:iron_nugget":45,"minecraft:chain":3,"minecraft:furnace":2,"sophisticatedbackpacks:stack_upgrade_starter_tier":1,"sophisticatedbackpacks:crafting_upgrade":1,"minecraft:iron_bars":16,"minecraft:chest":1,"minecraft:oak_button":1,"minecraft:copper_block":11,"sophisticatedbackpacks:iron_backpack":1,"minecraft:oak_slab":6,"minecraft:iron_helmet":1,"minecraft:iron_sword":1,"tacz:gun_smith_table":1,"minecraft:copper_ingot":157,"sophisticatedbackpacks:gold_backpack":1,"sophisticatedbackpacks:upgrade_base":2,"minecraft:air":0,"minecraft:diamond_pickaxe":1,"sophisticatedbackpacks:diamond_backpack":1,"minecraft:stick":28,"quark:oak_chest":5,"minecraft:iron_ingot":92,"minecraft:iron_pickaxe":2,"minecraft:iron_block":1,"minecraft:iron_shovel":5,"minecraft:gold_ingot":5,"minecraft:torch":28},"minecraft:killed":{"minecraft:cave_spider":14,"minecraft:witch":4,"minecraft:spider":2,"quark:toretoise":1,"quark:forgotten":4,"minecraft:skeleton":30,"minecraft:horse":1,"minecraft:chicken":2,"minecraft:camel":1,"minecraft:pig":4,"minecraft:bat":1,"minecraft:wandering_trader":1,"minecraft:creeper":14,"minecraft:sheep":1,"minecraft:trader_llama":2,"minecraft:pillager":8,"minecraft:zombie":18,"minecraft:cow":1,"minecraft:enderman":3},"minecraft:broken":{"minecraft:iron_shovel":6,"minecraft:iron_pickaxe":1},"minecraft:mined":{"minecraft:deepslate_diamond_ore":11,"minecraft:cobbled_deepslate_stairs":11,"minecraft:obsidian":4,"gravestone:gravestone":26,"minecraft:granite":3,"minecraft:cobbled_deepslate_slab":3,"minecraft:grass_block":736,"tacz:gun_smith_table":5,"minecraft:oxeye_daisy":4,"minecraft:sandstone":19,"quark:jasper":1,"minecraft:furnace":1,"minecraft:cobbled_deepslate":9,"minecraft:iron_ore":69,"minecraft:andesite":8,"minecraft:azure_bluet":5,"minecraft:deepslate_iron_ore":25,"minecraft:oak_stairs":1,"minecraft:stone":243,"minecraft:green_bed":2,"minecraft:deepslate_redstone_ore":6,"minecraft:dandelion":20,"minecraft:crafting_table":2,"minecraft:cornflower":2,"minecraft:torch":11,"minecraft:dead_bush":15,"minecraft:copper_ore":108,"minecraft:tall_grass":7,"minecraft:cobblestone":12,"minecraft:lapis_ore":1,"minecraft:deepslate_gold_ore":6,"minecraft:sugar_cane":7,"minecraft:oak_planks":2,"minecraft:diorite":11,"minecraft:wall_torch":1,"minecraft:cactus":1,"minecraft:lime_bed":5,"minecraft:birch_log":13,"minecraft:grass":251,"minecraft:oak_log":69,"minecraft:coal_ore":88,"minecraft:sand":28,"minecraft:gravel":4,"minecraft:dirt":793,"minecraft:cobweb":25,"minecraft:gold_ore":2,"minecraft:deepslate":46},"minecraft:used":{"minecraft:stone_sword":65,"minecraft:iron_shovel":1574,"minecraft:shield":67,"tacz:gun_smith_table":6,"minecraft:stone":1,"minecraft:iron_sword":49,"minecraft:torch":34,"minecraft:dirt":709,"minecraft:oak_stairs":11,"minecraft:grass_block":5,"minecraft:furnace":3,"minecraft:cobbled_deepslate":30,"minecraft:cooked_mutton":55,"minecraft:stone_pickaxe":42,"minecraft:oak_planks":2,"minecraft:stonecutter":1,"minecraft:green_bed":2,"minecraft:golden_apple":1,"minecraft:sand":12,"minecraft:oak_slab":2,"minecraft:lime_bed":6,"minecraft:crafting_table":2,"minecraft:cobbled_deepslate_stairs":86,"minecraft:oak_log":85,"waystones:waystone":3,"minecraft:diamond_pickaxe":166,"minecraft:apple":1,"minecraft:iron_pickaxe":500,"quark:jasper":1,"minecraft:stone_axe":105,"minecraft:cobbled_deepslate_slab":15,"minecraft:cobblestone":56,"minecraft:chain":3,"quark:oak_chest":9,"minecraft:oak_boat":1},"minecraft:picked_up":{"minecraft:crafting_table":3,"minecraft:azure_bluet":8,"minecraft:chicken":2,"minecraft:lead":2,"minecraft:oak_stairs":1,"gravestone:obituary":11,"minecraft:cornflower":4,"minecraft:string":27,"minecraft:raw_copper":373,"tacz:ammo":274,"minecraft:zombie_head":1,"minecraft:oak_sign":1,"minecraft:cobbled_deepslate":54,"minecraft:oak_boat":1,"minecraft:poppy":1,"minecraft:sugar_cane":12,"minecraft:furnace":1,"minecraft:egg":9,"minecraft:stick":22,"minecraft:raw_iron":108,"minecraft:sandstone":17,"minecraft:oak_fence":8,"minecraft:torch":16,"minecraft:green_bed":2,"sophisticatedbackpacks:backpack":3,"minecraft:porkchop":7,"minecraft:diorite":17,"minecraft:redstone":34,"minecraft:iron_horse_armor":1,"minecraft:tnt":2,"minecraft:stone_sword":1,"minecraft:arrow":15,"minecraft:cactus":3,"minecraft:rotten_flesh":11,"minecraft:obsidian":4,"minecraft:rail":4,"minecraft:cobblestone":254,"minecraft:oxeye_daisy":5,"minecraft:birch_log":13,"minecraft:lime_bed":7,"minecraft:feather":3,"minecraft:andesite":8,"minecraft:oak_log":66,"minecraft:cobbled_deepslate_stairs":10,"minecraft:gunpowder":11,"minecraft:lapis_lazuli":14,"minecraft:dirt":1701,"quark:forgotten_hat":1,"minecraft:name_tag":1,"minecraft:bone":16,"minecraft:apple":1,"minecraft:cobbled_deepslate_slab":5,"minecraft:wheat_seeds":47,"minecraft:raw_gold":9,"minecraft:stone_pickaxe":1,"minecraft:iron_ingot":2,"minecraft:rabbit":1,"minecraft:glowstone_dust":2,"tacz:gun_smith_table":5,"minecraft:oak_planks":2,"minecraft:dandelion":26,"minecraft:gravel":8,"minecraft:sand":52,"minecraft:spider_eye":2,"quark:jasper":1,"minecraft:diamond":11,"minecraft:stone_axe":1,"tacz:modern_kinetic_gun":9,"waystones:waystone":1,"minecraft:granite":2,"minecraft:bread":18,"minecraft:oak_sapling":20,"minecraft:coal":103,"minecraft:ender_pearl":2}},"DataVersion":3465}