{"stats":{"minecraft:mined":{"minecraft:birch_log":11,"minecraft:grass":1,"minecraft:oak_log":11,"minecraft:redstone_wall_torch":2},"minecraft:custom":{"minecraft:mob_kills":19,"minecraft:leave_game":1,"minecraft:time_since_death":104514,"minecraft:climb_one_cm":3390,"minecraft:time_since_rest":104557,"minecraft:waystone_activated":5,"minecraft:sprint_one_cm":84072,"minecraft:damage_taken":60,"minecraft:walk_one_cm":257413,"minecraft:drop":11,"minecraft:damage_dealt":40,"minecraft:fly_one_cm":1069309,"minecraft:player_kills":1,"minecraft:open_chest":5,"minecraft:crouch_one_cm":74639,"minecraft:play_time":212977,"minecraft:deaths":1,"minecraft:sneak_time":28615,"minecraft:walk_under_water_one_cm":19324,"minecraft:jump":991,"minecraft:walk_on_water_one_cm":23706,"minecraft:total_world_time":212977,"minecraft:fall_one_cm":4160},"minecraft:used":{"minecraft:deepslate_brick_wall":17,"mcwlights:wall_lantern":1,"minecraft:dark_oak_stairs":115,"minecraft:iron_bars":6,"minecraft:spruce_door":2,"quark:cobblestone_bricks":23,"mcwlights:gray_ceiling_light":2,"minecraft:spruce_planks":38,"minecraft:chest":1,"minecraft:stone":63,"minecraft:sugar_cane":5,"mcwlights:iron_chandelier":3,"minecraft:deepslate_bricks":465,"minecraft:white_wool":10,"minecraft:torch":2,"minecraft:dark_oak_trapdoor":139,"minecraft:dirt":284,"minecraft:sand":240,"minecraft:stripped_dark_oak_log":1141,"mcwlights:soul_dark_oak_tiki_torch":1,"minecraft:spruce_stairs":19,"minecraft:dark_oak_fence_gate":15,"minecraft:campfire":6,"minecraft:white_bed":1,"minecraft:deepslate_tile_slab":4,"minecraft:deepslate_brick_slab":193,"mcwlights:double_street_lamp":3,"mcwlights:iron_small_chandelier":4,"quark:andesite_bricks_slab":8,"minecraft:spruce_log":228,"minecraft:dark_oak_door":1,"minecraft:stripped_spruce_log":87,"minecraft:deepslate_brick_stairs":781,"minecraft:deepslate_tile_wall":1,"minecraft:deepslate_tiles":281,"minecraft:oak_log":20,"waystones:waystone":3,"minecraft:dark_oak_planks":83,"mcwlights:iron_wall_candle_holder":8,"minecraft:dark_oak_log":2,"minecraft:lantern":7,"minecraft:grass_block":151,"quark:cobblestone_bricks_stairs":46,"minecraft:dark_oak_leaves":120,"minecraft:dark_oak_slab":24,"minecraft:spruce_trapdoor":39,"minecraft:stone_axe":8,"minecraft:deepslate_tile_stairs":19,"quark:spruce_ladder":20,"minecraft:dark_oak_fence":63,"minecraft:chain":8,"minecraft:glass_pane":137,"quark:dark_oak_ladder":2},"minecraft:picked_up":{"minecraft:birch_log":11,"minecraft:azure_bluet":3,"minecraft:andesite":3,"minecraft:flint":1,"minecraft:oak_log":7,"gravestone:obituary":3,"minecraft:dirt":382,"minecraft:wheat_seeds":36,"minecraft:poppy":2,"minecraft:birch_sapling":6,"minecraft:egg":2,"minecraft:stick":7,"minecraft:dandelion":6,"minecraft:gravel":32,"minecraft:sand":23,"minecraft:grass_block":1,"minecraft:spider_eye":1,"tacz:modern_kinetic_gun":2,"minecraft:cobblestone":72},"minecraft:dropped":{"minecraft:grass_block":2,"minecraft:stone":1,"minecraft:chest":1,"gravestone:obituary":4,"tacz:modern_kinetic_gun":3},"minecraft:killed":{"naturalist:butterfly":1,"minecraft:spider":1,"enemyexpansion:direwolf":1,"minecraft:glow_squid":16}},"DataVersion":3465}