{"stats":{"minecraft:dropped":{"sophisticatedbackpacks:iron_backpack":1,"minecraft:bread":12,"minecraft:wheat_seeds":2,"minecraft:cobblestone":18,"minecraft:red_stained_glass":15,"minecraft:saddle":1,"minecraft:coal":37,"minecraft:stick":11,"minecraft:oxeye_daisy":1,"minecraft:dirt":341,"minecraft:diorite":3,"minecraft:torch":7,"minecraft:cornflower":2,"minecraft:rabbit":1,"gravestone:obituary":31,"tacz:modern_kinetic_gun":11,"minecraft:sand":1,"minecraft:string":45,"minecraft:redstone":3,"minecraft:dandelion":9,"minecraft:bone":4,"minecraft:gravel":4,"minecraft:stone_axe":1,"minecraft:stone_sword":1,"minecraft:raw_iron":3,"minecraft:oak_planks":5,"sophisticatedbackpacks:backpack":3,"minecraft:cooked_mutton":26,"minecraft:azure_bluet":2,"minecraft:lime_bed":1,"minecraft:gunpowder":9,"minecraft:andesite":7,"tacz:ammo":874,"minecraft:arrow":6,"minecraft:wooden_pickaxe":1,"minecraft:stone_pickaxe":1,"waystones:waystone":1},"minecraft:killed_by":{"minecraft:player":17,"minecraft:creeper":1,"minecraft:spider":1,"minecraft:enderman":1,"quark:toretoise":1,"man:managgresive":1,"minecraft:skeleton":6,"minecraft:zombie":2},"minecraft:custom":{"minecraft:mob_kills":120,"minecraft:interact_with_crafting_table":62,"minecraft:bell_ring":5,"minecraft:damage_dealt_resisted":403,"minecraft:leave_game":15,"minecraft:time_since_death":65526,"minecraft:climb_one_cm":146,"minecraft:sprint_one_cm":673439,"minecraft:walk_one_cm":1263074,"minecraft:damage_blocked_by_shield":2185,"minecraft:drop":127,"minecraft:damage_dealt_absorbed":159,"minecraft:play_time":520976,"minecraft:sneak_time":21526,"minecraft:deaths":31,"minecraft:walk_under_water_one_cm":36828,"minecraft:boat_one_cm":137058,"minecraft:jump":5650,"minecraft:walk_on_water_one_cm":37903,"minecraft:total_world_time":520976,"minecraft:interact_with_furnace":153,"minecraft:interact_with_stonecutter":6,"minecraft:sleep_in_bed":27,"minecraft:time_since_rest":17231,"minecraft:waystone_activated":12,"minecraft:damage_taken":12796,"minecraft:damage_absorbed":40,"minecraft:damage_dealt":4821,"minecraft:player_kills":10,"minecraft:swim_one_cm":32142,"minecraft:fly_one_cm":1645030,"minecraft:open_chest":419,"minecraft:crouch_one_cm":59596,"minecraft:fall_one_cm":140529,"minecraft:horse_one_cm":77110},"minecraft:crafted":{"minecraft:oak_planks":168,"minecraft:iron_nugget":45,"minecraft:chain":3,"minecraft:furnace":2,"sophisticatedbackpacks:stack_upgrade_starter_tier":1,"sophisticatedbackpacks:crafting_upgrade":1,"minecraft:iron_bars":16,"minecraft:deepslate_brick_stairs":3,"minecraft:iron_axe":1,"minecraft:chest":1,"minecraft:oak_button":1,"minecraft:copper_block":11,"quark:spruce_chest":1,"sophisticatedbackpacks:iron_backpack":1,"minecraft:oak_slab":6,"minecraft:deepslate":43,"minecraft:spruce_planks":20,"minecraft:iron_helmet":1,"minecraft:iron_sword":1,"tacz:gun_smith_table":1,"minecraft:copper_ingot":157,"sophisticatedbackpacks:gold_backpack":1,"minecraft:deepslate_tiles":2,"sophisticatedbackpacks:upgrade_base":2,"minecraft:air":0,"minecraft:blue_dye":1,"securitycraft:dirt_mine":4,"minecraft:diamond_pickaxe":1,"sophisticatedbackpacks:diamond_backpack":1,"minecraft:stick":28,"quark:oak_chest":5,"minecraft:iron_ingot":92,"minecraft:iron_pickaxe":2,"minecraft:iron_block":1,"minecraft:iron_shovel":6,"minecraft:gold_ingot":5,"minecraft:torch":48,"minecraft:deepslate_bricks":3},"minecraft:killed":{"minecraft:cave_spider":14,"minecraft:witch":4,"minecraft:spider":3,"quark:toretoise":1,"quark:forgotten":4,"minecraft:skeleton":33,"minecraft:horse":1,"minecraft:chicken":2,"minecraft:camel":1,"minecraft:pig":4,"minecraft:bat":1,"minecraft:wandering_trader":1,"minecraft:creeper":15,"minecraft:sheep":1,"minecraft:trader_llama":2,"minecraft:pillager":8,"minecraft:zombie":19,"minecraft:enderman":3,"minecraft:cow":1},"minecraft:broken":{"minecraft:iron_shovel":6,"minecraft:stone_axe":1,"minecraft:iron_pickaxe":1},"minecraft:mined":{"minecraft:deepslate_diamond_ore":11,"minecraft:cobbled_deepslate_stairs":11,"minecraft:obsidian":9,"minecraft:granite":3,"gravestone:gravestone":27,"minecraft:cobbled_deepslate_slab":13,"minecraft:grass_block":738,"tacz:gun_smith_table":5,"minecraft:oxeye_daisy":4,"minecraft:sandstone":19,"quark:jasper":1,"minecraft:furnace":1,"minecraft:iron_ore":69,"minecraft:cobbled_deepslate":9,"minecraft:andesite":8,"minecraft:stripped_spruce_log":53,"minecraft:azure_bluet":5,"minecraft:deepslate_iron_ore":25,"minecraft:oak_stairs":3,"minecraft:stone":243,"minecraft:green_bed":2,"minecraft:deepslate_redstone_ore":6,"minecraft:oak_slab":2,"minecraft:dandelion":20,"minecraft:cornflower":2,"minecraft:crafting_table":3,"minecraft:torch":14,"minecraft:dead_bush":15,"minecraft:copper_ore":108,"minecraft:tall_grass":7,"minecraft:cobblestone":12,"minecraft:deepslate_gold_ore":6,"minecraft:lapis_ore":1,"minecraft:oak_planks":2,"minecraft:sugar_cane":8,"minecraft:diorite":11,"minecraft:wall_torch":1,"minecraft:cactus":1,"minecraft:lime_bed":5,"minecraft:birch_log":13,"minecraft:spruce_log":3,"minecraft:grass":251,"minecraft:oak_log":69,"minecraft:coal_ore":88,"quark:spruce_chest":2,"minecraft:gravel":4,"minecraft:dirt":794,"minecraft:sand":28,"minecraft:cobweb":25,"minecraft:gold_ore":2,"minecraft:oak_leaves":3,"minecraft:deepslate":46},"minecraft:used":{"minecraft:stone_sword":65,"minecraft:iron_shovel":1576,"minecraft:spruce_slab":7,"minecraft:spruce_planks":40,"minecraft:shield":67,"tacz:gun_smith_table":8,"minecraft:stone":3,"minecraft:iron_sword":54,"minecraft:spruce_leaves":2,"minecraft:torch":62,"minecraft:dirt":1087,"minecraft:spruce_stairs":60,"minecraft:cobblestone_wall":4,"minecraft:deepslate_brick_slab":13,"minecraft:spruce_fence":4,"minecraft:stripped_spruce_log":319,"minecraft:dark_oak_planks":4,"quark:deepslate_furnace":5,"quark:spruce_chest":4,"minecraft:iron_axe":134,"minecraft:oak_stairs":11,"minecraft:grass_block":61,"minecraft:dark_oak_slab":4,"minecraft:stone_bricks":51,"securitycraft:dirt_mine":6,"minecraft:furnace":8,"minecraft:cobbled_deepslate":77,"minecraft:cobbled_deepslate_wall":18,"minecraft:cooked_mutton":60,"minecraft:dark_oak_stairs":13,"minecraft:spruce_door":1,"quark:cobblestone_bricks":14,"minecraft:stone_pickaxe":42,"minecraft:oak_planks":7,"minecraft:sugar_cane":13,"minecraft:green_bed":2,"minecraft:stonecutter":3,"minecraft:deepslate_bricks":241,"minecraft:golden_apple":1,"minecraft:stripped_dark_oak_log":3,"minecraft:sand":12,"minecraft:oak_slab":2,"minecraft:lime_bed":6,"minecraft:crafting_table":2,"minecraft:white_bed":3,"minecraft:spruce_log":222,"minecraft:cobbled_deepslate_stairs":86,"minecraft:deepslate_brick_stairs":21,"minecraft:deepslate_tiles":39,"minecraft:oak_log":157,"waystones:waystone":3,"minecraft:diamond_pickaxe":181,"minecraft:apple":1,"minecraft:dark_oak_log":5,"minecraft:bread":1,"minecraft:iron_pickaxe":500,"minecraft:spruce_trapdoor":48,"quark:jasper":1,"minecraft:deepslate":10,"minecraft:gravel":28,"minecraft:spruce_sapling":34,"minecraft:stone_axe":138,"minecraft:cobbled_deepslate_slab":15,"minecraft:cobblestone":63,"minecraft:chain":3,"minecraft:glass_pane":24,"quark:oak_chest":15,"minecraft:oak_boat":1,"minecraft:bone_meal":89},"minecraft:picked_up":{"minecraft:crafting_table":4,"minecraft:azure_bluet":8,"minecraft:chicken":2,"minecraft:lead":2,"minecraft:oak_stairs":3,"gravestone:obituary":11,"minecraft:cornflower":4,"minecraft:string":29,"minecraft:raw_copper":373,"tacz:ammo":319,"minecraft:zombie_head":1,"minecraft:glass_pane":1,"minecraft:oak_sign":1,"minecraft:deepslate_tiles":66,"quark:spruce_chest":2,"minecraft:cobbled_deepslate":341,"minecraft:oak_boat":1,"minecraft:poppy":1,"minecraft:sugar_cane":17,"minecraft:furnace":1,"minecraft:egg":9,"minecraft:stick":22,"minecraft:raw_iron":108,"minecraft:sandstone":17,"minecraft:oak_fence":8,"minecraft:torch":20,"minecraft:green_bed":2,"sophisticatedbackpacks:backpack":3,"minecraft:porkchop":7,"tacz:attachment":7,"minecraft:diorite":17,"minecraft:redstone":34,"minecraft:iron_horse_armor":1,"minecraft:tnt":2,"minecraft:stone_sword":1,"minecraft:arrow":16,"minecraft:cactus":3,"minecraft:rotten_flesh":12,"minecraft:deepslate_bricks":131,"minecraft:deepslate_brick_stairs":3,"minecraft:obsidian":9,"minecraft:rail":4,"minecraft:cobblestone":254,"minecraft:oxeye_daisy":5,"minecraft:birch_log":13,"minecraft:lime_bed":7,"minecraft:feather":3,"minecraft:andesite":8,"minecraft:oak_log":66,"minecraft:cobbled_deepslate_stairs":11,"minecraft:gunpowder":13,"minecraft:lapis_lazuli":14,"minecraft:dirt":1745,"quark:forgotten_hat":1,"minecraft:name_tag":1,"minecraft:bone":18,"minecraft:apple":1,"minecraft:wheat_seeds":47,"minecraft:raw_gold":9,"minecraft:cobbled_deepslate_slab":15,"minecraft:iron_ingot":2,"minecraft:stone_pickaxe":1,"minecraft:rabbit":1,"minecraft:glowstone_dust":2,"tacz:gun_smith_table":6,"minecraft:oak_planks":2,"minecraft:oak_slab":2,"minecraft:dandelion":26,"minecraft:gravel":8,"minecraft:sand":52,"minecraft:stripped_spruce_log":53,"minecraft:spruce_log":3,"minecraft:spider_eye":2,"quark:jasper":1,"quark:cobblestone_bricks":65,"minecraft:diamond":11,"minecraft:deepslate":43,"minecraft:stone_axe":1,"tacz:modern_kinetic_gun":11,"waystones:waystone":1,"minecraft:granite":2,"minecraft:bread":18,"minecraft:oak_sapling":20,"minecraft:coal":103,"minecraft:ender_pearl":2}},"DataVersion":3465}