{"stats":{"minecraft:picked_up":{"minecraft:lead":2,"minecraft:oak_stairs":3,"minecraft:string":29,"minecraft:raw_copper":373,"minecraft:soul_soil":4,"minecraft:zombie_head":1,"minecraft:oak_sign":1,"minecraft:deepslate_tiles":66,"minecraft:cobbled_deepslate":341,"comforts:sleeping_bag_white":1,"minecraft:furnace":1,"minecraft:stick":22,"minecraft:oak_fence":8,"minecraft:torch":20,"minecraft:green_bed":2,"minecraft:porkchop":7,"tacz:attachment":7,"minecraft:diorite":17,"minecraft:stone_sword":1,"minecraft:cactus":3,"minecraft:rotten_flesh":12,"minecraft:deepslate_brick_stairs":3,"minecraft:obsidian":9,"minecraft:cod":6,"minecraft:cobblestone":263,"minecraft:birch_log":13,"minecraft:feather":3,"minecraft:andesite":8,"minecraft:tuff":31,"minecraft:lantern":1,"minecraft:dirt":1759,"minecraft:lapis_lazuli":14,"minecraft:name_tag":1,"minecraft:bone":18,"minecraft:wheat_seeds":47,"minecraft:raw_gold":9,"minecraft:cobbled_deepslate_slab":15,"minecraft:rabbit":1,"quark:soul_bead":2,"minecraft:glowstone_dust":2,"tacz:gun_smith_table":6,"minecraft:oak_planks":2,"minecraft:ghast_tear":1,"minecraft:sand":52,"minecraft:stripped_spruce_log":53,"quark:jasper":1,"minecraft:diamond":11,"minecraft:deepslate":43,"waystones:waystone":1,"minecraft:granite":2,"minecraft:bread":18,"minecraft:oak_sapling":20,"minecraft:netherrack":4,"minecraft:crafting_table":4,"minecraft:azure_bluet":8,"minecraft:chicken":2,"gravestone:obituary":11,"minecraft:cornflower":4,"tacz:ammo":319,"minecraft:glass_pane":1,"quark:spruce_chest":2,"minecraft:oak_boat":1,"minecraft:poppy":1,"minecraft:sugar_cane":19,"minecraft:egg":10,"minecraft:raw_iron":108,"minecraft:sandstone":17,"sophisticatedbackpacks:backpack":3,"minecraft:redstone":34,"minecraft:iron_horse_armor":1,"minecraft:tnt":2,"minecraft:arrow":17,"minecraft:deepslate_bricks":131,"minecraft:mutton":4,"minecraft:white_wool":3,"minecraft:rail":4,"minecraft:oxeye_daisy":5,"minecraft:lime_bed":7,"minecraft:salmon":3,"minecraft:leather":5,"minecraft:oak_log":66,"minecraft:cobbled_deepslate_stairs":11,"minecraft:gunpowder":13,"quark:forgotten_hat":1,"minecraft:apple":1,"minecraft:stone_pickaxe":1,"minecraft:iron_ingot":2,"minecraft:soul_sand":6,"minecraft:oak_slab":2,"minecraft:quartz":11,"minecraft:dandelion":26,"minecraft:gravel":8,"minecraft:spruce_log":3,"minecraft:spider_eye":2,"quark:cobblestone_bricks":65,"tacz:modern_kinetic_gun":12,"minecraft:stone_axe":1,"minecraft:coal":107,"minecraft:ender_pearl":2},"minecraft:mined":{"minecraft:cobbled_deepslate_stairs":11,"minecraft:obsidian":9,"minecraft:granite":3,"minecraft:grass_block":738,"minecraft:soul_soil":4,"tacz:gun_smith_table":5,"minecraft:oxeye_daisy":4,"minecraft:iron_ore":69,"minecraft:cobbled_deepslate":9,"minecraft:azure_bluet":5,"minecraft:oak_stairs":3,"minecraft:green_bed":2,"minecraft:deepslate_redstone_ore":6,"minecraft:soul_fire":2,"minecraft:torch":14,"minecraft:dead_bush":15,"minecraft:nether_quartz_ore":12,"minecraft:cobblestone":16,"minecraft:sugar_cane":8,"minecraft:oak_planks":2,"minecraft:wall_torch":1,"minecraft:birch_log":13,"minecraft:grass":251,"minecraft:oak_log":69,"minecraft:sand":28,"minecraft:dirt":794,"minecraft:netherrack":4,"minecraft:oak_leaves":3,"minecraft:deepslate":46,"minecraft:deepslate_diamond_ore":11,"gravestone:gravestone":30,"minecraft:cobbled_deepslate_slab":13,"minecraft:sandstone":19,"quark:jasper":1,"minecraft:furnace":1,"minecraft:andesite":8,"minecraft:stripped_spruce_log":53,"minecraft:deepslate_iron_ore":25,"minecraft:stone":246,"minecraft:oak_slab":2,"minecraft:soul_sand":6,"minecraft:dandelion":20,"minecraft:crafting_table":3,"minecraft:cornflower":2,"minecraft:tall_grass":7,"minecraft:copper_ore":108,"minecraft:lapis_ore":1,"minecraft:deepslate_gold_ore":6,"minecraft:diorite":11,"minecraft:lime_bed":5,"minecraft:cactus":1,"minecraft:spruce_log":3,"minecraft:coal_ore":88,"quark:spruce_chest":2,"minecraft:gravel":4,"minecraft:cobweb":25,"minecraft:gold_ore":2},"minecraft:killed":{"minecraft:cave_spider":14,"minecraft:witch":4,"minecraft:spider":3,"quark:forgotten":4,"minecraft:skeleton":36,"minecraft:chicken":2,"minecraft:camel":1,"minecraft:magma_cube":14,"minecraft:pig":4,"minecraft:salmon":1,"minecraft:creeper":15,"minecraft:sheep":5,"minecraft:trader_llama":2,"minecraft:pillager":8,"minecraft:zombie":19,"minecraft:ghast":1,"minecraft:cow":1,"quark:toretoise":1,"minecraft:zoglin":1,"minecraft:horse":1,"quark:foxhound":5,"minecraft:bat":1,"minecraft:wandering_trader":1,"minecraft:wither_skeleton":1,"quark:wraith":6,"minecraft:enderman":3},"minecraft:broken":{"minecraft:iron_shovel":6,"minecraft:stone_axe":1,"minecraft:iron_pickaxe":1},"minecraft:dropped":{"sophisticatedbackpacks:iron_backpack":1,"minecraft:saddle":1,"minecraft:dirt":341,"minecraft:cornflower":2,"gravestone:obituary":33,"minecraft:sand":1,"minecraft:iron_pickaxe":1,"minecraft:bone":4,"minecraft:gravel":4,"minecraft:stone_axe":1,"minecraft:oak_planks":5,"minecraft:cooked_mutton":26,"minecraft:azure_bluet":2,"minecraft:lime_bed":1,"minecraft:gunpowder":9,"minecraft:arrow":6,"minecraft:bread":12,"minecraft:wheat_seeds":2,"minecraft:cobblestone":18,"minecraft:red_stained_glass":15,"tacz:gun_smith_table":1,"minecraft:coal":37,"minecraft:stick":11,"minecraft:oxeye_daisy":1,"minecraft:diorite":3,"minecraft:torch":7,"minecraft:rabbit":1,"tacz:modern_kinetic_gun":12,"minecraft:string":45,"minecraft:dandelion":9,"minecraft:redstone":3,"minecraft:stone_sword":1,"minecraft:raw_iron":3,"sophisticatedbackpacks:backpack":3,"minecraft:andesite":7,"tacz:ammo":874,"minecraft:stone_pickaxe":1,"minecraft:wooden_pickaxe":1,"waystones:waystone":1},"minecraft:killed_by":{"minecraft:creeper":1,"man:managgresive":1,"minecraft:zombie":2,"minecraft:player":19,"minecraft:spider":1,"minecraft:enderman":1,"quark:toretoise":1,"minecraft:skeleton":6},"minecraft:custom":{"minecraft:interact_with_crafting_table":62,"minecraft:bell_ring":5,"minecraft:leave_game":21,"minecraft:time_since_death":94031,"minecraft:sprint_one_cm":759805,"minecraft:damage_blocked_by_shield":2260,"minecraft:drop":132,"minecraft:play_time":640341,"minecraft:deaths":35,"minecraft:jump":6594,"minecraft:walk_on_water_one_cm":44308,"minecraft:interact_with_furnace":153,"minecraft:sleep_in_bed":32,"minecraft:waystone_activated":12,"minecraft:damage_dealt":5140,"minecraft:player_kills":11,"minecraft:crouch_one_cm":74689,"minecraft:horse_one_cm":77110,"minecraft:mob_kills":156,"minecraft:damage_dealt_resisted":403,"minecraft:climb_one_cm":3992,"minecraft:walk_one_cm":1448814,"minecraft:damage_dealt_absorbed":159,"minecraft:sneak_time":27882,"minecraft:walk_under_water_one_cm":73370,"minecraft:boat_one_cm":137058,"minecraft:total_world_time":640341,"minecraft:interact_with_stonecutter":6,"minecraft:time_since_rest":4373,"minecraft:damage_taken":14110,"minecraft:damage_absorbed":40,"minecraft:swim_one_cm":34190,"minecraft:fly_one_cm":2061014,"minecraft:open_chest":458,"minecraft:fall_one_cm":156273},"minecraft:used":{"minecraft:iron_shovel":1586,"minecraft:spruce_slab":7,"minecraft:shield":68,"minecraft:stone":4,"minecraft:iron_sword":63,"minecraft:iron_chestplate":1,"minecraft:spruce_leaves":87,"minecraft:soul_sand":3,"minecraft:deepslate_brick_slab":13,"minecraft:tuff":31,"minecraft:stripped_spruce_log":484,"quark:deepslate_furnace":5,"minecraft:lantern":17,"minecraft:grass_block":62,"minecraft:iron_helmet":1,"minecraft:dark_oak_slab":109,"benssharks:greatwhiteshark_spawn_egg":3,"minecraft:stone_bricks":61,"minecraft:furnace":8,"minecraft:deepslate_brick_wall":18,"minecraft:dark_oak_stairs":66,"minecraft:spruce_door":4,"minecraft:stone_pickaxe":42,"minecraft:oak_planks":7,"minecraft:sugar_cane":13,"minecraft:golden_apple":1,"minecraft:sand":14,"minecraft:cobbled_deepslate_stairs":86,"minecraft:deepslate_brick_stairs":43,"minecraft:deepslate_tiles":126,"waystones:waystone":3,"minecraft:dark_oak_log":5,"minecraft:bread":1,"quark:jasper":1,"quark:soul_bead":1,"minecraft:deepslate":10,"minecraft:gravel":28,"minecraft:dark_oak_fence":35,"minecraft:chain":12,"minecraft:oak_boat":1,"minecraft:bone_meal":89,"minecraft:iron_bars":8,"minecraft:stone_sword":65,"minecraft:cracked_deepslate_bricks":67,"tacz:gun_smith_table":8,"minecraft:spruce_planks":40,"minecraft:netherrack":4,"minecraft:torch":63,"minecraft:dirt":1100,"minecraft:spruce_stairs":60,"minecraft:cobblestone_wall":4,"minecraft:spruce_fence":9,"minecraft:dark_oak_planks":4,"quark:spruce_chest":4,"minecraft:iron_axe":134,"minecraft:oak_stairs":11,"minecraft:iron_boots":1,"minecraft:soul_soil":4,"securitycraft:dirt_mine":6,"comforts:sleeping_bag_white":1,"minecraft:cobbled_deepslate":77,"minecraft:iron_leggings":1,"minecraft:cobbled_deepslate_wall":80,"minecraft:cooked_mutton":67,"benssharks:blacktip_reef_shark_bucket":4,"quark:cobblestone_bricks":25,"minecraft:stonecutter":3,"minecraft:green_bed":2,"minecraft:deepslate_bricks":479,"minecraft:stripped_dark_oak_log":3,"minecraft:crafting_table":2,"minecraft:oak_slab":2,"minecraft:lime_bed":6,"minecraft:white_bed":3,"minecraft:spruce_log":253,"minecraft:oak_log":157,"minecraft:diamond_pickaxe":204,"minecraft:apple":1,"minecraft:iron_pickaxe":500,"minecraft:spruce_trapdoor":65,"minecraft:spruce_sapling":34,"minecraft:stone_axe":138,"minecraft:cobblestone":63,"minecraft:cobbled_deepslate_slab":15,"quark:spruce_ladder":12,"minecraft:glass_pane":42,"quark:oak_chest":15},"minecraft:crafted":{"minecraft:oak_planks":168,"minecraft:chain":3,"sophisticatedbackpacks:crafting_upgrade":1,"minecraft:iron_bars":16,"minecraft:deepslate_brick_stairs":3,"minecraft:chest":1,"minecraft:oak_button":1,"minecraft:copper_block":11,"minecraft:oak_slab":6,"minecraft:deepslate":43,"minecraft:spruce_planks":20,"minecraft:iron_helmet":1,"minecraft:copper_ingot":157,"sophisticatedbackpacks:upgrade_base":2,"minecraft:diamond_pickaxe":1,"sophisticatedbackpacks:diamond_backpack":1,"minecraft:stick":28,"quark:oak_chest":5,"minecraft:iron_pickaxe":2,"minecraft:iron_ingot":92,"minecraft:iron_block":1,"minecraft:gold_ingot":5,"minecraft:deepslate_bricks":3,"minecraft:iron_nugget":45,"comforts:sleeping_bag_white":1,"minecraft:furnace":2,"sophisticatedbackpacks:stack_upgrade_starter_tier":1,"minecraft:iron_axe":1,"quark:spruce_chest":1,"sophisticatedbackpacks:iron_backpack":1,"minecraft:iron_sword":1,"tacz:gun_smith_table":1,"sophisticatedbackpacks:gold_backpack":1,"minecraft:deepslate_tiles":2,"minecraft:air":0,"securitycraft:dirt_mine":4,"minecraft:blue_dye":1,"minecraft:iron_shovel":6,"minecraft:torch":48}},"DataVersion":3465}