{"stats":{"minecraft:mined":{"quark:hollow_birch_log":1,"minecraft:pumpkin":5,"minecraft:moss_carpet":1,"minecraft:crafting_table":1,"gravestone:gravestone":4,"minecraft:grass":7,"minecraft:oak_log":9,"minecraft:tall_grass":6,"minecraft:stone":20,"minecraft:oak_leaves":1,"minecraft:fern":1},"minecraft:dropped":{"minecraft:stone_axe":1,"gravestone:obituary":2},"minecraft:custom":{"minecraft:time_since_rest":1594,"minecraft:sprint_one_cm":26277,"minecraft:damage_taken":1165,"minecraft:walk_one_cm":32235,"minecraft:mob_kills":2,"minecraft:drop":3,"minecraft:damage_dealt":466,"minecraft:interact_with_crafting_table":2,"minecraft:fly_one_cm":44093,"minecraft:crouch_one_cm":2282,"minecraft:play_time":23491,"minecraft:deaths":4,"minecraft:sneak_time":741,"minecraft:jump":262,"minecraft:leave_game":1,"minecraft:time_since_death":1568,"minecraft:climb_one_cm":140,"minecraft:total_world_time":23491,"minecraft:fall_one_cm":9193},"minecraft:used":{"minecraft:grass_block":3,"minecraft:wooden_pickaxe":20,"minecraft:stone_axe":17,"minecraft:crafting_table":1},"minecraft:picked_up":{"minecraft:crafting_table":1,"minecraft:pumpkin":5,"minecraft:oak_log":7,"gravestone:obituary":1,"ancient_elements:aetherial_shard":2,"minecraft:stone_axe":1,"minecraft:wheat_seeds":3,"quark:hollow_birch_log":1,"minecraft:oak_sapling":2,"minecraft:cobblestone":20,"ancient_elements:aero_charge":5},"minecraft:killed_by":{"ancient_elements:aetherial_glaze":4},"minecraft:crafted":{"minecraft:oak_planks":28,"minecraft:crafting_table":1,"minecraft:stick":8,"minecraft:wooden_pickaxe":1,"minecraft:stone_pickaxe":1,"minecraft:stone_axe":1},"minecraft:killed":{"ancient_elements:aetherial_glaze":2}},"DataVersion":3465}