{"stats":{"minecraft:crafted":{"minecraft:spruce_button":1,"minecraft:furnace":1,"minecraft:stone_pickaxe":1,"minecraft:spruce_boat":1,"minecraft:cooked_porkchop":2,"minecraft:crafting_table":2,"minecraft:spruce_planks":128,"minecraft:wooden_pickaxe":1,"minecraft:stone_axe":1,"minecraft:air":0,"minecraft:stick":12,"minecraft:iron_ingot":11,"minecraft:iron_pickaxe":2,"boatload:large_spruce_boat":1},"minecraft:picked_up":{"minecraft:crafting_table":5,"minecraft:wheat":10,"minecraft:redstone_block":1,"born_in_chaos_v1:river_mint":1,"minecraft:stone_slab":3,"minecraft:stone_brick_stairs":1,"gravestone:obituary":1,"minecraft:shield":2,"minecraft:string":1,"minecraft:raw_copper":116,"spartanweaponry:iron_quarterstaff":1,"minecraft:spruce_planks":4,"minecraft:beef":2,"sawmill:sawmill":1,"minecraft:rose_bush":1,"minecraft:poppy":2,"minecraft:iron_pickaxe":1,"minecraft:furnace":2,"minecraft:golden_helmet":1,"minecraft:stick":2,"minecraft:raw_iron":11,"minecraft:torch":5,"minecraft:porkchop":3,"ancient_elements:raw_tin":1,"vampirism:vampire_fang":1,"minecraft:redstone":1,"minecraft:red_tulip":1,"minecraft:iron_block":1,"minecraft:mutton":3,"minecraft:iron_bars":4,"minecraft:white_wool":1,"minecraft:cobblestone":33,"minecraft:brown_wool":2,"minecraft:leather":5,"minecraft:potato":1,"minecraft:tuff":6,"jeg:scrap":9,"minecraft:blue_bed":12,"minecraft:dirt":2,"minecraft:lantern":2,"man:cassette_1safetyinstructions":2,"minecraft:apple":1,"minecraft:stone_bricks":3,"minecraft:wheat_seeds":29,"vampirism:altar_pillar":1,"minecraft:raw_gold":9,"minecraft:iron_ingot":5,"minecraft:mossy_stone_bricks":1,"minecraft:iron_sword":1,"quark:shale":1,"minecraft:spruce_sapling":8,"minecraft:spruce_log":32,"vampirism:altar_infusion":1,"minecraft:iron_helmet":1,"minecraft:granite":128,"minecraft:emerald":2,"minecraft:coal":60},"minecraft:killed_by":{"minecraft:player":2},"minecraft:killed":{"minecraft:horse":2,"minecraft:pig":2,"naturalist:snake":1,"minecraft:iron_golem":1,"minecraft:sheep":2,"minecraft:cow":2},"minecraft:dropped":{"minecraft:iron_sword":1,"minecraft:wheat_seeds":1,"minecraft:golden_helmet":1,"minecraft:crafting_table":1,"minecraft:lantern":2,"man:cassette_1safetyinstructions":2,"minecraft:spruce_button":1,"minecraft:stick":4,"spartanweaponry:iron_quarterstaff":1,"minecraft:dirt":1,"spartanweaponry:iron_flanged_mace":1,"minecraft:torch":3,"minecraft:rose_bush":1,"minecraft:brown_wool":2,"gravestone:obituary":4,"farmersdelight:onion":4,"minecraft:iron_pickaxe":2,"paraglider:paraglider":2,"minecraft:string":1,"minecraft:white_wool":1,"minecraft:blue_bed":1,"vampirism:altar_infusion":1,"minecraft:furnace":1,"minecraft:raw_copper":58,"minecraft:tuff":6,"minecraft:stone_slab":3,"minecraft:poppy":2,"minecraft:shield":1,"vampirism:vampire_fang":1,"minecraft:mossy_stone_bricks":1,"minecraft:iron_bars":2,"minecraft:wooden_pickaxe":1,"minecraft:red_tulip":2},"minecraft:custom":{"minecraft:mob_kills":10,"minecraft:interact_with_crafting_table":7,"minecraft:open_barrel":4,"minecraft:leave_game":4,"minecraft:time_since_death":12480,"minecraft:climb_one_cm":1339,"minecraft:sprint_one_cm":258023,"minecraft:walk_one_cm":184888,"minecraft:drop":43,"minecraft:talked_to_villager":3,"minecraft:play_time":94109,"minecraft:deaths":3,"minecraft:sneak_time":3854,"minecraft:boat_one_cm":16478,"minecraft:jump":1595,"minecraft:walk_on_water_one_cm":429,"minecraft:total_world_time":94109,"minecraft:interact_with_furnace":15,"minecraft:interact_with_stonecutter":2,"minecraft:sleep_in_bed":5,"minecraft:time_since_rest":12515,"minecraft:waystone_activated":3,"minecraft:damage_taken":902,"minecraft:damage_dealt":2066,"minecraft:swim_one_cm":250,"minecraft:fly_one_cm":493146,"minecraft:player_kills":1,"minecraft:open_chest":35,"minecraft:crouch_one_cm":11903,"minecraft:fall_one_cm":36177},"minecraft:used":{"minecraft:spruce_planks":21,"minecraft:iron_sword":1,"minecraft:torch":9,"minecraft:dirt":1,"minecraft:mutton":3,"boatload:large_spruce_boat":1,"minecraft:red_tulip":1,"minecraft:iron_axe":14,"minecraft:stone_brick_stairs":1,"minecraft:stone_bricks":2,"minecraft:beef":2,"minecraft:furnace":2,"jeg:revolver":3,"minecraft:potato":36,"spartanweaponry:iron_quarterstaff":2,"minecraft:stone_pickaxe":88,"minecraft:wooden_pickaxe":23,"minecraft:blue_bed":10,"farmersdelight:onion":4,"minecraft:crafting_table":5,"spartanweaponry:iron_flanged_mace":4,"minecraft:apple":1,"minecraft:bread":3,"minecraft:iron_pickaxe":145,"vampirism:altar_pillar":1,"minecraft:stone_axe":59,"minecraft:cobblestone":8,"minecraft:cooked_porkchop":2},"minecraft:mined":{"minecraft:tuff":7,"minecraft:spruce_planks":4,"quark:shale":1,"vampirism:altar_pillar":1,"minecraft:glow_lichen":2,"gravestone:gravestone":3,"minecraft:granite":124,"minecraft:grass_block":2,"sawmill:sawmill":1,"minecraft:white_stained_glass":3,"minecraft:furnace":2,"minecraft:iron_ore":11,"ancient_elements:tin_ore":1,"minecraft:potatoes":2,"minecraft:red_tulip":1,"minecraft:iron_bars":2,"minecraft:stone":29,"minecraft:redstone_block":1,"jeg:scrap_ore":4,"minecraft:crafting_table":5,"minecraft:torch":1,"minecraft:rose_bush":1,"minecraft:stone_slab":3,"minecraft:cobblestone":4,"minecraft:copper_ore":17,"minecraft:tall_grass":4,"minecraft:deepslate_coal_ore":14,"minecraft:blue_bed":11,"minecraft:wall_torch":4,"minecraft:wheat":10,"minecraft:spruce_log":33,"born_in_chaos_v1:river_mint":1,"minecraft:grass":10,"minecraft:coal_ore":14,"minecraft:cobweb":1,"minecraft:cracked_stone_bricks":1,"minecraft:stone_bricks":3,"minecraft:mossy_stone_bricks":1,"minecraft:gold_ore":9}},"DataVersion":3465}