{"stats":{"minecraft:crafted":{"minecraft:oak_planks":36,"minecraft:crafting_table":1,"tacz:ammo_box":10,"sophisticatedbackpacks:diamond_backpack":2,"minecraft:stick":4},"minecraft:mined":{"minecraft:white_bed":1,"minecraft:grass_block":1,"minecraft:redstone_wall_torch":2,"minecraft:chest":1,"minecraft:birch_log":11,"minecraft:grass":1,"minecraft:oak_log":25,"minecraft:oak_leaves":1},"minecraft:used":{"mcwlights:wall_lantern":1,"minecraft:iron_bars":6,"mcwlights:gray_ceiling_light":4,"minecraft:spruce_slab":23,"securitycraft:keypad_chest":7,"minecraft:chest":16,"tacz:gun_smith_table":7,"minecraft:spruce_planks":56,"minecraft:stone":193,"mcwlights:iron_chandelier":3,"minecraft:torch":56,"minecraft:soul_sand":3,"minecraft:dirt":311,"minecraft:anvil":3,"mcwlights:soul_dark_oak_tiki_torch":1,"minecraft:spruce_stairs":21,"minecraft:deepslate_brick_slab":398,"minecraft:deepslate_tile_slab":4,"quark:stripped_ancient_log":2,"mcwlights:iron_small_chandelier":4,"minecraft:spruce_fence":136,"minecraft:stripped_spruce_log":88,"minecraft:dark_oak_planks":140,"quark:deepslate_brick_vertical_slab":26,"mcwlights:iron_wall_candle_holder":8,"minecraft:lava_bucket":23,"minecraft:stripped_dark_oak_wood":21,"minecraft:lantern":118,"minecraft:grass_block":281,"minecraft:dark_oak_leaves":124,"minecraft:dark_oak_slab":96,"minecraft:barrel":4,"minecraft:stone_bricks":13,"minecraft:glowstone":61,"minecraft:magma_block":3,"minecraft:dark_oak_pressure_plate":1,"minecraft:furnace":3,"minecraft:deepslate_tile_stairs":20,"comforts:sleeping_bag_white":3,"minecraft:cooked_beef":1,"quark:glowing_glass_item_frame":1,"quark:dark_oak_ladder":2,"minecraft:deepslate_brick_wall":45,"minecraft:cooked_mutton":4,"minecraft:dark_oak_stairs":195,"minecraft:water_bucket":158,"minecraft:spruce_door":3,"quark:cobblestone_bricks":156,"minecraft:gray_carpet":1,"quark:jungle_post":2,"quark:dark_oak_vertical_slab":4,"securitycraft:claymore":6,"minecraft:sugar_cane":5,"minecraft:stonecutter":1,"minecraft:spruce_fence_gate":12,"securitycraft:scanner_door_item":3,"minecraft:deepslate_bricks":1202,"minecraft:white_wool":10,"minecraft:dark_oak_trapdoor":176,"quark:spruce_hedge":20,"minecraft:sand":240,"minecraft:stripped_dark_oak_log":1263,"minecraft:blast_furnace":5,"minecraft:white_bed":4,"minecraft:campfire":6,"minecraft:dark_oak_fence_gate":24,"mcwlights:double_street_lamp":3,"tacz:target":3,"minecraft:spruce_log":346,"quark:andesite_bricks_slab":8,"quark:glass_item_frame":31,"minecraft:dark_oak_door":2,"minecraft:deepslate_brick_stairs":1080,"minecraft:deepslate_tile_wall":1,"minecraft:deepslate_tiles":393,"minecraft:oak_log":20,"waystones:waystone":5,"minecraft:dark_oak_log":2,"quark:spruce_post":12,"quark:cobblestone_bricks_stairs":46,"minecraft:spruce_trapdoor":138,"minecraft:stone_axe":8,"minecraft:diamond_sword":5,"quark:dark_oak_chest":34,"quark:spruce_ladder":28,"minecraft:dark_oak_fence":91,"minecraft:bucket":8,"minecraft:chain":61,"minecraft:glass_pane":164,"quark:oak_chest":2},"minecraft:picked_up":{"minecraft:azure_bluet":3,"minecraft:anvil":64,"minecraft:gold_block":4,"minecraft:enchanted_book":8,"gravestone:obituary":3,"minecraft:shield":1,"tacz:ammo":61,"comforts:sleeping_bag_white":2,"minecraft:beef":7,"minecraft:poppy":2,"minecraft:chest":1,"minecraft:birch_sapling":6,"minecraft:egg":2,"minecraft:stick":7,"minecraft:arrow":1,"minecraft:deepslate_bricks":5,"minecraft:deepslate_brick_stairs":1,"minecraft:cobblestone":72,"paraglider:paraglider":2,"minecraft:birch_log":11,"minecraft:cooked_beef":4,"minecraft:andesite":3,"minecraft:leather":4,"minecraft:flint":1,"minecraft:oak_log":16,"minecraft:gunpowder":3,"minecraft:dirt":487,"minecraft:lantern":5,"tacz:ammo_box":1,"minecraft:bone":1,"minecraft:gray_carpet":1,"minecraft:wheat_seeds":39,"sophisticatedbackpacks:diamond_backpack":3,"minecraft:sculk_catalyst":1,"quark:glass_item_frame":3,"minecraft:dandelion":6,"minecraft:gravel":32,"minecraft:sand":23,"minecraft:white_bed":1,"minecraft:grass_block":1,"minecraft:diamond_block":8,"minecraft:spider_eye":1,"tacz:modern_kinetic_gun":13,"minecraft:iron_helmet":1,"minecraft:oak_sapling":2,"minecraft:diamond_pickaxe":1},"minecraft:dropped":{"minecraft:iron_ingot":320,"minecraft:iron_sword":2,"minecraft:stripped_spruce_log":8,"minecraft:wheat_seeds":3,"minecraft:golden_helmet":1,"minecraft:cooked_beef":1,"minecraft:copper_block":136,"farmersdelight:skillet":1,"minecraft:diamond":11,"sophisticatedbackpacks:auto_smelting_upgrade":1,"minecraft:iron_helmet":3,"minecraft:grass_block":2,"quark:glass_item_frame":32,"minecraft:gold_block":32,"minecraft:dirt":7,"tacz:ammo_box":6,"minecraft:deepslate_brick_stairs":1,"minecraft:torch":8,"minecraft:iron_leggings":2,"gravestone:obituary":4,"tacz:modern_kinetic_gun":22,"minecraft:iron_axe":1,"sophisticatedbackpacks:stack_upgrade_tier_4":1,"minecraft:iron_pickaxe":1,"sophisticatedbackpacks:crafting_upgrade":1,"minecraft:iron_shovel":2,"paraglider:paraglider":4,"minecraft:gold_ingot":64,"minecraft:anvil":65,"minecraft:stone_axe":1,"minecraft:iron_boots":2,"minecraft:iron_hoe":1,"minecraft:glowstone_dust":4,"minecraft:glass_pane":2,"sophisticatedbackpacks:diamond_backpack":4,"minecraft:deepslate_bricks":4,"minecraft:diamond_sword":2,"minecraft:stone":1,"minecraft:shield":1,"minecraft:gunpowder":32,"minecraft:spruce_planks":18,"minecraft:iron_chestplate":2,"minecraft:diamond_pickaxe":3,"minecraft:chest":1,"tacz:ammo":781,"comforts:sleeping_bag_white":2,"minecraft:spruce_log":15,"minecraft:stone_pickaxe":1},"minecraft:killed":{"minecraft:spider":1,"enemyexpansion:direwolf":6,"minecraft:skeleton":5,"minecraft:warden":1,"man:managgresive":2,"naturalist:butterfly":1,"enemyexpansion:sprinter":1,"minecraft:creeper":6,"minecraft:sheep":1,"minecraft:zombie":5,"enemyexpansion:huntsman":2,"minecraft:glow_squid":16,"minecraft:cow":1,"enemyexpansion:slugger":1},"minecraft:custom":{"minecraft:mob_kills":49,"minecraft:inspect_hopper":3,"minecraft:open_barrel":1,"minecraft:leave_game":6,"minecraft:time_since_death":382177,"minecraft:climb_one_cm":7178,"minecraft:walk_one_cm":952126,"minecraft:sprint_one_cm":285541,"minecraft:drop":135,"minecraft:play_time":490640,"minecraft:deaths":1,"minecraft:sneak_time":44832,"minecraft:walk_under_water_one_cm":72708,"minecraft:jump":2484,"minecraft:walk_on_water_one_cm":48536,"minecraft:total_world_time":490640,"minecraft:sleep_in_bed":4,"minecraft:time_since_rest":19817,"minecraft:waystone_activated":8,"minecraft:damage_taken":257,"minecraft:damage_dealt":414,"minecraft:swim_one_cm":7603,"minecraft:fly_one_cm":1970876,"minecraft:player_kills":3,"minecraft:open_chest":83,"minecraft:crouch_one_cm":106991,"minecraft:fall_one_cm":11735}},"DataVersion":3465}