{"stats":{"minecraft:mined":{"quark:hollow_birch_log":1,"minecraft:iron_ore":6,"minecraft:pumpkin":5,"minecraft:moss_carpet":1,"minecraft:torch":2,"minecraft:crafting_table":1,"gravestone:gravestone":5,"minecraft:grass":7,"minecraft:grass_block":3,"minecraft:oak_log":9,"minecraft:coal_ore":26,"minecraft:dirt":15,"minecraft:gravel":4,"minecraft:campfire":1,"minecraft:tall_grass":6,"minecraft:cobblestone":3,"minecraft:stone":42,"minecraft:oak_leaves":2,"minecraft:wall_torch":1,"minecraft:fern":1},"minecraft:dropped":{"minecraft:stone_axe":1,"minecraft:wheat_seeds":1,"gravestone:obituary":4,"minecraft:stone_pickaxe":1},"minecraft:custom":{"minecraft:time_since_rest":1255,"minecraft:sprint_one_cm":44381,"minecraft:damage_taken":1700,"minecraft:walk_one_cm":63805,"minecraft:mob_kills":2,"minecraft:drop":7,"minecraft:damage_dealt":562,"minecraft:interact_with_crafting_table":4,"minecraft:fly_one_cm":63038,"minecraft:crouch_one_cm":6608,"minecraft:play_time":43493,"minecraft:deaths":6,"minecraft:sneak_time":2661,"minecraft:jump":578,"minecraft:leave_game":4,"minecraft:time_since_death":1224,"minecraft:total_world_time":43493,"minecraft:climb_one_cm":140,"minecraft:fall_one_cm":12685},"minecraft:used":{"minecraft:grass_block":3,"minecraft:stone_pickaxe":61,"minecraft:wooden_pickaxe":20,"minecraft:gravel":2,"minecraft:torch":3,"minecraft:stone_axe":20,"minecraft:dirt":1,"minecraft:cobblestone":13,"minecraft:crafting_table":1},"minecraft:picked_up":{"paraglider:paraglider":1,"minecraft:charcoal":2,"minecraft:raw_iron":5,"minecraft:crafting_table":1,"minecraft:pumpkin":5,"minecraft:torch":5,"minecraft:gravel":6,"vampirism:stake":1,"minecraft:oak_log":7,"gravestone:obituary":4,"minecraft:dirt":18,"ancient_elements:aetherial_shard":2,"minecraft:stone_axe":2,"minecraft:wheat_seeds":7,"minecraft:stone_pickaxe":1,"quark:hollow_birch_log":1,"minecraft:oak_sapling":2,"minecraft:coal":25,"minecraft:cobblestone":43,"ancient_elements:aero_charge":5},"minecraft:killed_by":{"ancient_elements:aetherial_glaze":4,"minecraft:player":2},"minecraft:crafted":{"minecraft:oak_planks":28,"minecraft:crafting_table":1,"minecraft:stick":8,"minecraft:wooden_pickaxe":1,"minecraft:stone_pickaxe":1,"minecraft:stone_axe":1},"minecraft:killed":{"ancient_elements:aetherial_glaze":2}},"DataVersion":3465}