{"stats":{"minecraft:mined":{"minecraft:tuff":18,"minecraft:white_bed":1,"minecraft:mossy_cobblestone":1,"minecraft:sculk_vein":15,"minecraft:cherry_log":154,"minecraft:obsidian":10,"gravestone:gravestone":1,"minecraft:granite":8,"minecraft:grass_block":63,"minecraft:deepslate_bricks":3,"minecraft:spruce_leaves":6,"minecraft:kelp":1,"minecraft:spawner":2,"minecraft:tall_seagrass":1,"minecraft:cobbled_deepslate":4,"minecraft:iron_ore":8,"minecraft:fire":25,"minecraft:andesite":43,"minecraft:deepslate_lapis_ore":4,"mcwlights:iron_small_chandelier":1,"minecraft:deepslate_iron_ore":21,"minecraft:stone":301,"minecraft:redstone_wall_torch":2,"minecraft:deepslate_redstone_ore":3,"quark:cobblestone_bricks":3,"mcwlights:iron_chandelier":1,"minecraft:chest":1,"minecraft:sculk_sensor":6,"minecraft:copper_ore":5,"minecraft:cobblestone":3,"tacz:target":1,"minecraft:oak_planks":2,"minecraft:sculk":287,"minecraft:diorite":2,"minecraft:birch_log":11,"minecraft:spruce_log":44,"minecraft:grass":27,"minecraft:oak_log":25,"minecraft:coal_ore":11,"minecraft:dirt":25,"minecraft:stonecutter":1,"minecraft:oak_leaves":1,"minecraft:deepslate":271},"minecraft:crafted":{"minecraft:oak_planks":36,"minecraft:iron_hoe":1,"minecraft:crafting_table":1,"minecraft:spruce_planks":8,"tacz:ammo_box":11,"minecraft:bucket":1,"minecraft:air":0,"sophisticatedbackpacks:diamond_backpack":2,"minecraft:stick":12},"minecraft:killed":{"minecraft:spider":1,"enemyexpansion:direwolf":13,"minecraft:skeleton":8,"minecraft:warden":1,"enemyexpansion:vampflyer":1,"man:managgresive":2,"naturalist:butterfly":1,"minecraft:bat":1,"enemyexpansion:sprinter":1,"minecraft:creeper":7,"minecraft:sheep":1,"enemyexpansion:crawler":1,"minecraft:zombie":8,"enemyexpansion:vampire":1,"enemyexpansion:botfly":5,"enemyexpansion:huntsman":2,"minecraft:glow_squid":19,"minecraft:cow":1,"enemyexpansion:slugger":4},"minecraft:used":{"mcwlights:wall_lantern":1,"minecraft:iron_bars":6,"minecraft:spruce_slab":23,"securitycraft:keypad_chest":7,"mcwlights:gray_ceiling_light":4,"minecraft:spruce_planks":60,"tacz:gun_smith_table":7,"minecraft:chest":16,"minecraft:stone":253,"mcwlights:iron_chandelier":3,"minecraft:torch":57,"minecraft:dirt":427,"minecraft:soul_sand":3,"minecraft:anvil":3,"mcwlights:soul_dark_oak_tiki_torch":1,"minecraft:spruce_stairs":21,"minecraft:deepslate_tile_slab":4,"minecraft:deepslate_brick_slab":403,"quark:stripped_ancient_log":2,"minecraft:tuff":6,"mcwlights:iron_small_chandelier":4,"minecraft:spruce_fence":136,"minecraft:stripped_spruce_log":88,"minecraft:dark_oak_planks":140,"minecraft:warden_spawn_egg":1,"quark:deepslate_brick_vertical_slab":26,"mcwlights:iron_wall_candle_holder":8,"minecraft:iron_hoe":306,"minecraft:lava_bucket":24,"minecraft:stripped_dark_oak_wood":21,"minecraft:lantern":120,"minecraft:grass_block":291,"minecraft:dark_oak_leaves":124,"minecraft:dark_oak_slab":96,"minecraft:barrel":4,"minecraft:stone_bricks":13,"minecraft:glowstone":61,"minecraft:magma_block":3,"minecraft:dark_oak_pressure_plate":1,"minecraft:deepslate_tile_stairs":20,"minecraft:white_stained_glass_pane":24,"minecraft:furnace":3,"comforts:sleeping_bag_white":7,"minecraft:cooked_beef":2,"minecraft:cobbled_deepslate":20,"quark:glowing_glass_item_frame":1,"quark:dark_oak_ladder":2,"minecraft:deepslate_brick_wall":45,"minecraft:cooked_mutton":26,"minecraft:dark_oak_stairs":195,"minecraft:water_bucket":158,"minecraft:diorite":1,"minecraft:spruce_door":3,"quark:cobblestone_bricks":270,"minecraft:gray_carpet":1,"quark:jungle_post":2,"quark:dark_oak_vertical_slab":4,"minecraft:sugar_cane":5,"securitycraft:scanner_door_item":3,"minecraft:diamond_axe":25,"securitycraft:claymore":6,"minecraft:stonecutter":5,"minecraft:spruce_fence_gate":12,"minecraft:deepslate_bricks":1252,"minecraft:white_wool":10,"minecraft:dark_oak_trapdoor":176,"quark:spruce_hedge":20,"minecraft:stripped_dark_oak_log":1266,"minecraft:sand":240,"minecraft:blast_furnace":5,"tacz:target":5,"minecraft:white_bed":4,"minecraft:campfire":6,"minecraft:deepslate_brick_stairs":1081,"minecraft:dark_oak_fence_gate":24,"mcwlights:double_street_lamp":3,"quark:glass_item_frame":41,"minecraft:spruce_log":358,"quark:andesite_bricks_slab":8,"minecraft:deepslate_tile_wall":1,"minecraft:dark_oak_door":2,"minecraft:deepslate_tiles":393,"minecraft:oak_log":20,"waystones:waystone":5,"minecraft:diamond_pickaxe":479,"minecraft:dark_oak_log":2,"minecraft:iron_pickaxe":250,"quark:spruce_post":12,"quark:cobblestone_bricks_stairs":46,"minecraft:spruce_trapdoor":138,"minecraft:gravel":1,"minecraft:spruce_sapling":6,"minecraft:stone_axe":8,"minecraft:diamond_sword":12,"quark:dark_oak_chest":34,"minecraft:cobblestone":10,"quark:spruce_ladder":28,"minecraft:dark_oak_fence":91,"minecraft:andesite":28,"minecraft:bucket":9,"minecraft:chain":61,"minecraft:glass_pane":164,"quark:oak_chest":2,"minecraft:white_concrete":1},"minecraft:broken":{"minecraft:iron_pickaxe":1},"minecraft:picked_up":{"minecraft:azure_bluet":3,"minecraft:anvil":64,"minecraft:gold_block":4,"minecraft:enchanted_book":8,"gravestone:obituary":4,"minecraft:shield":1,"minecraft:raw_copper":16,"tacz:ammo":61,"minecraft:cobbled_deepslate":256,"comforts:sleeping_bag_white":5,"minecraft:beef":7,"tacz:target":1,"minecraft:poppy":2,"minecraft:chest":1,"minecraft:birch_sapling":6,"minecraft:egg":2,"minecraft:stick":16,"minecraft:raw_iron":29,"mcwlights:iron_chandelier":1,"minecraft:stone":256,"mcwlights:iron_small_chandelier":1,"minecraft:torch":3,"minecraft:diorite":2,"minecraft:redstone":14,"minecraft:arrow":1,"minecraft:rotten_flesh":4,"minecraft:deepslate_bricks":8,"minecraft:deepslate_brick_stairs":1,"minecraft:obsidian":7,"minecraft:cobblestone":380,"paraglider:paraglider":2,"minecraft:birch_log":11,"minecraft:air":0,"minecraft:cooked_beef":4,"minecraft:glow_ink_sac":3,"minecraft:andesite":42,"minecraft:leather":4,"paraglider:spirit_orb":4,"minecraft:flint":1,"minecraft:tuff":19,"minecraft:oak_log":16,"minecraft:gunpowder":4,"minecraft:lapis_lazuli":32,"minecraft:dirt":605,"minecraft:lantern":5,"tacz:ammo_box":1,"minecraft:bone":2,"minecraft:gray_carpet":1,"minecraft:wheat_seeds":43,"minecraft:stonecutter":2,"sophisticatedbackpacks:diamond_backpack":3,"minecraft:sculk_catalyst":3,"minecraft:white_stained_glass_pane":1,"quark:glass_item_frame":5,"minecraft:dandelion":6,"minecraft:gravel":32,"minecraft:sand":23,"minecraft:spruce_sapling":19,"minecraft:grass_block":1,"minecraft:white_bed":1,"minecraft:spruce_log":44,"minecraft:diamond_block":8,"minecraft:spider_eye":1,"minecraft:mossy_cobblestone":1,"quark:cobblestone_bricks":3,"minecraft:iron_hoe":1,"tacz:modern_kinetic_gun":18,"minecraft:iron_helmet":1,"minecraft:granite":12,"minecraft:oak_sapling":2,"minecraft:coal":10,"minecraft:diamond_pickaxe":1},"minecraft:dropped":{"minecraft:iron_ingot":320,"minecraft:stripped_spruce_log":8,"minecraft:iron_sword":2,"minecraft:wheat_seeds":3,"minecraft:golden_helmet":1,"minecraft:cooked_beef":1,"farmersdelight:skillet":1,"minecraft:copper_block":136,"minecraft:diamond":11,"sophisticatedbackpacks:auto_smelting_upgrade":1,"minecraft:iron_helmet":3,"minecraft:granite":12,"minecraft:grass_block":2,"minecraft:coal":64,"quark:glass_item_frame":32,"minecraft:gold_block":32,"minecraft:dirt":8,"tacz:ammo_box":6,"minecraft:deepslate_brick_stairs":1,"minecraft:diorite":2,"minecraft:torch":8,"minecraft:sculk_catalyst":1,"minecraft:iron_leggings":2,"gravestone:obituary":5,"minecraft:white_stained_glass_pane":3,"tacz:modern_kinetic_gun":22,"minecraft:iron_axe":1,"sophisticatedbackpacks:stack_upgrade_tier_4":1,"minecraft:iron_pickaxe":1,"mcwlights:iron_chandelier":1,"sophisticatedbackpacks:crafting_upgrade":1,"minecraft:iron_shovel":2,"paraglider:paraglider":4,"minecraft:gold_ingot":64,"minecraft:anvil":65,"minecraft:stone_axe":1,"minecraft:tuff":6,"minecraft:iron_boots":2,"minecraft:iron_hoe":4,"minecraft:glowstone_dust":4,"mcwlights:iron_small_chandelier":1,"minecraft:glass_pane":2,"sophisticatedbackpacks:diamond_backpack":4,"minecraft:deepslate_bricks":4,"minecraft:diamond_sword":2,"minecraft:stone":705,"minecraft:shield":1,"minecraft:gunpowder":32,"minecraft:spruce_planks":18,"minecraft:diamond_pickaxe":3,"minecraft:iron_chestplate":2,"minecraft:chest":1,"tacz:ammo":781,"comforts:sleeping_bag_white":2,"minecraft:spruce_log":15,"minecraft:stone_pickaxe":1},"minecraft:custom":{"minecraft:mob_kills":78,"minecraft:inspect_hopper":3,"minecraft:open_barrel":1,"minecraft:leave_game":11,"minecraft:time_since_death":32872,"minecraft:climb_one_cm":8672,"minecraft:sprint_one_cm":458534,"minecraft:walk_one_cm":1380154,"minecraft:drop":166,"minecraft:play_time":637908,"minecraft:deaths":3,"minecraft:sneak_time":62925,"minecraft:walk_under_water_one_cm":97149,"minecraft:jump":4145,"minecraft:walk_on_water_one_cm":76395,"minecraft:enchant_item":3,"minecraft:total_world_time":637908,"minecraft:interact_with_stonecutter":7,"minecraft:sleep_in_bed":8,"minecraft:time_since_rest":32899,"minecraft:waystone_activated":8,"minecraft:damage_taken":2219,"minecraft:damage_dealt":1278,"minecraft:swim_one_cm":36580,"minecraft:fly_one_cm":2307644,"minecraft:player_kills":4,"minecraft:open_chest":115,"minecraft:crouch_one_cm":162372,"minecraft:fall_one_cm":54507},"minecraft:killed_by":{"minecraft:player":1,"enemyexpansion:slugger":1}},"DataVersion":3465}