{"stats":{"minecraft:mined":{"minecraft:white_bed":1,"minecraft:red_bed":1,"minecraft:smoker":1,"minecraft:crafting_table":2,"minecraft:torch":2,"gravestone:gravestone":8,"minecraft:grass_block":3,"minecraft:spruce_fence":2,"minecraft:chest":2,"minecraft:campfire":1,"minecraft:cobblestone":3,"minecraft:tall_grass":13,"minecraft:wall_torch":3,"quark:hollow_birch_log":1,"minecraft:light_gray_stained_glass":3,"minecraft:iron_ore":11,"minecraft:pumpkin":5,"minecraft:moss_carpet":1,"minecraft:grass":24,"minecraft:oak_log":9,"minecraft:coal_ore":26,"minecraft:gravel":4,"minecraft:dirt":17,"minecraft:stone":42,"minecraft:white_wool":6,"minecraft:oak_leaves":2,"minecraft:fern":1},"minecraft:dropped":{"minecraft:gravel":4,"minecraft:stone_axe":1,"minecraft:wheat_seeds":1,"gravestone:obituary":14,"minecraft:stone_pickaxe":1},"minecraft:custom":{"minecraft:mob_kills":5,"minecraft:interact_with_crafting_table":6,"minecraft:open_barrel":7,"minecraft:leave_game":5,"minecraft:time_since_death":2826,"minecraft:sleep_in_bed":3,"minecraft:climb_one_cm":500,"minecraft:time_since_rest":2853,"minecraft:sprint_one_cm":75044,"minecraft:damage_taken":2565,"minecraft:walk_one_cm":98308,"minecraft:drop":21,"minecraft:damage_dealt":1348,"minecraft:fly_one_cm":121265,"minecraft:player_kills":1,"minecraft:open_chest":9,"minecraft:crouch_one_cm":7010,"minecraft:play_time":66912,"minecraft:deaths":9,"minecraft:sneak_time":2857,"minecraft:jump":818,"minecraft:total_world_time":66912,"minecraft:fall_one_cm":22059},"minecraft:used":{"minecraft:stone_pickaxe":67,"minecraft:chest":1,"minecraft:wooden_pickaxe":20,"minecraft:torch":5,"minecraft:dirt":19,"minecraft:crafting_table":2,"minecraft:red_bed":1,"minecraft:white_bed":2,"minecraft:spruce_fence":1,"minecraft:grass_block":3,"minecraft:gravel":2,"minecraft:stone_axe":32,"minecraft:cobblestone":13},"minecraft:picked_up":{"paraglider:paraglider":1,"minecraft:charcoal":2,"minecraft:crafting_table":2,"minecraft:smoker":1,"vampirism:stake":1,"minecraft:oak_log":7,"gravestone:obituary":9,"minecraft:red_bed":1,"minecraft:dirt":19,"minecraft:bone":2,"ancient_elements:aetherial_shard":2,"minecraft:wheat_seeds":9,"minecraft:stone_pickaxe":1,"minecraft:chest":2,"minecraft:oak_planks":57,"ancient_elements:aero_charge":12,"quark:light_gray_shard":12,"minecraft:raw_iron":10,"minecraft:pumpkin":5,"minecraft:torch":7,"minecraft:spruce_fence":2,"minecraft:gravel":10,"minecraft:white_bed":1,"minecraft:stone_axe":2,"quark:hollow_birch_log":1,"minecraft:oak_sapling":2,"minecraft:coal":25,"minecraft:white_wool":13,"minecraft:cobblestone":43},"minecraft:killed_by":{"ancient_elements:aetherial_glaze":4,"minecraft:player":3,"minecraft:skeleton":1},"minecraft:crafted":{"minecraft:oak_planks":28,"minecraft:crafting_table":2,"minecraft:wooden_pickaxe":1,"minecraft:stone_axe":1,"minecraft:stick":8,"minecraft:stone_pickaxe":1,"minecraft:white_bed":1},"minecraft:killed":{"ancient_elements:aetherial_glaze":5}},"DataVersion":3465}