{"stats":{"minecraft:mined":{"minecraft:spruce_planks":3,"minecraft:cobbled_deepslate_stairs":11,"minecraft:obsidian":9,"minecraft:granite":4,"minecraft:grass_block":738,"minecraft:soul_soil":4,"tacz:gun_smith_table":5,"minecraft:oxeye_daisy":4,"minecraft:iron_ore":85,"minecraft:cobbled_deepslate":9,"minecraft:deepslate_lapis_ore":3,"minecraft:azure_bluet":5,"minecraft:oak_sign":1,"minecraft:oak_stairs":3,"minecraft:deepslate_brick_stairs":4,"minecraft:green_bed":2,"minecraft:deepslate_redstone_ore":8,"minecraft:soul_fire":2,"minecraft:torch":17,"minecraft:dead_bush":16,"minecraft:nether_quartz_ore":12,"minecraft:cobblestone":17,"minecraft:sugar_cane":8,"minecraft:oak_planks":2,"minecraft:wall_torch":8,"minecraft:deepslate_copper_ore":4,"minecraft:birch_log":13,"minecraft:grass":255,"minecraft:oak_log":69,"minecraft:sand":29,"minecraft:dirt":799,"securitycraft:stone_mine":1,"minecraft:netherrack":4,"minecraft:oak_leaves":3,"minecraft:deepslate":139,"minecraft:deepslate_diamond_ore":14,"gravestone:gravestone":43,"minecraft:cobbled_deepslate_slab":13,"minecraft:sandstone":19,"quark:jasper":1,"minecraft:redstone_ore":4,"minecraft:furnace":1,"minecraft:andesite":9,"minecraft:stripped_spruce_log":94,"minecraft:deepslate_iron_ore":34,"minecraft:bamboo":2,"minecraft:stone":316,"minecraft:oak_slab":2,"minecraft:glass_pane":3,"minecraft:soul_sand":6,"securitycraft:iron_mine":6,"minecraft:dandelion":20,"minecraft:crafting_table":3,"minecraft:cornflower":2,"minecraft:tall_grass":8,"minecraft:copper_ore":112,"minecraft:lapis_ore":1,"minecraft:deepslate_gold_ore":6,"minecraft:diorite":17,"minecraft:lime_bed":5,"minecraft:cactus":1,"minecraft:spruce_log":3,"minecraft:coal_ore":88,"quark:spruce_chest":2,"minecraft:gravel":4,"minecraft:cobweb":25,"minecraft:gold_ore":5},"minecraft:killed_by":{"minecraft:creeper":1,"man:managgresive":2,"minecraft:zombie":2,"minecraft:player":28,"minecraft:spider":1,"minecraft:enderman":1,"quark:toretoise":1,"minecraft:skeleton":6,"cave_dweller:cave_dweller":2},"minecraft:dropped":{"sophisticatedbackpacks:iron_backpack":1,"farmersdelight:iron_knife":1,"minecraft:lapis_lazuli":64,"man:manfromthefogback_spawn_egg":1,"minecraft:leather":1,"minecraft:saddle":1,"minecraft:dirt":342,"minecraft:cornflower":2,"gravestone:obituary":49,"minecraft:sand":1,"minecraft:iron_pickaxe":5,"minecraft:bone":4,"minecraft:gravel":4,"minecraft:stone_axe":1,"minecraft:golden_chestplate":1,"minecraft:rotten_flesh":7,"minecraft:oak_planks":5,"minecraft:cooked_mutton":26,"minecraft:azure_bluet":2,"sophisticatedbackpacks:diamond_backpack":1,"minecraft:lime_bed":1,"minecraft:gunpowder":9,"cave_dweller:cave_dweller_spawn_egg":1,"minecraft:ladder":1,"comforts:sleeping_bag_white":1,"minecraft:arrow":7,"minecraft:golden_boots":1,"minecraft:bread":12,"minecraft:wheat_seeds":3,"minecraft:golden_helmet":1,"minecraft:lead":2,"minecraft:cobblestone":18,"minecraft:iron_helmet":1,"minecraft:red_stained_glass":15,"tacz:gun_smith_table":1,"minecraft:coal":37,"minecraft:stick":11,"minecraft:oxeye_daisy":1,"minecraft:deepslate_brick_stairs":1,"minecraft:diorite":3,"minecraft:torch":7,"minecraft:rabbit":1,"minecraft:iron_leggings":1,"tacz:modern_kinetic_gun":16,"minecraft:string":45,"minecraft:dandelion":9,"minecraft:redstone":3,"minecraft:stone_sword":1,"minecraft:raw_iron":3,"minecraft:iron_boots":1,"sophisticatedbackpacks:backpack":3,"minecraft:oak_sign":2,"minecraft:diamond_sword":1,"minecraft:shield":1,"minecraft:iron_chestplate":1,"minecraft:diamond_pickaxe":1,"minecraft:andesite":8,"minecraft:golden_leggings":1,"tacz:ammo":1186,"minecraft:stone_pickaxe":1,"minecraft:wooden_pickaxe":1,"waystones:waystone":1},"minecraft:killed":{"minecraft:cave_spider":15,"minecraft:witch":4,"minecraft:spider":6,"quark:forgotten":4,"minecraft:skeleton":39,"minecraft:chicken":3,"minecraft:camel":1,"minecraft:magma_cube":14,"minecraft:pig":7,"naturalist:firefly":1,"minecraft:salmon":1,"minecraft:iron_golem":1,"minecraft:creeper":19,"minecraft:sheep":5,"minecraft:trader_llama":4,"minecraft:pillager":12,"minecraft:zombie":28,"alexsmobs:cachalot_whale":2,"minecraft:ghast":1,"minecraft:cow":2,"quark:toretoise":1,"minecraft:zoglin":1,"minecraft:horse":1,"quark:foxhound":5,"minecraft:bat":1,"minecraft:wandering_trader":1,"man:manfromthefogback":1,"minecraft:wither_skeleton":1,"quark:wraith":6,"minecraft:enderman":3},"minecraft:used":{"minecraft:iron_shovel":1598,"minecraft:dispenser":1,"minecraft:spruce_slab":13,"minecraft:shield":68,"minecraft:iron_sword":75,"minecraft:stone":48,"immersive_aircraft:quadrocopter":1,"minecraft:iron_chestplate":1,"minecraft:spruce_leaves":87,"minecraft:soul_sand":3,"quark:stone_brick_lamp":1,"minecraft:deepslate_brick_slab":155,"minecraft:tuff":31,"minecraft:stripped_spruce_log":1134,"minecraft:polished_deepslate_stairs":35,"minecraft:glass":2,"quark:deepslate_furnace":5,"minecraft:lantern":28,"minecraft:grass_block":112,"minecraft:iron_helmet":1,"minecraft:dark_oak_slab":119,"minecraft:stone_bricks":62,"minecraft:furnace":8,"minecraft:gold_block":11,"minecraft:deepslate_brick_wall":18,"minecraft:dark_oak_stairs":118,"minecraft:spruce_door":9,"minecraft:stone_pickaxe":42,"minecraft:oak_planks":7,"minecraft:sugar_cane":13,"minecraft:golden_apple":1,"minecraft:dark_oak_trapdoor":80,"minecraft:sand":15,"minecraft:cobbled_deepslate_stairs":86,"minecraft:deepslate_brick_stairs":425,"minecraft:redstone_torch":5,"minecraft:deepslate_tiles":163,"waystones:waystone":5,"minecraft:lever":2,"minecraft:dark_oak_log":5,"minecraft:bread":1,"quark:cobblestone_bricks_stairs":50,"quark:jasper":1,"minecraft:deepslate":10,"minecraft:gravel":28,"quark:soul_bead":1,"minecraft:dark_oak_fence":54,"minecraft:chain":16,"minecraft:oak_boat":1,"minecraft:bone_meal":121,"minecraft:iron_bars":11,"waystones:sandy_waystone":2,"minecraft:stone_sword":65,"minecraft:flint_and_steel":10,"minecraft:cracked_deepslate_bricks":86,"minecraft:redstone":17,"minecraft:spruce_planks":286,"tacz:gun_smith_table":8,"minecraft:netherrack":15,"minecraft:torch":94,"minecraft:dirt":1165,"minecraft:spruce_stairs":60,"minecraft:cobblestone_wall":4,"minecraft:spruce_fence":36,"minecraft:dark_oak_planks":6,"quark:spruce_chest":4,"minecraft:iron_axe":212,"minecraft:oak_stairs":11,"minecraft:iron_boots":1,"minecraft:soul_soil":4,"securitycraft:dirt_mine":6,"comforts:sleeping_bag_white":5,"minecraft:cobbled_deepslate":77,"minecraft:iron_leggings":1,"minecraft:cobbled_deepslate_wall":85,"securitycraft:stone_mine":5,"minecraft:cooked_mutton":82,"minecraft:iron_ore":9,"quark:cobblestone_bricks":31,"cave_dweller:cave_dweller_spawn_egg":2,"minecraft:green_bed":2,"securitycraft:iron_mine":16,"minecraft:stonecutter":3,"minecraft:gold_ore":3,"minecraft:deepslate_bricks":559,"minecraft:stripped_dark_oak_log":3,"minecraft:lime_bed":6,"minecraft:oak_slab":2,"minecraft:crafting_table":2,"minecraft:dark_oak_fence_gate":11,"minecraft:white_bed":4,"minecraft:campfire":6,"minecraft:spruce_log":395,"minecraft:oak_log":157,"minecraft:diamond_pickaxe":438,"minecraft:apple":1,"minecraft:iron_pickaxe":501,"man:manfromthefogback_spawn_egg":1,"minecraft:spruce_trapdoor":180,"minecraft:spruce_sapling":55,"minecraft:stone_axe":138,"minecraft:cobbled_deepslate_slab":15,"minecraft:cobblestone":104,"quark:spruce_ladder":19,"minecraft:glass_pane":84,"quark:oak_chest":15},"minecraft:broken":{"minecraft:iron_shovel":6,"minecraft:stone_axe":1,"minecraft:iron_pickaxe":1},"minecraft:picked_up":{"minecraft:lead":4,"minecraft:oak_stairs":3,"securitycraft:stone_mine":1,"minecraft:string":32,"minecraft:raw_copper":399,"minecraft:soul_soil":4,"minecraft:zombie_head":1,"minecraft:oak_sign":3,"minecraft:deepslate_tiles":66,"minecraft:cobbled_deepslate":434,"comforts:sleeping_bag_white":5,"minecraft:spruce_planks":3,"minecraft:redstone_torch":2,"minecraft:furnace":1,"minecraft:stick":24,"minecraft:oak_fence":8,"minecraft:torch":34,"minecraft:green_bed":2,"minecraft:porkchop":13,"tacz:attachment":9,"minecraft:diorite":23,"minecraft:stone_sword":1,"minecraft:cactus":3,"minecraft:rotten_flesh":24,"minecraft:deepslate_brick_stairs":11,"minecraft:obsidian":9,"minecraft:cod":37,"minecraft:cobblestone":359,"securitycraft:iron_mine":5,"minecraft:birch_log":13,"minecraft:feather":4,"minecraft:andesite":10,"minecraft:tuff":31,"minecraft:lantern":1,"minecraft:lapis_lazuli":34,"minecraft:dirt":1765,"minecraft:name_tag":1,"minecraft:bone":22,"minecraft:wheat_seeds":48,"minecraft:raw_gold":12,"minecraft:cobbled_deepslate_slab":15,"minecraft:glowstone_dust":2,"quark:soul_bead":2,"minecraft:rabbit":1,"minecraft:bamboo":29,"tacz:gun_smith_table":6,"minecraft:oak_planks":2,"minecraft:ghast_tear":1,"minecraft:sand":53,"minecraft:stripped_spruce_log":94,"quark:jasper":1,"minecraft:diamond":14,"minecraft:deepslate":43,"waystones:waystone":1,"minecraft:granite":3,"minecraft:bone_meal":1,"minecraft:bread":18,"minecraft:oak_sapling":20,"minecraft:netherrack":4,"minecraft:crafting_table":4,"minecraft:azure_bluet":8,"minecraft:chicken":3,"minecraft:ladder":1,"gravestone:obituary":18,"minecraft:cornflower":4,"tacz:ammo":449,"minecraft:glass_pane":1,"quark:spruce_chest":2,"minecraft:beef":2,"minecraft:oak_boat":1,"minecraft:poppy":2,"minecraft:sugar_cane":19,"minecraft:egg":12,"minecraft:raw_iron":132,"minecraft:sandstone":17,"sophisticatedbackpacks:backpack":3,"minecraft:redstone":60,"minecraft:iron_horse_armor":1,"minecraft:tnt":2,"minecraft:arrow":20,"minecraft:deepslate_bricks":259,"minecraft:white_wool":10,"minecraft:mutton":4,"minecraft:rail":4,"minecraft:bone_block":11,"minecraft:oxeye_daisy":5,"minecraft:lime_bed":7,"minecraft:salmon":14,"minecraft:leather":8,"alexsmobs:cachalot_whale_tooth":1,"waystones:sandy_waystone":2,"minecraft:oak_log":66,"minecraft:cobbled_deepslate_stairs":11,"minecraft:gunpowder":16,"quark:forgotten_hat":1,"naturalist:glow_goop":1,"minecraft:cooked_mutton":1,"minecraft:apple":1,"minecraft:rabbit_hide":7,"minecraft:stone_pickaxe":1,"minecraft:iron_ingot":5,"minecraft:soul_sand":6,"sophisticatedbackpacks:diamond_backpack":1,"minecraft:oak_slab":2,"minecraft:quartz":11,"minecraft:dandelion":26,"minecraft:gravel":8,"minecraft:spruce_log":3,"minecraft:spider_eye":3,"quark:cobblestone_bricks":65,"tacz:modern_kinetic_gun":20,"minecraft:stone_axe":1,"minecraft:coal":107,"minecraft:ender_pearl":2},"minecraft:crafted":{"minecraft:oak_planks":168,"minecraft:chain":3,"sophisticatedbackpacks:crafting_upgrade":1,"minecraft:iron_bars":16,"minecraft:deepslate_brick_stairs":43,"minecraft:chest":1,"minecraft:oak_button":1,"minecraft:copper_block":11,"minecraft:oak_slab":6,"minecraft:deepslate":418,"minecraft:spruce_planks":52,"minecraft:iron_helmet":1,"minecraft:copper_ingot":407,"sophisticatedbackpacks:upgrade_base":2,"minecraft:diamond_pickaxe":1,"sophisticatedbackpacks:diamond_backpack":1,"minecraft:stick":28,"quark:oak_chest":5,"minecraft:iron_pickaxe":2,"minecraft:iron_ingot":125,"minecraft:iron_block":1,"minecraft:gold_ingot":5,"minecraft:deepslate_bricks":3,"minecraft:shears":1,"minecraft:iron_nugget":45,"comforts:sleeping_bag_white":1,"minecraft:furnace":2,"sophisticatedbackpacks:stack_upgrade_starter_tier":1,"minecraft:iron_axe":1,"quark:spruce_chest":1,"sophisticatedbackpacks:iron_backpack":1,"minecraft:iron_sword":1,"tacz:gun_smith_table":1,"sophisticatedbackpacks:gold_backpack":1,"minecraft:deepslate_tiles":2,"minecraft:air":0,"securitycraft:dirt_mine":4,"minecraft:blue_dye":1,"minecraft:iron_shovel":6,"securitycraft:stone_mine":1,"minecraft:torch":48},"minecraft:custom":{"minecraft:interact_with_crafting_table":63,"minecraft:bell_ring":30,"minecraft:leave_game":36,"minecraft:time_since_death":108982,"minecraft:sprint_one_cm":1116354,"minecraft:damage_blocked_by_shield":2260,"minecraft:drop":201,"minecraft:play_time":955458,"minecraft:deaths":47,"minecraft:jump":9919,"minecraft:walk_on_water_one_cm":66822,"minecraft:interact_with_furnace":191,"minecraft:sleep_in_bed":48,"minecraft:waystone_activated":19,"minecraft:damage_dealt":5843,"minecraft:player_kills":15,"minecraft:crouch_one_cm":141486,"minecraft:inspect_dispenser":7,"minecraft:horse_one_cm":77110,"minecraft:mob_kills":194,"minecraft:damage_dealt_resisted":403,"minecraft:climb_one_cm":9664,"minecraft:walk_one_cm":2094674,"minecraft:damage_dealt_absorbed":159,"minecraft:sneak_time":54241,"minecraft:walk_under_water_one_cm":133813,"minecraft:boat_one_cm":137058,"minecraft:interact_with_blast_furnace":1,"minecraft:total_world_time":955458,"minecraft:interact_with_stonecutter":8,"minecraft:time_since_rest":3920,"minecraft:damage_taken":17046,"minecraft:damage_absorbed":40,"minecraft:swim_one_cm":47285,"minecraft:fly_one_cm":3367770,"minecraft:open_chest":597,"minecraft:fall_one_cm":199263}},"DataVersion":3465}