{"stats":{"minecraft:crafted":{"minecraft:oak_planks":36,"minecraft:crafting_table":1,"minecraft:stick":4},"minecraft:mined":{"minecraft:white_bed":1,"minecraft:chest":1,"minecraft:birch_log":11,"minecraft:grass":1,"minecraft:oak_log":25,"minecraft:redstone_wall_torch":2},"minecraft:used":{"minecraft:deepslate_brick_wall":33,"mcwlights:wall_lantern":1,"minecraft:dark_oak_stairs":173,"minecraft:water_bucket":131,"minecraft:iron_bars":6,"minecraft:spruce_door":3,"quark:cobblestone_bricks":156,"minecraft:gray_carpet":1,"mcwlights:gray_ceiling_light":4,"minecraft:spruce_slab":23,"securitycraft:keypad_chest":7,"quark:jungle_post":2,"minecraft:chest":6,"minecraft:spruce_planks":38,"quark:dark_oak_vertical_slab":4,"minecraft:stone":155,"minecraft:sugar_cane":5,"minecraft:stonecutter":1,"securitycraft:scanner_door_item":3,"mcwlights:iron_chandelier":3,"minecraft:deepslate_bricks":826,"minecraft:white_wool":10,"minecraft:torch":54,"minecraft:dark_oak_trapdoor":176,"minecraft:dirt":310,"minecraft:sand":240,"minecraft:anvil":3,"minecraft:stripped_dark_oak_log":1259,"mcwlights:soul_dark_oak_tiki_torch":1,"minecraft:white_bed":3,"minecraft:deepslate_brick_slab":309,"minecraft:spruce_stairs":21,"minecraft:blast_furnace":5,"minecraft:deepslate_tile_slab":4,"mcwlights:double_street_lamp":3,"minecraft:campfire":6,"quark:stripped_ancient_log":2,"mcwlights:iron_small_chandelier":4,"minecraft:dark_oak_fence_gate":24,"minecraft:spruce_log":267,"minecraft:spruce_fence":39,"quark:andesite_bricks_slab":8,"minecraft:deepslate_brick_stairs":1027,"minecraft:stripped_spruce_log":87,"minecraft:dark_oak_door":2,"quark:glass_item_frame":11,"minecraft:deepslate_tile_wall":1,"waystones:waystone":4,"minecraft:deepslate_tiles":379,"minecraft:oak_log":20,"minecraft:dark_oak_planks":140,"quark:deepslate_brick_vertical_slab":26,"mcwlights:iron_wall_candle_holder":8,"minecraft:stripped_dark_oak_wood":21,"minecraft:dark_oak_log":2,"minecraft:lantern":106,"minecraft:grass_block":224,"quark:cobblestone_bricks_stairs":46,"minecraft:spruce_trapdoor":84,"minecraft:dark_oak_leaves":124,"minecraft:dark_oak_slab":68,"minecraft:barrel":4,"minecraft:stone_axe":8,"minecraft:glowstone":23,"quark:dark_oak_chest":34,"quark:spruce_ladder":28,"minecraft:furnace":3,"minecraft:deepslate_tile_stairs":20,"minecraft:dark_oak_fence":91,"minecraft:chain":61,"minecraft:glass_pane":139,"quark:glowing_glass_item_frame":1,"quark:dark_oak_ladder":2},"minecraft:dropped":{"minecraft:deepslate_bricks":1,"minecraft:grass_block":2,"sophisticatedbackpacks:diamond_backpack":2,"minecraft:dirt":7,"minecraft:stone":1,"minecraft:chest":1,"gravestone:obituary":4,"tacz:modern_kinetic_gun":6,"tacz:ammo":120,"paraglider:paraglider":4},"minecraft:picked_up":{"paraglider:paraglider":2,"minecraft:birch_log":11,"minecraft:azure_bluet":3,"minecraft:andesite":3,"minecraft:leather":4,"minecraft:enchanted_book":8,"minecraft:flint":1,"minecraft:oak_log":16,"gravestone:obituary":3,"minecraft:gunpowder":3,"minecraft:dirt":486,"minecraft:lantern":5,"minecraft:bone":1,"minecraft:gray_carpet":1,"minecraft:wheat_seeds":38,"minecraft:beef":4,"minecraft:poppy":2,"minecraft:chest":1,"minecraft:birch_sapling":6,"sophisticatedbackpacks:diamond_backpack":2,"minecraft:egg":2,"minecraft:stick":7,"minecraft:dandelion":6,"quark:glass_item_frame":2,"minecraft:gravel":32,"minecraft:sand":23,"minecraft:white_bed":1,"minecraft:grass_block":1,"minecraft:diamond_block":8,"minecraft:spider_eye":1,"minecraft:arrow":1,"tacz:modern_kinetic_gun":3,"minecraft:deepslate_bricks":1,"minecraft:oak_sapling":2,"minecraft:cobblestone":72},"minecraft:killed":{"man:managgresive":1,"naturalist:butterfly":1,"minecraft:spider":1,"enemyexpansion:sprinter":1,"minecraft:creeper":6,"enemyexpansion:direwolf":6,"minecraft:sheep":1,"minecraft:skeleton":5,"minecraft:zombie":5,"enemyexpansion:huntsman":2,"minecraft:glow_squid":16,"enemyexpansion:slugger":1},"minecraft:custom":{"minecraft:mob_kills":46,"minecraft:inspect_hopper":3,"minecraft:open_barrel":1,"minecraft:leave_game":3,"minecraft:time_since_death":233132,"minecraft:sleep_in_bed":1,"minecraft:climb_one_cm":7178,"minecraft:time_since_rest":116218,"minecraft:waystone_activated":7,"minecraft:sprint_one_cm":175609,"minecraft:walk_one_cm":648031,"minecraft:damage_taken":80,"minecraft:drop":30,"minecraft:damage_dealt":50,"minecraft:swim_one_cm":2691,"minecraft:fly_one_cm":1599267,"minecraft:player_kills":2,"minecraft:open_chest":63,"minecraft:crouch_one_cm":92215,"minecraft:play_time":341595,"minecraft:deaths":1,"minecraft:sneak_time":37940,"minecraft:walk_under_water_one_cm":49425,"minecraft:jump":1751,"minecraft:walk_on_water_one_cm":36433,"minecraft:total_world_time":341595,"minecraft:fall_one_cm":8322}},"DataVersion":3465}