{"stats":{"minecraft:broken":{"minecraft:iron_shovel":6,"minecraft:iron_pickaxe":1},"minecraft:mined":{"butcher:bloodgrate":3,"gravestone:gravestone":20,"minecraft:granite":1,"minecraft:grass_block":736,"butcher:pig_hanging_drained":1,"tacz:gun_smith_table":5,"minecraft:oxeye_daisy":4,"minecraft:sandstone":19,"quark:jasper":1,"minecraft:iron_ore":55,"minecraft:andesite":7,"minecraft:azure_bluet":5,"minecraft:deepslate_iron_ore":18,"minecraft:stone":172,"minecraft:green_bed":2,"minecraft:dandelion":20,"minecraft:crafting_table":2,"minecraft:cornflower":2,"minecraft:torch":11,"minecraft:dead_bush":15,"minecraft:tall_grass":7,"minecraft:copper_ore":93,"minecraft:cobblestone":11,"minecraft:lapis_ore":1,"minecraft:deepslate_gold_ore":2,"minecraft:sugar_cane":7,"minecraft:oak_planks":2,"minecraft:diorite":4,"minecraft:wall_torch":1,"minecraft:lime_bed":5,"minecraft:cactus":1,"minecraft:birch_log":13,"butcher:hook_block":3,"minecraft:grass":251,"minecraft:oak_log":62,"minecraft:coal_ore":74,"minecraft:sand":28,"minecraft:dirt":790,"minecraft:cobweb":24,"minecraft:gold_ore":2,"minecraft:deepslate":6},"minecraft:killed":{"minecraft:cave_spider":13,"minecraft:witch":2,"minecraft:spider":1,"quark:forgotten":1,"minecraft:skeleton":27,"minecraft:horse":1,"minecraft:chicken":2,"minecraft:camel":1,"minecraft:pig":4,"minecraft:wandering_trader":1,"minecraft:creeper":8,"minecraft:sheep":1,"minecraft:trader_llama":2,"minecraft:pillager":8,"minecraft:zombie":6,"minecraft:cow":1,"minecraft:enderman":3},"minecraft:custom":{"minecraft:mob_kills":83,"minecraft:interact_with_crafting_table":52,"minecraft:bell_ring":5,"minecraft:leave_game":9,"minecraft:time_since_death":4984,"minecraft:sprint_one_cm":443920,"minecraft:walk_one_cm":799235,"minecraft:damage_blocked_by_shield":1480,"minecraft:drop":111,"minecraft:play_time":285224,"minecraft:sneak_time":10133,"minecraft:deaths":22,"minecraft:walk_under_water_one_cm":19129,"minecraft:boat_one_cm":137058,"minecraft:jump":3429,"minecraft:walk_on_water_one_cm":22118,"minecraft:total_world_time":285224,"minecraft:interact_with_furnace":79,"minecraft:sleep_in_bed":16,"minecraft:time_since_rest":5189,"minecraft:waystone_activated":5,"minecraft:damage_taken":8188,"minecraft:damage_absorbed":40,"minecraft:damage_dealt":2018,"minecraft:player_kills":10,"minecraft:swim_one_cm":24384,"minecraft:fly_one_cm":969983,"minecraft:open_chest":203,"minecraft:crouch_one_cm":32772,"minecraft:fall_one_cm":85943,"minecraft:horse_one_cm":77110},"minecraft:used":{"minecraft:stone_sword":65,"minecraft:iron_shovel":1568,"minecraft:shield":49,"tacz:gun_smith_table":6,"minecraft:stone":1,"minecraft:iron_sword":1,"minecraft:torch":33,"minecraft:dirt":701,"minecraft:grass_block":5,"butcher:bloodgrate":3,"minecraft:furnace":2,"minecraft:cooked_mutton":35,"minecraft:stone_pickaxe":42,"butcher:butchers_knife":2,"minecraft:oak_planks":2,"minecraft:green_bed":2,"minecraft:golden_apple":1,"minecraft:sand":12,"minecraft:lime_bed":6,"minecraft:crafting_table":2,"butcher:pig_corpse_item":1,"minecraft:oak_log":28,"waystones:waystone":3,"minecraft:apple":1,"minecraft:iron_pickaxe":439,"quark:jasper":1,"minecraft:stone_axe":97,"minecraft:cobblestone":49,"minecraft:chain":3,"quark:oak_chest":9,"minecraft:oak_boat":1},"minecraft:picked_up":{"minecraft:crafting_table":3,"minecraft:azure_bluet":8,"minecraft:chicken":2,"minecraft:lead":2,"gravestone:obituary":9,"minecraft:cornflower":4,"minecraft:string":23,"minecraft:raw_copper":319,"tacz:ammo":269,"minecraft:zombie_head":1,"minecraft:oak_sign":1,"minecraft:cobbled_deepslate":6,"minecraft:oak_boat":1,"minecraft:poppy":1,"minecraft:sugar_cane":12,"minecraft:egg":9,"minecraft:stick":22,"minecraft:raw_iron":73,"minecraft:sandstone":17,"butcher:bloodgrate":3,"minecraft:oak_fence":8,"minecraft:torch":14,"minecraft:green_bed":2,"sophisticatedbackpacks:backpack":3,"minecraft:porkchop":7,"minecraft:diorite":10,"minecraft:iron_horse_armor":1,"minecraft:stone_sword":1,"minecraft:arrow":13,"minecraft:cactus":3,"minecraft:rotten_flesh":6,"minecraft:rail":4,"minecraft:cobblestone":183,"minecraft:oxeye_daisy":5,"minecraft:birch_log":13,"minecraft:lime_bed":7,"minecraft:feather":3,"butcher:pig_corpse_item":1,"minecraft:andesite":7,"minecraft:oak_log":59,"minecraft:gunpowder":8,"minecraft:lapis_lazuli":9,"minecraft:dirt":1694,"minecraft:bone":13,"minecraft:apple":1,"minecraft:wheat_seeds":47,"minecraft:raw_gold":4,"minecraft:stone_pickaxe":1,"minecraft:iron_ingot":1,"butcher:hook_block":3,"minecraft:rabbit":1,"minecraft:glowstone_dust":2,"tacz:gun_smith_table":5,"butcher:drained_pig_corpse_item":1,"minecraft:oak_planks":2,"minecraft:dandelion":26,"minecraft:gravel":4,"minecraft:sand":52,"minecraft:spider_eye":2,"quark:jasper":1,"minecraft:stone_axe":1,"tacz:modern_kinetic_gun":9,"waystones:waystone":1,"minecraft:granite":1,"minecraft:bread":14,"minecraft:oak_sapling":20,"minecraft:coal":74,"minecraft:ender_pearl":2},"minecraft:dropped":{"sophisticatedbackpacks:iron_backpack":1,"minecraft:bread":12,"minecraft:wheat_seeds":2,"minecraft:cobblestone":18,"minecraft:saddle":1,"minecraft:coal":37,"minecraft:stick":11,"minecraft:oxeye_daisy":1,"minecraft:dirt":341,"minecraft:diorite":3,"minecraft:torch":7,"minecraft:cornflower":2,"minecraft:rabbit":1,"gravestone:obituary":21,"tacz:modern_kinetic_gun":10,"minecraft:sand":1,"minecraft:string":45,"minecraft:dandelion":9,"minecraft:bone":4,"minecraft:gravel":4,"minecraft:stone_axe":1,"minecraft:stone_sword":1,"minecraft:raw_iron":3,"minecraft:oak_planks":5,"sophisticatedbackpacks:backpack":3,"minecraft:cooked_mutton":26,"minecraft:azure_bluet":2,"minecraft:lime_bed":1,"minecraft:gunpowder":6,"minecraft:andesite":7,"tacz:ammo":874,"minecraft:wooden_pickaxe":1,"minecraft:arrow":6,"minecraft:stone_pickaxe":1,"waystones:waystone":1},"minecraft:killed_by":{"minecraft:player":16,"minecraft:enderman":1,"minecraft:skeleton":3,"minecraft:zombie":2},"minecraft:crafted":{"minecraft:oak_planks":72,"minecraft:iron_nugget":45,"minecraft:chain":3,"minecraft:furnace":2,"sophisticatedbackpacks:stack_upgrade_starter_tier":1,"sophisticatedbackpacks:crafting_upgrade":1,"minecraft:iron_bars":16,"minecraft:chest":1,"minecraft:oak_button":1,"minecraft:copper_block":11,"sophisticatedbackpacks:iron_backpack":1,"minecraft:iron_helmet":1,"minecraft:iron_sword":1,"tacz:gun_smith_table":1,"minecraft:copper_ingot":147,"sophisticatedbackpacks:upgrade_base":2,"minecraft:air":0,"minecraft:stick":20,"butcher:hook":4,"quark:oak_chest":5,"minecraft:iron_ingot":72,"minecraft:iron_pickaxe":2,"minecraft:iron_block":1,"minecraft:iron_shovel":5,"minecraft:gold_ingot":2,"butcher:butchers_knife":1,"minecraft:torch":28}},"DataVersion":3465}