{"stats":{"minecraft:killed":{"minecraft:skeleton":3,"minecraft:cave_spider":3},"minecraft:killed_by":{"minecraft:player":11,"minecraft:skeleton":1},"minecraft:dropped":{"minecraft:diorite":2,"gravestone:obituary":15,"tacz:modern_kinetic_gun":5,"tacz:ammo":449,"sophisticatedbackpacks:backpack":2,"minecraft:stick":11},"minecraft:mined":{"minecraft:cactus":1,"minecraft:lime_bed":3,"minecraft:andesite":5,"minecraft:crafting_table":1,"minecraft:torch":2,"gravestone:gravestone":9,"minecraft:dead_bush":13,"minecraft:sand":4,"minecraft:dirt":1,"minecraft:copper_ore":13,"minecraft:stone":2,"minecraft:sugar_cane":6},"minecraft:custom":{"minecraft:time_since_rest":887,"minecraft:damage_absorbed":40,"minecraft:sprint_one_cm":86991,"minecraft:damage_taken":3435,"minecraft:walk_one_cm":111349,"minecraft:mob_kills":6,"minecraft:drop":36,"minecraft:damage_dealt":488,"minecraft:interact_with_crafting_table":2,"minecraft:player_kills":6,"minecraft:fly_one_cm":152461,"minecraft:open_chest":6,"minecraft:crouch_one_cm":6106,"minecraft:play_time":51837,"minecraft:deaths":12,"minecraft:sneak_time":2079,"minecraft:jump":717,"minecraft:walk_on_water_one_cm":1671,"minecraft:time_since_death":861,"minecraft:sleep_in_bed":2,"minecraft:total_world_time":51837,"minecraft:fall_one_cm":22173},"minecraft:crafted":{"minecraft:iron_pickaxe":1},"minecraft:picked_up":{"minecraft:stick":16,"minecraft:lime_bed":5,"minecraft:crafting_table":1,"minecraft:andesite":5,"minecraft:torch":4,"minecraft:sand":4,"gravestone:obituary":6,"minecraft:diorite":2,"minecraft:arrow":2,"minecraft:dirt":1,"minecraft:bone":2,"minecraft:raw_copper":47,"minecraft:stone_sword":1,"tacz:ammo":53,"minecraft:cactus":3,"minecraft:stone_axe":1,"tacz:modern_kinetic_gun":4,"minecraft:stone_pickaxe":1,"minecraft:bread":8,"minecraft:sugar_cane":9,"minecraft:rail":4,"minecraft:cobblestone":2},"minecraft:used":{"minecraft:cooked_mutton":2,"minecraft:stone_sword":5,"minecraft:iron_pickaxe":20,"minecraft:stone_axe":1,"minecraft:golden_apple":1,"minecraft:torch":3,"minecraft:sand":12,"minecraft:lime_bed":5}},"DataVersion":3465}