{"stats":{"minecraft:dropped":{"minecraft:stone":1,"gravestone:obituary":1},"minecraft:used":{"minecraft:oak_log":20,"waystones:waystone":2,"minecraft:grass_block":49,"minecraft:stone":63,"minecraft:sugar_cane":5,"minecraft:stone_axe":8,"minecraft:dirt":239,"minecraft:sand":240},"minecraft:custom":{"minecraft:time_since_rest":29797,"minecraft:waystone_activated":3,"minecraft:sprint_one_cm":24081,"minecraft:damage_taken":60,"minecraft:walk_one_cm":36484,"minecraft:mob_kills":3,"minecraft:drop":2,"minecraft:damage_dealt":30,"minecraft:player_kills":1,"minecraft:fly_one_cm":389620,"minecraft:open_chest":2,"minecraft:crouch_one_cm":14043,"minecraft:play_time":29797,"minecraft:sneak_time":4414,"minecraft:walk_under_water_one_cm":9667,"minecraft:jump":305,"minecraft:time_since_death":29797,"minecraft:walk_on_water_one_cm":15787,"minecraft:total_world_time":29797,"minecraft:fall_one_cm":4160},"minecraft:killed":{"naturalist:butterfly":1,"minecraft:spider":1,"enemyexpansion:direwolf":1},"minecraft:mined":{"minecraft:birch_log":11,"minecraft:grass":1,"minecraft:oak_log":7,"minecraft:redstone_wall_torch":2},"minecraft:picked_up":{"minecraft:birch_log":11,"minecraft:stick":4,"minecraft:andesite":3,"minecraft:dandelion":1,"minecraft:gravel":32,"minecraft:sand":23,"minecraft:flint":1,"minecraft:oak_log":7,"gravestone:obituary":1,"minecraft:spider_eye":1,"minecraft:dirt":312,"minecraft:wheat_seeds":5,"minecraft:birch_sapling":6,"minecraft:cobblestone":45}},"DataVersion":3465}