{"stats":{"minecraft:crafted":{"minecraft:oak_planks":36,"minecraft:crafting_table":1,"minecraft:stick":4},"minecraft:mined":{"minecraft:white_bed":1,"minecraft:chest":1,"minecraft:birch_log":11,"minecraft:grass":1,"minecraft:oak_log":25,"minecraft:redstone_wall_torch":2},"minecraft:used":{"minecraft:deepslate_brick_wall":33,"mcwlights:wall_lantern":1,"minecraft:dark_oak_stairs":118,"minecraft:iron_bars":6,"minecraft:spruce_door":2,"quark:cobblestone_bricks":55,"mcwlights:gray_ceiling_light":2,"securitycraft:keypad_chest":7,"minecraft:spruce_slab":23,"minecraft:chest":6,"minecraft:spruce_planks":38,"quark:dark_oak_vertical_slab":4,"minecraft:stone":63,"minecraft:stonecutter":1,"minecraft:sugar_cane":5,"securitycraft:scanner_door_item":2,"mcwlights:iron_chandelier":3,"minecraft:deepslate_bricks":494,"minecraft:white_wool":10,"minecraft:torch":29,"minecraft:dark_oak_trapdoor":164,"minecraft:dirt":298,"minecraft:sand":240,"minecraft:anvil":3,"minecraft:stripped_dark_oak_log":1153,"mcwlights:soul_dark_oak_tiki_torch":1,"minecraft:white_bed":3,"minecraft:spruce_stairs":19,"minecraft:blast_furnace":5,"minecraft:deepslate_brick_slab":266,"minecraft:deepslate_tile_slab":4,"mcwlights:double_street_lamp":3,"minecraft:campfire":6,"mcwlights:iron_small_chandelier":4,"minecraft:dark_oak_fence_gate":24,"minecraft:spruce_fence":17,"minecraft:spruce_log":229,"quark:andesite_bricks_slab":8,"minecraft:deepslate_brick_stairs":987,"minecraft:stripped_spruce_log":87,"minecraft:dark_oak_door":2,"quark:glass_item_frame":11,"minecraft:deepslate_tile_wall":1,"minecraft:deepslate_tiles":281,"waystones:waystone":3,"minecraft:oak_log":20,"minecraft:dark_oak_planks":83,"mcwlights:iron_wall_candle_holder":8,"minecraft:dark_oak_log":2,"minecraft:lantern":36,"minecraft:grass_block":151,"quark:cobblestone_bricks_stairs":46,"minecraft:spruce_trapdoor":62,"minecraft:dark_oak_leaves":124,"minecraft:dark_oak_slab":33,"minecraft:barrel":4,"minecraft:stone_axe":8,"minecraft:glowstone":23,"quark:dark_oak_chest":28,"quark:spruce_ladder":28,"minecraft:furnace":3,"minecraft:deepslate_tile_stairs":20,"minecraft:dark_oak_fence":63,"minecraft:chain":16,"minecraft:glass_pane":139,"quark:glowing_glass_item_frame":1,"quark:dark_oak_ladder":2},"minecraft:dropped":{"minecraft:grass_block":2,"sophisticatedbackpacks:diamond_backpack":1,"minecraft:stone":1,"minecraft:chest":1,"gravestone:obituary":4,"tacz:modern_kinetic_gun":6,"tacz:ammo":120,"paraglider:paraglider":4},"minecraft:picked_up":{"paraglider:paraglider":2,"minecraft:birch_log":11,"minecraft:azure_bluet":3,"minecraft:andesite":3,"minecraft:leather":4,"minecraft:flint":1,"minecraft:oak_log":16,"gravestone:obituary":3,"minecraft:dirt":382,"minecraft:lantern":1,"minecraft:wheat_seeds":38,"minecraft:beef":4,"minecraft:poppy":2,"minecraft:chest":1,"minecraft:birch_sapling":6,"sophisticatedbackpacks:diamond_backpack":1,"minecraft:egg":2,"minecraft:stick":7,"quark:glass_item_frame":2,"minecraft:dandelion":6,"minecraft:gravel":32,"minecraft:sand":23,"minecraft:white_bed":1,"minecraft:grass_block":1,"minecraft:spider_eye":1,"tacz:modern_kinetic_gun":3,"minecraft:oak_sapling":2,"minecraft:cobblestone":72},"minecraft:killed":{"naturalist:butterfly":1,"minecraft:spider":1,"enemyexpansion:direwolf":1,"minecraft:sheep":1,"minecraft:skeleton":2,"minecraft:glow_squid":16},"minecraft:custom":{"minecraft:mob_kills":22,"minecraft:open_barrel":1,"minecraft:leave_game":3,"minecraft:time_since_death":161781,"minecraft:sleep_in_bed":1,"minecraft:climb_one_cm":7178,"minecraft:time_since_rest":44867,"minecraft:waystone_activated":6,"minecraft:sprint_one_cm":149667,"minecraft:walk_one_cm":414459,"minecraft:damage_taken":80,"minecraft:drop":21,"minecraft:damage_dealt":40,"minecraft:swim_one_cm":2691,"minecraft:fly_one_cm":1333492,"minecraft:player_kills":2,"minecraft:open_chest":31,"minecraft:crouch_one_cm":84653,"minecraft:play_time":270244,"minecraft:deaths":1,"minecraft:sneak_time":32925,"minecraft:walk_under_water_one_cm":21224,"minecraft:jump":1568,"minecraft:walk_on_water_one_cm":25456,"minecraft:total_world_time":270244,"minecraft:fall_one_cm":8322}},"DataVersion":3465}