{"stats":{"minecraft:mined":{"minecraft:birch_log":11,"minecraft:grass":1,"minecraft:oak_log":11,"minecraft:redstone_wall_torch":2},"minecraft:custom":{"minecraft:time_since_rest":50977,"minecraft:waystone_activated":5,"minecraft:sprint_one_cm":37170,"minecraft:damage_taken":60,"minecraft:walk_one_cm":42787,"minecraft:mob_kills":3,"minecraft:drop":5,"minecraft:damage_dealt":30,"minecraft:fly_one_cm":613039,"minecraft:player_kills":1,"minecraft:open_chest":2,"minecraft:crouch_one_cm":15636,"minecraft:play_time":50977,"minecraft:sneak_time":6273,"minecraft:walk_under_water_one_cm":11350,"minecraft:jump":394,"minecraft:leave_game":1,"minecraft:walk_on_water_one_cm":22252,"minecraft:time_since_death":50977,"minecraft:total_world_time":50977,"minecraft:fall_one_cm":4160},"minecraft:used":{"minecraft:oak_log":20,"waystones:waystone":3,"minecraft:grass_block":103,"minecraft:stone":63,"minecraft:sugar_cane":5,"minecraft:stone_axe":8,"minecraft:dirt":284,"minecraft:sand":240},"minecraft:picked_up":{"minecraft:birch_log":11,"minecraft:stick":6,"minecraft:azure_bluet":3,"minecraft:andesite":3,"minecraft:dandelion":6,"minecraft:gravel":32,"minecraft:flint":1,"minecraft:sand":23,"minecraft:oak_log":7,"gravestone:obituary":1,"minecraft:dirt":312,"minecraft:spider_eye":1,"minecraft:wheat_seeds":36,"tacz:modern_kinetic_gun":1,"minecraft:poppy":2,"minecraft:birch_sapling":6,"minecraft:cobblestone":45,"minecraft:egg":2},"minecraft:dropped":{"minecraft:stone":1,"gravestone:obituary":1,"tacz:modern_kinetic_gun":1,"minecraft:grass_block":2},"minecraft:killed":{"naturalist:butterfly":1,"minecraft:spider":1,"enemyexpansion:direwolf":1}},"DataVersion":3465}