{"stats":{"minecraft:crafted":{"minecraft:oak_planks":36,"minecraft:iron_hoe":5,"minecraft:crafting_table":1,"minecraft:spruce_planks":48,"tacz:ammo_box":11,"minecraft:bucket":1,"minecraft:air":0,"sophisticatedbackpacks:diamond_backpack":2,"minecraft:stick":20,"minecraft:iron_shovel":1},"minecraft:mined":{"minecraft:tuff":19,"minecraft:white_bed":1,"minecraft:mossy_cobblestone":1,"minecraft:deepslate_diamond_ore":6,"minecraft:sculk_vein":69,"minecraft:cherry_log":154,"minecraft:obsidian":11,"minecraft:granite":8,"gravestone:gravestone":1,"quark:glow_shroom_stem":6,"minecraft:grass_block":90,"minecraft:deepslate_bricks":3,"minecraft:spruce_leaves":6,"minecraft:kelp":1,"minecraft:large_fern":1,"minecraft:spawner":2,"minecraft:tall_seagrass":1,"minecraft:sculk_catalyst":1,"minecraft:iron_ore":8,"minecraft:fire":25,"minecraft:cobbled_deepslate":4,"minecraft:andesite":43,"minecraft:deepslate_lapis_ore":4,"mcwlights:iron_small_chandelier":1,"minecraft:sculk_shrieker":3,"minecraft:deepslate_iron_ore":27,"minecraft:stone":369,"minecraft:redstone_wall_torch":2,"minecraft:deepslate_redstone_ore":3,"minecraft:dandelion":1,"quark:cobblestone_bricks":3,"mcwlights:iron_chandelier":1,"minecraft:chest":1,"minecraft:sculk_sensor":31,"minecraft:tall_grass":5,"minecraft:copper_ore":5,"quark:glow_shroom_block":20,"minecraft:cobblestone":4,"tacz:target":1,"minecraft:oak_planks":2,"minecraft:sculk":1009,"minecraft:diorite":2,"minecraft:birch_log":11,"minecraft:spruce_log":44,"minecraft:grass":101,"minecraft:oak_log":25,"minecraft:coal_ore":11,"minecraft:dirt":119,"minecraft:stonecutter":1,"minecraft:oak_leaves":1,"minecraft:deepslate":284},"minecraft:used":{"mcwlights:wall_lantern":1,"minecraft:iron_bars":6,"minecraft:iron_shovel":116,"minecraft:spruce_slab":23,"securitycraft:keypad_chest":7,"mcwlights:gray_ceiling_light":4,"minecraft:spruce_planks":60,"tacz:gun_smith_table":7,"minecraft:chest":16,"minecraft:stone":259,"mcwlights:iron_chandelier":3,"minecraft:torch":58,"minecraft:dirt":606,"minecraft:soul_sand":3,"minecraft:anvil":3,"mcwlights:soul_dark_oak_tiki_torch":1,"minecraft:spruce_stairs":21,"minecraft:deepslate_tile_slab":4,"minecraft:deepslate_brick_slab":403,"quark:stripped_ancient_log":2,"minecraft:tuff":14,"mcwlights:iron_small_chandelier":4,"minecraft:spruce_fence":136,"minecraft:dark_oak_planks":192,"minecraft:stripped_spruce_log":88,"quark:deepslate_brick_vertical_slab":26,"minecraft:warden_spawn_egg":1,"mcwlights:iron_wall_candle_holder":8,"minecraft:iron_hoe":1103,"minecraft:lava_bucket":24,"minecraft:stripped_dark_oak_wood":21,"minecraft:spruce_wood":99,"minecraft:lantern":120,"minecraft:grass_block":412,"minecraft:dark_oak_slab":106,"minecraft:dark_oak_leaves":124,"minecraft:barrel":4,"minecraft:stone_bricks":13,"minecraft:glowstone":61,"minecraft:magma_block":3,"securitycraft:dirt_mine":3,"minecraft:dark_oak_pressure_plate":1,"minecraft:deepslate_tile_stairs":20,"minecraft:white_stained_glass_pane":24,"minecraft:furnace":3,"comforts:sleeping_bag_white":9,"minecraft:cooked_beef":2,"minecraft:cobbled_deepslate":30,"quark:glowing_glass_item_frame":1,"quark:dark_oak_ladder":2,"minecraft:deepslate_brick_wall":45,"minecraft:cooked_mutton":35,"minecraft:water_bucket":158,"minecraft:dark_oak_stairs":325,"minecraft:diorite":1,"minecraft:spruce_door":3,"quark:cobblestone_bricks":289,"minecraft:gray_carpet":1,"quark:jungle_post":2,"quark:dark_oak_vertical_slab":4,"minecraft:sugar_cane":5,"securitycraft:scanner_door_item":3,"minecraft:diamond_axe":52,"securitycraft:claymore":6,"minecraft:stonecutter":5,"minecraft:spruce_fence_gate":12,"minecraft:deepslate_bricks":1303,"minecraft:dark_oak_trapdoor":215,"minecraft:white_wool":10,"quark:spruce_hedge":20,"minecraft:stripped_dark_oak_log":1266,"minecraft:sand":240,"minecraft:blast_furnace":5,"tacz:target":5,"minecraft:white_bed":4,"minecraft:campfire":6,"minecraft:deepslate_brick_stairs":1081,"minecraft:dark_oak_fence_gate":24,"mcwlights:double_street_lamp":3,"quark:glass_item_frame":41,"minecraft:spruce_log":479,"quark:andesite_bricks_slab":8,"minecraft:deepslate_tile_wall":114,"minecraft:dark_oak_door":2,"minecraft:deepslate_tiles":394,"minecraft:oak_log":20,"waystones:waystone":7,"minecraft:diamond_pickaxe":582,"minecraft:dark_oak_log":2,"minecraft:iron_pickaxe":250,"quark:spruce_post":12,"quark:cobblestone_bricks_stairs":46,"minecraft:spruce_trapdoor":138,"minecraft:gravel":1,"minecraft:spruce_sapling":6,"minecraft:stone_axe":8,"minecraft:diamond_sword":14,"quark:dark_oak_chest":34,"minecraft:cobblestone":10,"quark:spruce_ladder":28,"minecraft:dark_oak_fence":95,"minecraft:andesite":28,"minecraft:bucket":9,"minecraft:chain":61,"minecraft:glass_pane":164,"quark:oak_chest":2,"minecraft:white_concrete":1},"minecraft:broken":{"minecraft:iron_pickaxe":1,"minecraft:iron_hoe":3},"minecraft:killed_by":{"minecraft:player":1,"enemyexpansion:slugger":1},"minecraft:picked_up":{"minecraft:azure_bluet":3,"minecraft:anvil":64,"minecraft:gold_block":4,"minecraft:enchanted_book":8,"gravestone:obituary":4,"minecraft:shield":1,"minecraft:string":4,"minecraft:raw_copper":16,"tacz:ammo":61,"minecraft:cobbled_deepslate":269,"comforts:sleeping_bag_white":6,"minecraft:beef":7,"tacz:target":1,"minecraft:poppy":2,"minecraft:chest":1,"minecraft:birch_sapling":6,"minecraft:egg":2,"minecraft:stick":16,"minecraft:raw_iron":34,"mcwlights:iron_chandelier":1,"minecraft:stone":256,"quark:glow_shroom_ring":9,"mcwlights:iron_small_chandelier":1,"minecraft:torch":4,"minecraft:diorite":2,"minecraft:redstone":14,"minecraft:arrow":4,"minecraft:rotten_flesh":9,"minecraft:deepslate_bricks":8,"minecraft:deepslate_brick_stairs":1,"minecraft:obsidian":8,"minecraft:cobblestone":449,"paraglider:paraglider":2,"minecraft:birch_log":11,"minecraft:air":0,"minecraft:cooked_beef":4,"minecraft:glow_ink_sac":3,"minecraft:andesite":42,"minecraft:leather":4,"minecraft:potato":1,"paraglider:spirit_orb":4,"minecraft:flint":1,"minecraft:tuff":20,"minecraft:oak_log":16,"minecraft:gunpowder":5,"minecraft:lapis_lazuli":39,"minecraft:dirt":726,"minecraft:lantern":5,"tacz:ammo_box":1,"minecraft:bone":4,"minecraft:gray_carpet":1,"minecraft:stonecutter":2,"minecraft:wheat_seeds":51,"minecraft:raw_gold":4,"minecraft:iron_ingot":1,"quark:glow_shroom":5,"sophisticatedbackpacks:diamond_backpack":3,"minecraft:sculk_catalyst":3,"minecraft:white_stained_glass_pane":1,"quark:glass_item_frame":5,"minecraft:dandelion":7,"minecraft:gravel":32,"minecraft:sand":23,"minecraft:spruce_sapling":19,"minecraft:grass_block":1,"minecraft:white_bed":1,"minecraft:spruce_log":45,"minecraft:diamond_block":8,"minecraft:spider_eye":3,"minecraft:mossy_cobblestone":1,"quark:cobblestone_bricks":3,"minecraft:iron_hoe":2,"minecraft:diamond":6,"tacz:modern_kinetic_gun":18,"waystones:waystone":1,"minecraft:iron_helmet":1,"minecraft:granite":12,"minecraft:oak_sapling":2,"minecraft:coal":10,"minecraft:diamond_pickaxe":1},"minecraft:dropped":{"minecraft:iron_ingot":320,"minecraft:iron_sword":2,"minecraft:stripped_spruce_log":8,"minecraft:wheat_seeds":3,"minecraft:golden_helmet":1,"minecraft:cooked_beef":1,"farmersdelight:skillet":1,"minecraft:copper_block":136,"minecraft:diamond":11,"minecraft:iron_helmet":3,"sophisticatedbackpacks:auto_smelting_upgrade":1,"minecraft:granite":12,"minecraft:grass_block":2,"minecraft:coal":64,"quark:glass_item_frame":32,"minecraft:gold_block":32,"minecraft:dirt":8,"tacz:ammo_box":6,"minecraft:deepslate_brick_stairs":1,"minecraft:diorite":2,"minecraft:torch":8,"minecraft:sculk_catalyst":1,"minecraft:iron_leggings":2,"gravestone:obituary":5,"minecraft:white_stained_glass_pane":3,"tacz:modern_kinetic_gun":22,"minecraft:iron_axe":1,"sophisticatedbackpacks:stack_upgrade_tier_4":1,"minecraft:iron_pickaxe":1,"mcwlights:iron_chandelier":1,"sophisticatedbackpacks:crafting_upgrade":1,"minecraft:iron_shovel":2,"paraglider:paraglider":4,"minecraft:dandelion":1,"minecraft:gold_ingot":64,"minecraft:anvil":65,"minecraft:stone_axe":1,"minecraft:tuff":6,"minecraft:iron_boots":2,"minecraft:iron_hoe":5,"minecraft:glowstone_dust":4,"mcwlights:iron_small_chandelier":1,"minecraft:glass_pane":2,"sophisticatedbackpacks:diamond_backpack":4,"minecraft:deepslate_bricks":4,"minecraft:diamond_sword":2,"quark:glow_shroom_ring":4,"minecraft:stone":705,"minecraft:shield":1,"minecraft:gunpowder":32,"minecraft:spruce_planks":18,"minecraft:iron_chestplate":2,"minecraft:diamond_pickaxe":3,"minecraft:chest":1,"comforts:sleeping_bag_white":2,"tacz:ammo":781,"minecraft:spruce_log":16,"minecraft:stone_pickaxe":1,"waystones:waystone":1},"minecraft:killed":{"enemyexpansion:trollenraged":1,"minecraft:cave_spider":2,"minecraft:witch":1,"enemyexpansion:intruder":5,"minecraft:spider":2,"quark:toretoise":1,"enemyexpansion:direwolf":15,"minecraft:skeleton":10,"minecraft:warden":1,"enemyexpansion:vampflyer":3,"man:managgresive":2,"naturalist:butterfly":1,"minecraft:bat":3,"enemyexpansion:sprinter":1,"minecraft:creeper":7,"minecraft:sheep":1,"enemyexpansion:crawler":1,"royalvariations:royal_zombie":1,"minecraft:zombie":18,"enemyexpansion:vampire":2,"enemyexpansion:botfly":6,"enemyexpansion:huntsman":3,"minecraft:glow_squid":19,"cave_dweller:cave_dweller":1,"minecraft:cow":1,"enemyexpansion:slugger":4},"minecraft:custom":{"minecraft:mob_kills":112,"minecraft:inspect_hopper":3,"minecraft:open_barrel":1,"minecraft:damage_dealt_resisted":149,"minecraft:leave_game":13,"minecraft:time_since_death":117829,"minecraft:climb_one_cm":8672,"minecraft:walk_one_cm":1597998,"minecraft:sprint_one_cm":565925,"minecraft:drop":172,"minecraft:play_time":722865,"minecraft:deaths":3,"minecraft:sneak_time":73229,"minecraft:walk_under_water_one_cm":103040,"minecraft:jump":5135,"minecraft:walk_on_water_one_cm":88311,"minecraft:enchant_item":3,"minecraft:total_world_time":722865,"minecraft:interact_with_stonecutter":7,"minecraft:sleep_in_bed":10,"minecraft:time_since_rest":8049,"minecraft:waystone_activated":12,"minecraft:damage_taken":2755,"minecraft:damage_dealt":1427,"minecraft:swim_one_cm":38325,"minecraft:fly_one_cm":2684705,"minecraft:player_kills":5,"minecraft:open_chest":117,"minecraft:crouch_one_cm":191210,"minecraft:fall_one_cm":74228}},"DataVersion":3465}