{"stats":{"minecraft:picked_up":{"minecraft:book":1,"minecraft:crafting_table":1,"minecraft:wheat":77,"minecraft:chicken":1,"minecraft:leather":2,"minecraft:torch":4,"minecraft:acacia_log":4,"farmersdelight:tomato_seeds":3,"minecraft:yellow_bed":2,"minecraft:stone_pressure_plate":1,"minecraft:lantern":1,"minecraft:iron_leggings":1,"minecraft:item_frame":1,"minecraft:rotten_flesh":1,"minecraft:wheat_seeds":205,"minecraft:hay_block":23,"minecraft:beef":3,"minecraft:iron_ingot":13,"minecraft:emerald":1,"minecraft:poppy":2,"minecraft:rabbit":1,"minecraft:sugar_cane":13,"minecraft:iron_sword":1,"minecraft:coal":1,"minecraft:furnace":1},"minecraft:crafted":{"minecraft:iron_axe":1,"minecraft:crafting_table":1,"minecraft:stick":8,"minecraft:iron_pickaxe":1,"minecraft:acacia_planks":16,"minecraft:wheat":9},"minecraft:mined":{"minecraft:hay_block":23,"minecraft:furnace":1,"minecraft:wheat":78,"minecraft:yellow_bed":2,"minecraft:crafting_table":1,"minecraft:grass":11,"minecraft:acacia_log":4,"minecraft:tall_grass":1,"farmersdelight:tomatoes":3,"minecraft:sugar_cane":10},"minecraft:killed":{"minecraft:sheep":1,"minecraft:horse":1,"minecraft:iron_golem":2,"minecraft:cow":2},"minecraft:custom":{"minecraft:time_since_rest":5196,"minecraft:waystone_activated":1,"minecraft:sprint_one_cm":49112,"minecraft:damage_taken":80,"minecraft:walk_one_cm":32193,"minecraft:mob_kills":6,"minecraft:drop":1,"minecraft:damage_dealt":2541,"minecraft:swim_one_cm":277,"minecraft:interact_with_crafting_table":1,"minecraft:talked_to_villager":1,"minecraft:fly_one_cm":69053,"minecraft:open_chest":10,"minecraft:crouch_one_cm":632,"minecraft:play_time":15425,"minecraft:sneak_time":194,"minecraft:walk_under_water_one_cm":170,"minecraft:jump":322,"minecraft:walk_on_water_one_cm":287,"minecraft:time_since_death":15425,"minecraft:sleep_in_bed":1,"minecraft:total_world_time":15425,"minecraft:fall_one_cm":10585},"minecraft:used":{"minecraft:wheat_seeds":55,"minecraft:iron_axe":1,"minecraft:bread":3,"minecraft:iron_pickaxe":1,"minecraft:iron_sword":54,"minecraft:hay_block":9,"minecraft:crafting_table":1,"minecraft:yellow_bed":1},"minecraft:dropped":{"minecraft:item_frame":1}},"DataVersion":3465}