{"stats":{"minecraft:dropped":{"minecraft:bread":12,"minecraft:wheat_seeds":2,"minecraft:cobblestone":18,"minecraft:saddle":1,"minecraft:coal":37,"minecraft:stick":11,"minecraft:oxeye_daisy":1,"minecraft:dirt":3,"minecraft:diorite":3,"minecraft:torch":7,"minecraft:cornflower":2,"minecraft:rabbit":1,"gravestone:obituary":21,"tacz:modern_kinetic_gun":9,"minecraft:sand":1,"minecraft:string":45,"minecraft:dandelion":9,"minecraft:bone":4,"minecraft:gravel":4,"minecraft:stone_axe":1,"minecraft:stone_sword":1,"minecraft:raw_iron":3,"minecraft:oak_planks":5,"sophisticatedbackpacks:backpack":3,"minecraft:cooked_mutton":26,"minecraft:azure_bluet":2,"minecraft:lime_bed":1,"minecraft:gunpowder":6,"minecraft:andesite":7,"tacz:ammo":874,"minecraft:arrow":6,"minecraft:stone_pickaxe":1,"minecraft:wooden_pickaxe":1,"waystones:waystone":1},"minecraft:killed_by":{"minecraft:player":13,"minecraft:enderman":1,"minecraft:skeleton":3,"minecraft:zombie":1},"minecraft:mined":{"minecraft:granite":1,"gravestone:gravestone":16,"minecraft:grass_block":458,"minecraft:oxeye_daisy":2,"minecraft:sandstone":19,"quark:jasper":1,"minecraft:iron_ore":17,"minecraft:andesite":6,"minecraft:azure_bluet":5,"minecraft:deepslate_iron_ore":18,"minecraft:stone":100,"minecraft:green_bed":2,"minecraft:dandelion":16,"minecraft:crafting_table":2,"minecraft:cornflower":2,"minecraft:torch":10,"minecraft:dead_bush":15,"minecraft:tall_grass":6,"minecraft:copper_ore":57,"minecraft:cobblestone":11,"minecraft:deepslate_gold_ore":2,"minecraft:sugar_cane":6,"minecraft:diorite":4,"minecraft:wall_torch":1,"minecraft:lime_bed":5,"minecraft:cactus":1,"minecraft:grass":225,"minecraft:coal_ore":60,"minecraft:oak_log":21,"minecraft:dirt":340,"minecraft:sand":28,"minecraft:cobweb":24,"minecraft:deepslate":6},"minecraft:used":{"minecraft:stone_sword":65,"minecraft:iron_shovel":833,"minecraft:shield":44,"minecraft:torch":12,"minecraft:dirt":35,"minecraft:furnace":2,"minecraft:cooked_mutton":27,"minecraft:stone_pickaxe":42,"minecraft:green_bed":2,"minecraft:golden_apple":1,"minecraft:sand":12,"minecraft:lime_bed":6,"minecraft:crafting_table":2,"waystones:waystone":1,"minecraft:iron_pickaxe":267,"quark:jasper":1,"minecraft:stone_axe":27,"minecraft:cobblestone":37,"quark:oak_chest":9,"minecraft:oak_boat":1},"minecraft:custom":{"minecraft:mob_kills":67,"minecraft:interact_with_crafting_table":37,"minecraft:leave_game":4,"minecraft:time_since_death":70999,"minecraft:sprint_one_cm":276725,"minecraft:walk_one_cm":441776,"minecraft:damage_blocked_by_shield":1300,"minecraft:drop":101,"minecraft:play_time":178216,"minecraft:deaths":18,"minecraft:sneak_time":7149,"minecraft:walk_under_water_one_cm":5582,"minecraft:boat_one_cm":137058,"minecraft:jump":2263,"minecraft:walk_on_water_one_cm":15795,"minecraft:total_world_time":178216,"minecraft:interact_with_furnace":40,"minecraft:sleep_in_bed":7,"minecraft:time_since_rest":7382,"minecraft:waystone_activated":3,"minecraft:damage_taken":6421,"minecraft:damage_absorbed":40,"minecraft:damage_dealt":1677,"minecraft:swim_one_cm":13401,"minecraft:fly_one_cm":691642,"minecraft:player_kills":7,"minecraft:open_chest":77,"minecraft:crouch_one_cm":23153,"minecraft:fall_one_cm":66722,"minecraft:horse_one_cm":77110},"minecraft:killed":{"minecraft:cave_spider":13,"minecraft:witch":2,"minecraft:spider":1,"quark:forgotten":1,"minecraft:skeleton":26,"minecraft:chicken":2,"minecraft:camel":1,"minecraft:pig":2,"minecraft:creeper":7,"minecraft:pillager":2,"minecraft:zombie":5,"minecraft:enderman":3,"minecraft:cow":1},"minecraft:picked_up":{"minecraft:crafting_table":3,"minecraft:azure_bluet":7,"minecraft:chicken":2,"gravestone:obituary":9,"minecraft:cornflower":4,"minecraft:string":23,"minecraft:raw_copper":196,"tacz:ammo":269,"minecraft:zombie_head":1,"minecraft:cobbled_deepslate":6,"minecraft:oak_boat":1,"minecraft:sugar_cane":9,"minecraft:egg":5,"minecraft:raw_iron":35,"minecraft:stick":16,"minecraft:sandstone":17,"minecraft:oak_fence":8,"minecraft:torch":13,"minecraft:green_bed":2,"sophisticatedbackpacks:backpack":2,"minecraft:porkchop":5,"minecraft:diorite":10,"minecraft:iron_horse_armor":1,"minecraft:cactus":3,"minecraft:stone_sword":1,"minecraft:arrow":13,"minecraft:rotten_flesh":3,"minecraft:cobblestone":111,"minecraft:rail":4,"minecraft:oxeye_daisy":3,"minecraft:lime_bed":7,"minecraft:feather":3,"minecraft:andesite":6,"minecraft:oak_log":18,"minecraft:gunpowder":8,"minecraft:dirt":795,"minecraft:bone":13,"minecraft:wheat_seeds":33,"minecraft:raw_gold":2,"minecraft:stone_pickaxe":1,"minecraft:rabbit":1,"minecraft:glowstone_dust":2,"minecraft:dandelion":18,"minecraft:gravel":4,"minecraft:sand":52,"minecraft:spider_eye":2,"quark:jasper":1,"minecraft:stone_axe":1,"tacz:modern_kinetic_gun":8,"minecraft:granite":1,"minecraft:bread":14,"minecraft:oak_sapling":10,"minecraft:coal":60,"minecraft:ender_pearl":2},"minecraft:broken":{"minecraft:iron_shovel":3,"minecraft:iron_pickaxe":1},"minecraft:crafted":{"minecraft:oak_planks":72,"minecraft:furnace":2,"sophisticatedbackpacks:crafting_upgrade":1,"minecraft:chest":1,"minecraft:oak_button":1,"sophisticatedbackpacks:iron_backpack":1,"minecraft:iron_helmet":1,"minecraft:copper_ingot":26,"sophisticatedbackpacks:upgrade_base":1,"minecraft:air":0,"minecraft:stick":12,"quark:oak_chest":5,"minecraft:iron_pickaxe":1,"minecraft:iron_ingot":31,"minecraft:iron_shovel":5,"minecraft:gold_ingot":2,"minecraft:torch":8}},"DataVersion":3465}