{"stats":{"minecraft:dropped":{"minecraft:gravel":4,"minecraft:bread":12,"minecraft:stone_axe":1,"minecraft:stone_sword":1,"minecraft:raw_iron":3,"minecraft:cobblestone":18,"minecraft:oak_planks":5,"sophisticatedbackpacks:backpack":2,"minecraft:cooked_mutton":26,"minecraft:coal":36,"minecraft:stick":11,"minecraft:gunpowder":6,"minecraft:diorite":3,"minecraft:torch":7,"minecraft:andesite":7,"gravestone:obituary":19,"tacz:ammo":778,"tacz:modern_kinetic_gun":9,"minecraft:wooden_pickaxe":1,"minecraft:sand":1,"minecraft:arrow":6,"minecraft:stone_pickaxe":1,"minecraft:string":45,"minecraft:bone":4},"minecraft:killed_by":{"minecraft:player":12,"minecraft:skeleton":3,"minecraft:zombie":1,"minecraft:enderman":1},"minecraft:mined":{"minecraft:crafting_table":1,"minecraft:torch":9,"gravestone:gravestone":15,"minecraft:dead_bush":13,"minecraft:copper_ore":23,"minecraft:cobblestone":11,"minecraft:deepslate_gold_ore":2,"minecraft:sugar_cane":6,"minecraft:diorite":3,"minecraft:sandstone":19,"minecraft:wall_torch":1,"quark:jasper":1,"minecraft:lime_bed":4,"minecraft:cactus":1,"minecraft:iron_ore":3,"minecraft:andesite":5,"minecraft:coal_ore":29,"minecraft:deepslate_iron_ore":18,"minecraft:sand":28,"minecraft:dirt":4,"minecraft:cobweb":24,"minecraft:stone":74,"minecraft:deepslate":6},"minecraft:used":{"minecraft:cooked_mutton":19,"minecraft:stone_sword":44,"minecraft:shield":44,"minecraft:torch":10,"minecraft:golden_apple":1,"minecraft:dirt":3,"minecraft:sand":12,"minecraft:lime_bed":5,"minecraft:iron_pickaxe":200,"minecraft:stone_axe":1,"minecraft:cobblestone":35},"minecraft:custom":{"minecraft:mob_kills":58,"minecraft:interact_with_crafting_table":2,"minecraft:leave_game":2,"minecraft:time_since_death":4796,"minecraft:sleep_in_bed":2,"minecraft:time_since_rest":4830,"minecraft:damage_absorbed":40,"minecraft:sprint_one_cm":138288,"minecraft:damage_taken":6061,"minecraft:walk_one_cm":266838,"minecraft:damage_blocked_by_shield":1300,"minecraft:drop":82,"minecraft:damage_dealt":1266,"minecraft:swim_one_cm":596,"minecraft:fly_one_cm":312354,"minecraft:player_kills":6,"minecraft:open_chest":9,"minecraft:play_time":101773,"minecraft:crouch_one_cm":20450,"minecraft:deaths":17,"minecraft:sneak_time":5880,"minecraft:walk_under_water_one_cm":3988,"minecraft:jump":1194,"minecraft:walk_on_water_one_cm":2877,"minecraft:total_world_time":101773,"minecraft:fall_one_cm":35937},"minecraft:killed":{"minecraft:cave_spider":13,"minecraft:witch":2,"minecraft:spider":1,"minecraft:creeper":6,"quark:forgotten":1,"minecraft:skeleton":26,"minecraft:zombie":5,"minecraft:enderman":3},"minecraft:picked_up":{"minecraft:lime_bed":6,"minecraft:crafting_table":1,"minecraft:andesite":5,"gravestone:obituary":9,"minecraft:gunpowder":7,"minecraft:dirt":4,"minecraft:string":23,"minecraft:raw_copper":88,"tacz:ammo":269,"minecraft:zombie_head":1,"minecraft:bone":11,"minecraft:cobbled_deepslate":6,"minecraft:raw_gold":2,"minecraft:stone_pickaxe":1,"minecraft:glowstone_dust":2,"minecraft:sugar_cane":9,"minecraft:sandstone":17,"minecraft:stick":16,"minecraft:raw_iron":21,"minecraft:oak_fence":8,"minecraft:torch":12,"minecraft:gravel":4,"sophisticatedbackpacks:backpack":1,"minecraft:sand":52,"minecraft:diorite":9,"minecraft:iron_horse_armor":1,"minecraft:spider_eye":2,"quark:jasper":1,"minecraft:arrow":13,"minecraft:stone_sword":1,"minecraft:cactus":3,"minecraft:rotten_flesh":3,"minecraft:stone_axe":1,"tacz:modern_kinetic_gun":8,"minecraft:bread":14,"minecraft:coal":29,"minecraft:rail":4,"minecraft:cobblestone":86,"minecraft:ender_pearl":2},"minecraft:crafted":{"minecraft:iron_pickaxe":1}},"DataVersion":3465}