{"stats":{"minecraft:used":{"minecraft:cooked_mutton":3,"born_in_chaos_v1:monster_flesh":1,"minecraft:stone_pickaxe":24,"minecraft:spruce_planks":6,"minecraft:wooden_pickaxe":9,"spartanweaponry:wooden_club":8,"minecraft:dirt":4,"minecraft:furnace":1,"minecraft:spruce_log":1},"minecraft:mined":{"minecraft:spruce_planks":3,"minecraft:spruce_sapling":6,"minecraft:spruce_log":6,"minecraft:birch_leaves":1,"minecraft:crafting_table":1,"gravestone:gravestone":1,"minecraft:grass":1,"minecraft:grass_block":2,"minecraft:dirt":15,"minecraft:stone":27},"minecraft:killed_by":{"born_in_chaos_v1:corpse_fly":1},"minecraft:killed":{"born_in_chaos_v1:dread_hound":1},"minecraft:picked_up":{"minecraft:birch_log":4,"minecraft:stick":3,"minecraft:crafting_table":1,"born_in_chaos_v1:monster_flesh":1,"spartanweaponry:wooden_club":1,"minecraft:spruce_sapling":10,"minecraft:spruce_log":7,"minecraft:dirt":16,"born_in_chaos_v1:monster_skin":1,"minecraft:spruce_planks":3,"minecraft:birch_sapling":1,"minecraft:snowball":3,"minecraft:cobblestone":26},"minecraft:dropped":{"minecraft:cooked_mutton":1},"minecraft:crafted":{"minecraft:charcoal":6,"minecraft:spruce_planks":24,"minecraft:stick":8,"minecraft:wooden_pickaxe":1,"minecraft:stone_pickaxe":1,"minecraft:furnace":1,"minecraft:cooked_mutton":5,"minecraft:air":0},"minecraft:custom":{"minecraft:time_since_rest":8737,"minecraft:interact_with_furnace":16,"minecraft:sprint_one_cm":28027,"minecraft:damage_taken":486,"minecraft:walk_one_cm":30531,"minecraft:mob_kills":1,"minecraft:drop":1,"minecraft:damage_dealt":482,"minecraft:fly_one_cm":51246,"minecraft:interact_with_crafting_table":14,"minecraft:player_kills":1,"minecraft:crouch_one_cm":608,"minecraft:play_time":17787,"minecraft:deaths":1,"minecraft:sneak_time":559,"minecraft:jump":280,"minecraft:time_since_death":8605,"minecraft:total_world_time":17787,"minecraft:fall_one_cm":13323}},"DataVersion":3465}