{"stats":{"minecraft:killed_by":{"minecraft:player":11},"minecraft:dropped":{"gravestone:obituary":10,"tacz:modern_kinetic_gun":5,"tacz:ammo":156},"minecraft:custom":{"minecraft:time_since_rest":4004,"minecraft:deaths":11,"minecraft:crouch_one_cm":5309,"minecraft:walk_one_cm":79795,"minecraft:play_time":39837,"minecraft:sprint_one_cm":63151,"minecraft:damage_taken":2975,"minecraft:sneak_time":1510,"minecraft:drop":20,"minecraft:jump":617,"minecraft:damage_dealt":258,"minecraft:time_since_death":6431,"minecraft:walk_on_water_one_cm":1671,"minecraft:sleep_in_bed":2,"minecraft:total_world_time":39837,"minecraft:damage_absorbed":40,"minecraft:fall_one_cm":19280,"minecraft:fly_one_cm":142907,"minecraft:player_kills":6,"minecraft:open_chest":6},"minecraft:mined":{"gravestone:gravestone":8,"minecraft:lime_bed":2,"minecraft:dead_bush":2,"minecraft:dirt":1,"minecraft:sand":4,"minecraft:sugar_cane":6,"minecraft:cactus":1,"minecraft:torch":2},"minecraft:picked_up":{"minecraft:lime_bed":4,"minecraft:stick":4,"minecraft:cactus":3,"minecraft:torch":4,"tacz:modern_kinetic_gun":4,"minecraft:sand":4,"gravestone:obituary":1,"minecraft:dirt":1,"minecraft:sugar_cane":9},"minecraft:used":{"minecraft:sand":12,"minecraft:lime_bed":2,"minecraft:torch":3,"minecraft:cooked_mutton":1,"minecraft:golden_apple":1}},"DataVersion":3465}