{"stats":{"minecraft:crafted":{"minecraft:cooked_porkchop":2,"minecraft:crafting_table":1,"minecraft:spruce_planks":128,"minecraft:spruce_button":1,"minecraft:wooden_pickaxe":1,"minecraft:furnace":1,"minecraft:stone_axe":1,"minecraft:air":0,"minecraft:stick":12,"minecraft:iron_ingot":10,"minecraft:iron_pickaxe":1,"minecraft:stone_pickaxe":1},"minecraft:picked_up":{"minecraft:crafting_table":3,"minecraft:wheat":10,"minecraft:redstone_block":1,"minecraft:brown_wool":1,"minecraft:stone_slab":3,"minecraft:potato":1,"minecraft:tuff":6,"jeg:scrap":3,"minecraft:string":1,"minecraft:dirt":2,"minecraft:blue_bed":3,"minecraft:lantern":1,"minecraft:raw_copper":58,"minecraft:wheat_seeds":28,"minecraft:raw_gold":9,"minecraft:iron_ingot":5,"minecraft:rose_bush":1,"sawmill:sawmill":1,"minecraft:poppy":2,"minecraft:furnace":1,"minecraft:stick":2,"minecraft:raw_iron":11,"minecraft:torch":3,"minecraft:porkchop":3,"ancient_elements:raw_tin":1,"minecraft:spruce_sapling":8,"vampirism:vampire_fang":1,"minecraft:spruce_log":32,"minecraft:red_tulip":1,"minecraft:emerald":1,"minecraft:mutton":3,"minecraft:iron_bars":2,"minecraft:coal":35,"minecraft:white_wool":1,"minecraft:cobblestone":33},"minecraft:killed":{"minecraft:pig":2,"minecraft:iron_golem":1,"minecraft:sheep":2},"minecraft:dropped":{"minecraft:crafting_table":1,"minecraft:tuff":6,"minecraft:stone_slab":3,"minecraft:spruce_button":1,"minecraft:stick":4,"minecraft:poppy":2,"minecraft:dirt":1,"minecraft:rose_bush":1,"minecraft:brown_wool":1,"minecraft:iron_bars":2,"minecraft:wooden_pickaxe":1,"minecraft:red_tulip":2,"minecraft:string":1,"minecraft:white_wool":1},"minecraft:custom":{"minecraft:interact_with_furnace":14,"minecraft:mob_kills":5,"minecraft:interact_with_crafting_table":5,"minecraft:interact_with_stonecutter":2,"minecraft:leave_game":3,"minecraft:time_since_death":44073,"minecraft:sleep_in_bed":2,"minecraft:climb_one_cm":214,"minecraft:time_since_rest":3014,"minecraft:waystone_activated":2,"minecraft:sprint_one_cm":97360,"minecraft:damage_taken":20,"minecraft:walk_one_cm":69277,"minecraft:drop":16,"minecraft:damage_dealt":1360,"minecraft:fly_one_cm":135710,"minecraft:open_chest":14,"minecraft:crouch_one_cm":3583,"minecraft:play_time":44073,"minecraft:sneak_time":1644,"minecraft:jump":446,"minecraft:walk_on_water_one_cm":77,"minecraft:total_world_time":44073,"minecraft:fall_one_cm":4493},"minecraft:used":{"minecraft:stone_pickaxe":87,"minecraft:wooden_pickaxe":23,"minecraft:blue_bed":3,"minecraft:torch":4,"minecraft:dirt":1,"minecraft:crafting_table":3,"spartanweaponry:iron_flanged_mace":4,"minecraft:red_tulip":1,"minecraft:iron_axe":8,"minecraft:iron_pickaxe":9,"minecraft:stone_axe":46,"minecraft:cobblestone":8,"minecraft:furnace":2,"minecraft:cooked_porkchop":2,"jeg:revolver":3},"minecraft:mined":{"minecraft:tuff":7,"minecraft:redstone_block":1,"jeg:scrap_ore":2,"minecraft:crafting_table":3,"minecraft:glow_lichen":2,"minecraft:grass_block":2,"sawmill:sawmill":1,"minecraft:rose_bush":1,"minecraft:white_stained_glass":2,"minecraft:stone_slab":3,"minecraft:cobblestone":4,"minecraft:copper_ore":17,"minecraft:deepslate_coal_ore":14,"minecraft:wall_torch":3,"minecraft:blue_bed":3,"minecraft:furnace":1,"minecraft:iron_ore":11,"minecraft:wheat":10,"minecraft:spruce_log":33,"ancient_elements:tin_ore":1,"minecraft:grass":2,"minecraft:red_tulip":1,"minecraft:potatoes":2,"minecraft:coal_ore":11,"minecraft:iron_bars":2,"minecraft:cobweb":1,"minecraft:stone":29,"minecraft:gold_ore":9}},"DataVersion":3465}