{"stats":{"minecraft:crafted":{"minecraft:oak_planks":36,"minecraft:crafting_table":1,"minecraft:stick":4},"minecraft:mined":{"minecraft:white_bed":1,"minecraft:chest":1,"minecraft:birch_log":11,"minecraft:grass":1,"minecraft:oak_log":25,"minecraft:redstone_wall_torch":2},"minecraft:used":{"minecraft:deepslate_brick_wall":45,"mcwlights:wall_lantern":1,"minecraft:dark_oak_stairs":173,"minecraft:water_bucket":158,"minecraft:iron_bars":6,"minecraft:spruce_door":3,"quark:cobblestone_bricks":156,"minecraft:gray_carpet":1,"minecraft:spruce_slab":23,"mcwlights:gray_ceiling_light":4,"quark:jungle_post":2,"securitycraft:keypad_chest":7,"minecraft:chest":16,"minecraft:spruce_planks":56,"tacz:gun_smith_table":7,"quark:dark_oak_vertical_slab":4,"minecraft:stone":192,"minecraft:sugar_cane":5,"securitycraft:scanner_door_item":3,"minecraft:stonecutter":1,"minecraft:spruce_fence_gate":12,"mcwlights:iron_chandelier":3,"minecraft:deepslate_bricks":1198,"minecraft:white_wool":10,"minecraft:torch":56,"minecraft:anvil":3,"minecraft:dark_oak_trapdoor":176,"minecraft:soul_sand":3,"minecraft:dirt":310,"minecraft:sand":240,"minecraft:stripped_dark_oak_log":1263,"mcwlights:soul_dark_oak_tiki_torch":1,"minecraft:white_bed":3,"quark:glass_item_frame":29,"minecraft:spruce_log":343,"minecraft:deepslate_brick_slab":398,"minecraft:spruce_stairs":21,"minecraft:blast_furnace":5,"minecraft:deepslate_tile_slab":4,"mcwlights:double_street_lamp":3,"minecraft:campfire":6,"quark:stripped_ancient_log":2,"mcwlights:iron_small_chandelier":4,"minecraft:dark_oak_fence_gate":24,"quark:andesite_bricks_slab":8,"minecraft:spruce_fence":135,"minecraft:dark_oak_planks":140,"minecraft:deepslate_brick_stairs":1080,"minecraft:stripped_spruce_log":87,"minecraft:dark_oak_door":2,"minecraft:deepslate_tile_wall":1,"waystones:waystone":4,"minecraft:deepslate_tiles":393,"minecraft:oak_log":20,"quark:deepslate_brick_vertical_slab":26,"mcwlights:iron_wall_candle_holder":8,"minecraft:lava_bucket":23,"minecraft:stripped_dark_oak_wood":21,"minecraft:dark_oak_log":2,"minecraft:lantern":118,"minecraft:grass_block":224,"quark:cobblestone_bricks_stairs":46,"minecraft:spruce_trapdoor":132,"minecraft:dark_oak_leaves":124,"minecraft:dark_oak_slab":85,"minecraft:barrel":4,"minecraft:stone_axe":8,"minecraft:glowstone":61,"quark:dark_oak_chest":34,"minecraft:magma_block":3,"quark:spruce_ladder":28,"minecraft:deepslate_tile_stairs":20,"minecraft:furnace":3,"minecraft:dark_oak_fence":91,"minecraft:chain":61,"minecraft:bucket":8,"minecraft:glass_pane":164,"comforts:sleeping_bag_white":1,"quark:glowing_glass_item_frame":1,"quark:dark_oak_ladder":2},"minecraft:dropped":{"minecraft:iron_sword":1,"minecraft:iron_helmet":1,"sophisticatedbackpacks:auto_smelting_upgrade":1,"minecraft:iron_boots":1,"minecraft:diamond_sword":1,"quark:glass_item_frame":32,"minecraft:grass_block":2,"sophisticatedbackpacks:diamond_backpack":4,"minecraft:deepslate_bricks":4,"minecraft:dirt":7,"minecraft:deepslate_brick_stairs":1,"minecraft:stone":1,"minecraft:diamond_pickaxe":1,"minecraft:iron_chestplate":1,"minecraft:chest":1,"minecraft:iron_leggings":1,"gravestone:obituary":4,"tacz:modern_kinetic_gun":8,"tacz:ammo":120,"sophisticatedbackpacks:stack_upgrade_tier_4":1,"sophisticatedbackpacks:crafting_upgrade":1,"paraglider:paraglider":4},"minecraft:picked_up":{"paraglider:paraglider":2,"minecraft:birch_log":11,"minecraft:azure_bluet":3,"minecraft:andesite":3,"minecraft:leather":4,"minecraft:enchanted_book":8,"minecraft:flint":1,"minecraft:oak_log":16,"gravestone:obituary":3,"minecraft:gunpowder":3,"minecraft:dirt":486,"minecraft:lantern":5,"minecraft:bone":1,"minecraft:gray_carpet":1,"minecraft:wheat_seeds":38,"minecraft:sculk_catalyst":1,"minecraft:beef":4,"minecraft:poppy":2,"minecraft:chest":1,"minecraft:birch_sapling":6,"sophisticatedbackpacks:diamond_backpack":3,"minecraft:egg":2,"minecraft:stick":7,"minecraft:dandelion":6,"quark:glass_item_frame":3,"minecraft:gravel":32,"minecraft:sand":23,"minecraft:white_bed":1,"minecraft:grass_block":1,"minecraft:diamond_block":8,"minecraft:spider_eye":1,"minecraft:arrow":1,"tacz:modern_kinetic_gun":4,"minecraft:deepslate_bricks":5,"minecraft:oak_sapling":2,"minecraft:deepslate_brick_stairs":1,"minecraft:cobblestone":72},"minecraft:killed":{"man:managgresive":1,"naturalist:butterfly":1,"minecraft:spider":1,"enemyexpansion:sprinter":1,"enemyexpansion:direwolf":6,"minecraft:creeper":6,"minecraft:sheep":1,"minecraft:skeleton":5,"minecraft:zombie":5,"enemyexpansion:huntsman":2,"minecraft:glow_squid":16,"minecraft:warden":1,"enemyexpansion:slugger":1},"minecraft:custom":{"minecraft:mob_kills":47,"minecraft:inspect_hopper":3,"minecraft:open_barrel":1,"minecraft:leave_game":5,"minecraft:time_since_death":314474,"minecraft:sleep_in_bed":2,"minecraft:climb_one_cm":7178,"minecraft:time_since_rest":17753,"minecraft:waystone_activated":7,"minecraft:sprint_one_cm":220482,"minecraft:damage_taken":80,"minecraft:walk_one_cm":827879,"minecraft:drop":48,"minecraft:damage_dealt":50,"minecraft:swim_one_cm":2691,"minecraft:fly_one_cm":1682718,"minecraft:player_kills":2,"minecraft:open_chest":66,"minecraft:crouch_one_cm":103699,"minecraft:play_time":422937,"minecraft:deaths":1,"minecraft:sneak_time":42747,"minecraft:walk_under_water_one_cm":66825,"minecraft:jump":1930,"minecraft:walk_on_water_one_cm":39625,"minecraft:total_world_time":422937,"minecraft:fall_one_cm":8322}},"DataVersion":3465}