{"stats":{"minecraft:crafted":{"minecraft:cooked_porkchop":2,"minecraft:crafting_table":2,"minecraft:spruce_planks":128,"minecraft:spruce_button":1,"minecraft:wooden_pickaxe":1,"minecraft:furnace":1,"minecraft:stone_axe":1,"minecraft:air":0,"minecraft:stick":12,"minecraft:iron_ingot":11,"minecraft:iron_pickaxe":2,"minecraft:stone_pickaxe":1,"boatload:large_spruce_boat":1,"minecraft:spruce_boat":1},"minecraft:picked_up":{"minecraft:crafting_table":5,"minecraft:wheat":10,"minecraft:redstone_block":1,"minecraft:brown_wool":2,"minecraft:stone_slab":3,"minecraft:potato":1,"minecraft:tuff":6,"minecraft:stone_brick_stairs":1,"gravestone:obituary":1,"jeg:scrap":9,"minecraft:dirt":2,"minecraft:blue_bed":12,"minecraft:string":1,"minecraft:lantern":2,"minecraft:raw_copper":116,"minecraft:stone_bricks":3,"minecraft:apple":1,"minecraft:wheat_seeds":29,"vampirism:altar_pillar":1,"minecraft:raw_gold":9,"minecraft:spruce_planks":4,"minecraft:iron_ingot":5,"minecraft:beef":2,"minecraft:rose_bush":1,"sawmill:sawmill":1,"minecraft:mossy_stone_bricks":1,"minecraft:poppy":2,"minecraft:iron_pickaxe":1,"minecraft:furnace":2,"minecraft:golden_helmet":1,"minecraft:stick":2,"minecraft:raw_iron":11,"quark:shale":1,"minecraft:torch":4,"minecraft:porkchop":3,"ancient_elements:raw_tin":1,"minecraft:spruce_sapling":8,"vampirism:altar_infusion":1,"vampirism:vampire_fang":1,"minecraft:spruce_log":32,"minecraft:iron_block":1,"minecraft:granite":128,"minecraft:red_tulip":1,"minecraft:emerald":1,"minecraft:mutton":3,"minecraft:iron_bars":4,"minecraft:coal":60,"minecraft:white_wool":1,"minecraft:cobblestone":33},"minecraft:killed_by":{"minecraft:player":2},"minecraft:killed":{"minecraft:pig":2,"naturalist:snake":1,"minecraft:iron_golem":1,"minecraft:sheep":2},"minecraft:dropped":{"minecraft:wheat_seeds":1,"minecraft:golden_helmet":1,"minecraft:raw_copper":58,"minecraft:crafting_table":1,"minecraft:tuff":6,"minecraft:lantern":1,"minecraft:stone_slab":3,"minecraft:spruce_button":1,"minecraft:stick":4,"minecraft:poppy":2,"minecraft:dirt":1,"spartanweaponry:iron_flanged_mace":1,"vampirism:vampire_fang":1,"minecraft:rose_bush":1,"minecraft:brown_wool":2,"gravestone:obituary":4,"farmersdelight:onion":4,"minecraft:iron_bars":2,"minecraft:wooden_pickaxe":1,"minecraft:iron_pickaxe":2,"minecraft:red_tulip":2,"paraglider:paraglider":2,"minecraft:string":1,"minecraft:white_wool":1,"minecraft:blue_bed":1,"vampirism:altar_infusion":1},"minecraft:custom":{"minecraft:interact_with_furnace":15,"minecraft:mob_kills":6,"minecraft:interact_with_crafting_table":7,"minecraft:interact_with_stonecutter":2,"minecraft:leave_game":4,"minecraft:time_since_death":480,"minecraft:sleep_in_bed":5,"minecraft:climb_one_cm":214,"minecraft:waystone_activated":2,"minecraft:time_since_rest":515,"minecraft:sprint_one_cm":217345,"minecraft:damage_taken":732,"minecraft:walk_one_cm":149001,"minecraft:drop":34,"minecraft:damage_dealt":1416,"minecraft:swim_one_cm":250,"minecraft:talked_to_villager":1,"minecraft:player_kills":1,"minecraft:fly_one_cm":367846,"minecraft:open_chest":20,"minecraft:crouch_one_cm":11756,"minecraft:play_time":82109,"minecraft:deaths":3,"minecraft:sneak_time":3699,"minecraft:boat_one_cm":16478,"minecraft:jump":1263,"minecraft:walk_on_water_one_cm":429,"minecraft:total_world_time":82109,"minecraft:fall_one_cm":25773},"minecraft:used":{"minecraft:stone_pickaxe":88,"minecraft:spruce_planks":6,"minecraft:wooden_pickaxe":23,"minecraft:iron_sword":1,"minecraft:blue_bed":10,"minecraft:torch":6,"farmersdelight:onion":4,"minecraft:dirt":1,"minecraft:mutton":3,"minecraft:crafting_table":5,"spartanweaponry:iron_flanged_mace":4,"boatload:large_spruce_boat":1,"minecraft:apple":1,"minecraft:red_tulip":1,"minecraft:iron_axe":14,"minecraft:iron_pickaxe":145,"vampirism:altar_pillar":1,"minecraft:stone_brick_stairs":1,"minecraft:stone_bricks":2,"minecraft:stone_axe":48,"minecraft:cobblestone":8,"minecraft:beef":2,"minecraft:furnace":2,"jeg:revolver":3,"minecraft:cooked_porkchop":2,"minecraft:potato":36},"minecraft:mined":{"minecraft:tuff":7,"minecraft:spruce_planks":4,"minecraft:redstone_block":1,"jeg:scrap_ore":4,"quark:shale":1,"vampirism:altar_pillar":1,"minecraft:granite":124,"minecraft:crafting_table":5,"minecraft:glow_lichen":2,"gravestone:gravestone":3,"minecraft:grass_block":2,"sawmill:sawmill":1,"minecraft:rose_bush":1,"minecraft:white_stained_glass":3,"minecraft:tall_grass":1,"minecraft:stone_slab":3,"minecraft:copper_ore":17,"minecraft:cobblestone":4,"minecraft:deepslate_coal_ore":14,"minecraft:wall_torch":4,"minecraft:blue_bed":11,"minecraft:furnace":2,"minecraft:iron_ore":11,"minecraft:wheat":10,"minecraft:spruce_log":33,"ancient_elements:tin_ore":1,"minecraft:grass":6,"minecraft:red_tulip":1,"minecraft:potatoes":2,"minecraft:coal_ore":14,"minecraft:iron_bars":2,"minecraft:cobweb":1,"minecraft:cracked_stone_bricks":1,"minecraft:stone_bricks":3,"minecraft:stone":29,"minecraft:mossy_stone_bricks":1,"minecraft:gold_ore":9}},"DataVersion":3465}