{"stats":{"minecraft:crafted":{"minecraft:cherry_planks":512,"quark:birch_chest":1,"minecraft:furnace":1,"minecraft:birch_planks":136,"minecraft:iron_axe":1,"minecraft:stick":4,"minecraft:cherry_stairs":4,"minecraft:iron_ingot":20,"minecraft:wooden_axe":1,"minecraft:iron_shovel":3,"quark:ancient_planks":256},"minecraft:mined":{"minecraft:white_bed":1,"minecraft:cherry_planks":53,"quark:ancient_planks":65,"minecraft:cherry_log":24,"minecraft:crafting_table":2,"minecraft:torch":4,"gravestone:gravestone":7,"minecraft:grass_block":505,"minecraft:sugar_cane":4,"minecraft:birch_sapling":2,"minecraft:birch_planks":31,"farmersdelight:wild_beetroots":6,"farmersdelight:sandy_shrub":6,"minecraft:birch_log":60,"minecraft:fire":6,"minecraft:moss_carpet":3,"minecraft:grass":8,"minecraft:oak_log":120,"minecraft:dirt_path":1,"minecraft:dirt":31,"minecraft:sand":58,"quark:hollow_oak_log":5,"minecraft:cherry_stairs":3,"minecraft:oak_leaves":24,"quark:ancient_log":1},"minecraft:used":{"minecraft:cooked_mutton":9,"minecraft:cherry_sapling":1,"minecraft:water_bucket":6,"quark:birch_chest":1,"minecraft:iron_shovel":568,"minecraft:birch_planks":147,"quark:ancient_planks":285,"minecraft:poppy":1,"minecraft:cherry_planks":272,"minecraft:sandstone":1,"minecraft:torch":6,"quark:ancient_log":1,"minecraft:dirt":134,"minecraft:sand":130,"minecraft:crafting_table":3,"minecraft:white_bed":2,"waystones:waystone":1,"minecraft:wooden_axe":20,"quark:hollow_oak_log":1,"minecraft:iron_axe":202,"minecraft:birch_sapling":5,"minecraft:diamond_sword":4,"minecraft:cherry_stairs":7,"minecraft:furnace":1,"minecraft:birch_log":2,"minecraft:bucket":7,"minecraft:bone_meal":5,"minecraft:experience_bottle":2,"farmersdelight:hamburger":1},"minecraft:broken":{"minecraft:iron_shovel":2},"minecraft:killed_by":{"man:managgresive":1,"minecraft:player":2},"minecraft:dropped":{"minecraft:iron_axe":1},"minecraft:picked_up":{"paraglider:paraglider":1,"minecraft:birch_log":110,"minecraft:crafting_table":3,"minecraft:cherry_planks":53,"minecraft:diamond_sword":1,"quark:hollow_oak_log":5,"enemyexpansion:wasp_thorax":2,"minecraft:birch_planks":26,"minecraft:oak_log":136,"gravestone:obituary":1,"minecraft:dirt":540,"minecraft:moss_carpet":5,"minecraft:iron_axe":1,"minecraft:cooked_mutton":9,"tacz:ammo_box":1,"minecraft:experience_bottle":2,"minecraft:apple":7,"minecraft:wheat_seeds":5,"minecraft:poppy":1,"minecraft:sugar_cane":9,"minecraft:birch_sapling":12,"minecraft:cherry_stairs":3,"minecraft:stick":65,"minecraft:sandstone":1,"minecraft:torch":12,"sophisticatedbackpacks:backpack":1,"minecraft:sand":88,"minecraft:cherry_log":735,"minecraft:white_bed":2,"minecraft:rotten_flesh":3,"minecraft:diamond":9,"minecraft:beetroot_seeds":7,"tacz:modern_kinetic_gun":1,"waystones:waystone":1,"farmersdelight:hamburger":13,"minecraft:cherry_sapling":278,"minecraft:bone_meal":5,"quark:ancient_planks":65,"quark:ancient_log":1,"minecraft:oak_sapling":71,"minecraft:coal":32},"minecraft:killed":{"enemyexpansion:botfly":2,"enemyexpansion:wasp":5},"minecraft:custom":{"minecraft:interact_with_furnace":10,"minecraft:mob_kills":7,"minecraft:interact_with_crafting_table":23,"minecraft:interact_with_grindstone":2,"minecraft:leave_game":2,"minecraft:time_since_death":64648,"minecraft:sleep_in_bed":13,"minecraft:time_since_rest":16664,"minecraft:waystone_activated":8,"minecraft:sprint_one_cm":211122,"minecraft:damage_taken":2431,"minecraft:walk_one_cm":587075,"minecraft:drop":1,"minecraft:damage_dealt":208,"minecraft:swim_one_cm":33261,"minecraft:fly_one_cm":82764,"minecraft:open_chest":73,"minecraft:crouch_one_cm":3276,"minecraft:play_time":123406,"minecraft:deaths":7,"minecraft:sneak_time":1154,"minecraft:walk_under_water_one_cm":13458,"minecraft:boat_one_cm":43636,"minecraft:jump":702,"minecraft:walk_on_water_one_cm":25265,"minecraft:total_world_time":123406,"minecraft:fall_one_cm":23028}},"DataVersion":3465}