{"stats":{"minecraft:crafted":{"quark:birch_chest":1,"minecraft:furnace":1,"minecraft:birch_planks":136,"minecraft:stick":4,"minecraft:iron_ingot":20,"minecraft:wooden_axe":1,"minecraft:iron_shovel":3},"minecraft:mined":{"minecraft:white_bed":1,"minecraft:cherry_log":24,"minecraft:crafting_table":2,"gravestone:gravestone":7,"minecraft:grass_block":505,"minecraft:sugar_cane":4,"minecraft:birch_sapling":2,"minecraft:birch_planks":4,"farmersdelight:wild_beetroots":6,"farmersdelight:sandy_shrub":6,"minecraft:birch_log":58,"minecraft:fire":5,"minecraft:moss_carpet":3,"minecraft:grass":8,"minecraft:oak_log":120,"minecraft:dirt_path":1,"minecraft:dirt":31,"minecraft:sand":58,"quark:hollow_oak_log":5,"minecraft:oak_leaves":24,"quark:ancient_log":1},"minecraft:used":{"minecraft:cooked_mutton":7,"minecraft:cherry_sapling":1,"minecraft:water_bucket":6,"quark:birch_chest":1,"minecraft:iron_shovel":568,"minecraft:birch_planks":42,"minecraft:poppy":1,"minecraft:sandstone":1,"minecraft:torch":3,"quark:ancient_log":1,"minecraft:dirt":134,"minecraft:sand":130,"minecraft:crafting_table":3,"minecraft:white_bed":1,"waystones:waystone":1,"minecraft:wooden_axe":20,"quark:hollow_oak_log":1,"minecraft:iron_axe":53,"minecraft:birch_sapling":5,"minecraft:furnace":1,"minecraft:bucket":7,"minecraft:bone_meal":5,"minecraft:experience_bottle":2},"minecraft:broken":{"minecraft:iron_shovel":2},"minecraft:killed_by":{"man:managgresive":1,"minecraft:player":2},"minecraft:picked_up":{"paraglider:paraglider":1,"minecraft:birch_log":86,"minecraft:crafting_table":3,"minecraft:diamond_sword":1,"quark:hollow_oak_log":5,"minecraft:birch_planks":4,"minecraft:oak_log":136,"gravestone:obituary":1,"minecraft:dirt":540,"minecraft:moss_carpet":5,"minecraft:iron_axe":1,"minecraft:cooked_mutton":9,"tacz:ammo_box":1,"minecraft:experience_bottle":2,"minecraft:apple":7,"minecraft:wheat_seeds":5,"minecraft:poppy":1,"minecraft:sugar_cane":9,"minecraft:birch_sapling":12,"minecraft:stick":65,"minecraft:sandstone":1,"minecraft:torch":8,"sophisticatedbackpacks:backpack":1,"minecraft:sand":88,"minecraft:cherry_log":735,"minecraft:white_bed":2,"minecraft:rotten_flesh":1,"minecraft:diamond":9,"minecraft:beetroot_seeds":7,"tacz:modern_kinetic_gun":1,"waystones:waystone":1,"farmersdelight:hamburger":13,"minecraft:cherry_sapling":278,"minecraft:bone_meal":5,"quark:ancient_log":1,"minecraft:oak_sapling":71,"minecraft:coal":32},"minecraft:killed":{"enemyexpansion:wasp":1},"minecraft:custom":{"minecraft:interact_with_furnace":8,"minecraft:mob_kills":1,"minecraft:interact_with_crafting_table":13,"minecraft:leave_game":2,"minecraft:time_since_death":34648,"minecraft:sleep_in_bed":11,"minecraft:time_since_rest":591,"minecraft:waystone_activated":7,"minecraft:sprint_one_cm":162446,"minecraft:damage_taken":2091,"minecraft:walk_one_cm":400119,"minecraft:damage_dealt":121,"minecraft:swim_one_cm":32964,"minecraft:fly_one_cm":59773,"minecraft:open_chest":65,"minecraft:crouch_one_cm":2966,"minecraft:play_time":93406,"minecraft:deaths":7,"minecraft:sneak_time":1100,"minecraft:walk_under_water_one_cm":12839,"minecraft:boat_one_cm":43636,"minecraft:jump":478,"minecraft:walk_on_water_one_cm":13327,"minecraft:total_world_time":93406,"minecraft:fall_one_cm":20537}},"DataVersion":3465}