{"stats":{"minecraft:crafted":{"quark:birch_chest":1,"minecraft:stick":4,"minecraft:wooden_axe":1,"minecraft:furnace":1,"minecraft:birch_planks":12},"minecraft:used":{"minecraft:cooked_mutton":2,"minecraft:wooden_axe":20,"quark:hollow_oak_log":1,"quark:birch_chest":1,"minecraft:iron_axe":43,"minecraft:crafting_table":3,"minecraft:furnace":1,"minecraft:bucket":7,"minecraft:white_bed":1,"minecraft:bone_meal":1,"waystones:waystone":1,"minecraft:water_bucket":6,"minecraft:cherry_sapling":1},"minecraft:mined":{"farmersdelight:wild_beetroots":6,"farmersdelight:sandy_shrub":6,"minecraft:white_bed":1,"minecraft:birch_log":35,"minecraft:cherry_log":24,"minecraft:moss_carpet":3,"minecraft:crafting_table":2,"minecraft:grass":4,"minecraft:oak_log":120,"minecraft:sand":1,"quark:hollow_oak_log":5,"minecraft:sugar_cane":4,"minecraft:oak_leaves":24},"minecraft:killed_by":{"minecraft:player":1},"minecraft:picked_up":{"paraglider:paraglider":1,"minecraft:birch_log":35,"minecraft:stick":62,"minecraft:crafting_table":3,"minecraft:torch":2,"quark:hollow_oak_log":5,"sophisticatedbackpacks:backpack":1,"minecraft:sand":1,"minecraft:oak_log":136,"minecraft:cherry_log":600,"minecraft:white_bed":1,"minecraft:moss_carpet":5,"minecraft:iron_axe":1,"tacz:ammo_box":1,"minecraft:cooked_mutton":9,"minecraft:apple":7,"minecraft:beetroot_seeds":7,"minecraft:wheat_seeds":3,"tacz:modern_kinetic_gun":1,"waystones:waystone":1,"minecraft:bone_meal":5,"minecraft:cherry_sapling":152,"minecraft:oak_sapling":71,"minecraft:sugar_cane":9,"minecraft:birch_sapling":5},"minecraft:custom":{"minecraft:time_since_rest":37,"minecraft:waystone_activated":5,"minecraft:interact_with_furnace":2,"minecraft:sprint_one_cm":49279,"minecraft:damage_taken":320,"minecraft:walk_one_cm":161151,"minecraft:damage_dealt":105,"minecraft:swim_one_cm":11450,"minecraft:interact_with_crafting_table":6,"minecraft:fly_one_cm":9817,"minecraft:open_chest":20,"minecraft:crouch_one_cm":1097,"minecraft:play_time":35058,"minecraft:deaths":1,"minecraft:sneak_time":440,"minecraft:walk_under_water_one_cm":1148,"minecraft:jump":113,"minecraft:walk_on_water_one_cm":6091,"minecraft:time_since_death":0,"minecraft:sleep_in_bed":4,"minecraft:total_world_time":35058,"minecraft:fall_one_cm":2869}},"DataVersion":3465}