{
  "minecraft:adventure/adventuring_time": {
    "criteria": {
      "minecraft:birch_forest": "2024-07-24 04:56:36 +0000",
      "minecraft:wooded_badlands": "2024-07-24 03:42:10 +0000",
      "minecraft:badlands": "2024-07-24 04:18:07 +0000",
      "minecraft:beach": "2024-07-24 04:41:00 +0000",
      "minecraft:sparse_jungle": "2024-07-24 04:46:16 +0000",
      "minecraft:river": "2024-07-24 04:05:25 +0000",
      "minecraft:snowy_plains": "2024-07-24 05:19:01 +0000",
      "minecraft:forest": "2024-07-24 05:23:44 +0000",
      "minecraft:desert": "2024-07-24 02:31:41 +0000",
      "minecraft:windswept_savanna": "2024-07-24 04:50:17 +0000",
      "minecraft:warm_ocean": "2024-07-24 04:39:26 +0000",
      "minecraft:old_growth_birch_forest": "2024-07-24 04:56:20 +0000",
      "minecraft:plains": "2024-07-24 04:41:05 +0000"
    },
    "done": false
  },
  "minecraft:adventure/root": {
    "criteria": {
      "killed_by_something": "2024-07-24 02:38:28 +0000"
    },
    "done": true
  },
  "minecraft:adventure/sleep_in_bed": {
    "criteria": {
      "slept_in_bed": "2024-07-24 02:46:18 +0000"
    },
    "done": true
  },
  "minecraft:adventure/kill_all_mobs": {
    "criteria": {
      "minecraft:pillager": "2024-07-24 05:59:47 +0000",
      "minecraft:skeleton": "2024-07-24 03:16:03 +0000",
      "minecraft:spider": "2024-07-24 03:47:24 +0000",
      "minecraft:creeper": "2024-07-24 02:57:59 +0000",
      "minecraft:husk": "2024-07-24 04:02:19 +0000",
      "minecraft:cave_spider": "2024-07-24 03:10:41 +0000",
      "minecraft:enderman": "2024-07-24 03:18:30 +0000",
      "minecraft:zombie": "2024-07-24 03:43:04 +0000",
      "minecraft:drowned": "2024-07-24 05:09:32 +0000"
    },
    "done": false
  },
  "minecraft:adventure/kill_a_mob": {
    "criteria": {
      "minecraft:creeper": "2024-07-24 02:57:59 +0000"
    },
    "done": true
  },
  "minecraft:husbandry/balanced_diet": {
    "criteria": {
      "cooked_mutton": "2024-07-24 03:18:10 +0000",
      "bread": "2024-07-24 02:58:12 +0000"
    },
    "done": false
  },
  "minecraft:husbandry/root": {
    "criteria": {
      "consumed_item": "2024-07-24 02:58:12 +0000"
    },
    "done": true
  },
  "minecraft:story/root": {
    "criteria": {
      "crafting_table": "2024-07-24 03:02:17 +0000"
    },
    "done": true
  },
  "minecraft:story/mine_stone": {
    "criteria": {
      "get_stone": "2024-07-24 03:02:31 +0000"
    },
    "done": true
  },
  "minecraft:story/upgrade_tools": {
    "criteria": {
      "stone_pickaxe": "2024-07-24 03:03:17 +0000"
    },
    "done": true
  },
  "minecraft:story/deflect_arrow": {
    "criteria": {
      "deflected_projectile": "2024-07-24 03:16:41 +0000"
    },
    "done": true
  },
  "paraglider:paraglider": {
    "criteria": {
      "paraglider": "2024-07-24 03:32:40 +0000"
    },
    "done": true
  },
  "immersive_aircraft:misc/aircraftery": {
    "criteria": {
      "has_item": "2024-07-24 03:34:56 +0000"
    },
    "done": true
  },
  "minecraft:story/smelt_iron": {
    "criteria": {
      "iron": "2024-07-24 03:34:56 +0000"
    },
    "done": true
  },
  "paraglider:root": {
    "criteria": {
      "crafting_table": "2024-07-24 03:48:31 +0000"
    },
    "done": true
  },
  "minecraft:story/iron_tools": {
    "criteria": {
      "iron_pickaxe": "2024-07-24 04:12:22 +0000"
    },
    "done": true
  },
  "quark:get_forgotten_hat": {
    "criteria": {
      "get_forgotten_hat": "2024-07-24 04:18:27 +0000"
    },
    "done": true
  },
  "minecraft:story/form_obsidian": {
    "criteria": {
      "obsidian": "2024-07-24 04:52:23 +0000"
    },
    "done": true
  },
  "man:feelingwatched": {
    "criteria": {
      "feelingwatched": "2024-07-24 05:07:43 +0000"
    },
    "done": true
  },
  "minecraft:husbandry/tame_an_animal": {
    "criteria": {
      "tamed_animal": "2024-07-24 05:14:34 +0000"
    },
    "done": true
  },
  "minecraft:adventure/voluntary_exile": {
    "criteria": {
      "voluntary_exile": "2024-07-24 05:59:48 +0000"
    },
    "done": true
  },
  "minecraft:story/mine_diamond": {
    "criteria": {
      "diamond": "2024-07-24 06:09:20 +0000"
    },
    "done": true
  },
  "DataVersion": 3465
}