{
  "minecraft:adventure/adventuring_time": {
    "criteria": {
      "minecraft:birch_forest": "2024-07-24 04:52:19 +0000",
      "minecraft:windswept_hills": "2024-07-24 04:51:14 +0000",
      "minecraft:wooded_badlands": "2024-07-24 03:41:57 +0000",
      "minecraft:bamboo_jungle": "2024-07-24 04:40:19 +0000",
      "minecraft:badlands": "2024-07-24 04:11:50 +0000",
      "minecraft:beach": "2024-07-24 04:19:57 +0000",
      "minecraft:mangrove_swamp": "2024-07-24 19:16:01 +0000",
      "minecraft:sparse_jungle": "2024-07-24 04:37:17 +0000",
      "minecraft:river": "2024-07-24 04:08:08 +0000",
      "minecraft:swamp": "2024-07-24 04:51:18 +0000",
      "minecraft:forest": "2024-07-24 04:51:16 +0000",
      "minecraft:desert": "2024-07-24 02:43:25 +0000",
      "minecraft:windswept_forest": "2024-07-24 04:51:07 +0000",
      "minecraft:windswept_savanna": "2024-07-24 04:46:54 +0000",
      "minecraft:warm_ocean": "2024-07-24 04:18:26 +0000",
      "minecraft:old_growth_birch_forest": "2024-07-24 04:46:35 +0000",
      "minecraft:savanna": "2024-07-24 04:20:40 +0000",
      "minecraft:plains": "2024-07-24 04:36:24 +0000"
    },
    "done": false
  },
  "minecraft:adventure/root": {
    "criteria": {
      "killed_by_something": "2024-07-24 02:44:44 +0000"
    },
    "done": true
  },
  "minecraft:adventure/sleep_in_bed": {
    "criteria": {
      "slept_in_bed": "2024-07-24 02:46:13 +0000"
    },
    "done": true
  },
  "minecraft:husbandry/balanced_diet": {
    "criteria": {
      "cooked_mutton": "2024-07-24 02:59:26 +0000",
      "cooked_beef": "2024-07-24 05:20:29 +0000",
      "bread": "2024-07-24 03:13:45 +0000"
    },
    "done": false
  },
  "minecraft:husbandry/root": {
    "criteria": {
      "consumed_item": "2024-07-24 02:59:26 +0000"
    },
    "done": true
  },
  "minecraft:story/upgrade_tools": {
    "criteria": {
      "stone_pickaxe": "2024-07-24 03:07:11 +0000"
    },
    "done": true
  },
  "minecraft:story/mine_stone": {
    "criteria": {
      "get_stone": "2024-07-24 03:08:58 +0000"
    },
    "done": true
  },
  "minecraft:adventure/kill_all_mobs": {
    "criteria": {
      "minecraft:pillager": "2024-07-24 05:59:44 +0000",
      "minecraft:skeleton": "2024-07-24 03:18:17 +0000",
      "minecraft:creeper": "2024-07-24 03:50:39 +0000",
      "minecraft:cave_spider": "2024-07-24 03:53:21 +0000",
      "minecraft:zombie": "2024-07-24 06:11:02 +0000",
      "minecraft:zombie_villager": "2024-07-24 03:18:00 +0000"
    },
    "done": false
  },
  "minecraft:adventure/kill_a_mob": {
    "criteria": {
      "minecraft:zombie_villager": "2024-07-24 03:18:00 +0000"
    },
    "done": true
  },
  "minecraft:story/root": {
    "criteria": {
      "crafting_table": "2024-07-24 03:19:18 +0000"
    },
    "done": true
  },
  "paraglider:root": {
    "criteria": {
      "crafting_table": "2024-07-24 03:31:23 +0000"
    },
    "done": true
  },
  "paraglider:paraglider": {
    "criteria": {
      "paraglider": "2024-07-24 03:32:40 +0000"
    },
    "done": true
  },
  "immersive_aircraft:misc/aircraftery": {
    "criteria": {
      "has_item": "2024-07-24 03:43:57 +0000"
    },
    "done": true
  },
  "minecraft:story/smelt_iron": {
    "criteria": {
      "iron": "2024-07-24 03:43:57 +0000"
    },
    "done": true
  },
  "minecraft:story/iron_tools": {
    "criteria": {
      "iron_pickaxe": "2024-07-24 03:44:06 +0000"
    },
    "done": true
  },
  "minecraft:story/mine_diamond": {
    "criteria": {
      "diamond": "2024-07-24 03:49:29 +0000"
    },
    "done": true
  },
  "minecraft:story/lava_bucket": {
    "criteria": {
      "lava_bucket": "2024-07-24 04:26:22 +0000"
    },
    "done": true
  },
  "quark:get_forgotten_hat": {
    "criteria": {
      "get_forgotten_hat": "2024-07-24 04:58:06 +0000"
    },
    "done": true
  },
  "minecraft:story/deflect_arrow": {
    "criteria": {
      "deflected_projectile": "2024-07-24 06:11:15 +0000"
    },
    "done": true
  },
  "minecraft:adventure/voluntary_exile": {
    "criteria": {
      "voluntary_exile": "2024-07-24 18:58:14 +0000"
    },
    "done": true
  },
  "man:feelingwatched": {
    "criteria": {
      "feelingwatched": "2024-07-24 19:06:48 +0000"
    },
    "done": true
  },
  "DataVersion": 3465
}