{
  "ancient_elements:ancient_elements": {
    "criteria": {
      "ancient_elements": "2024-07-21 19:48:23 +0000"
    },
    "done": true
  },
  "mowziesmobs:root": {
    "criteria": {
      "custom_test_name": "2024-07-21 19:48:23 +0000"
    },
    "done": true
  },
  "betterdungeons:root": {
    "criteria": {
      "always": "2024-07-21 19:48:23 +0000"
    },
    "done": true
  },
  "butcher:firstjoinadvancement": {
    "criteria": {
      "firstjoinadvancement": "2024-07-21 19:48:23 +0000"
    },
    "done": true
  },
  "undead_revamp2:theundeadchallenges": {
    "criteria": {
      "theundeadchallenges": "2024-07-21 19:48:23 +0000"
    },
    "done": true
  },
  "born_in_chaos_v1:bornin_chaos": {
    "criteria": {
      "bornin_chaos_0": "2024-07-21 19:48:23 +0000"
    },
    "done": true
  },
  "farmersdelight:main/root": {
    "criteria": {
      "seeds": "2024-07-21 19:48:23 +0000"
    },
    "done": true
  },
  "minecraft:adventure/root": {
    "criteria": {
      "killed_by_something": "2024-07-21 19:50:40 +0000"
    },
    "done": true
  },
  "vampirism:main/root": {
    "criteria": {
      "main": "2024-07-21 19:51:35 +0000"
    },
    "done": true
  },
  "paraglider:paraglider": {
    "criteria": {
      "paraglider": "2024-07-21 19:52:11 +0000"
    },
    "done": true
  },
  "spartanweaponry:flanged_mace": {
    "criteria": {
      "has_flanged_mace": "2024-07-21 19:52:13 +0000"
    },
    "done": true
  },
  "minecraft:story/iron_tools": {
    "criteria": {
      "iron_pickaxe": "2024-07-21 19:52:27 +0000"
    },
    "done": true
  },
  "minecraft:adventure/adventuring_time": {
    "criteria": {
      "minecraft:frozen_river": "2024-07-21 19:57:17 +0000",
      "minecraft:snowy_plains": "2024-07-21 19:52:30 +0000",
      "minecraft:ice_spikes": "2024-07-22 04:05:20 +0000",
      "minecraft:plains": "2024-07-22 04:10:53 +0000"
    },
    "done": false
  },
  "minecraft:story/mine_stone": {
    "criteria": {
      "get_stone": "2024-07-21 19:53:35 +0000"
    },
    "done": true
  },
  "minecraft:story/upgrade_tools": {
    "criteria": {
      "stone_pickaxe": "2024-07-21 19:53:37 +0000"
    },
    "done": true
  },
  "spartanweaponry:dagger": {
    "criteria": {
      "has_dagger": "2024-07-21 19:53:50 +0000"
    },
    "done": true
  },
  "minecraft:husbandry/balanced_diet": {
    "criteria": {
      "apple": "2024-07-21 19:57:41 +0000",
      "bread": "2024-07-22 04:05:45 +0000"
    },
    "done": false
  },
  "minecraft:husbandry/root": {
    "criteria": {
      "consumed_item": "2024-07-21 19:57:41 +0000"
    },
    "done": true
  },
  "vampirism:vampire/extra_storage": {
    "criteria": {
      "main": "2024-07-22 04:06:23 +0000"
    },
    "done": false
  },
  "vampirism:vampire/blood_cult": {
    "criteria": {
      "main": "2024-07-22 04:06:23 +0000"
    },
    "done": false
  },
  "minecraft:adventure/sleep_in_bed": {
    "criteria": {
      "slept_in_bed": "2024-07-22 04:10:21 +0000"
    },
    "done": true
  },
  "vampirism:vampire/yuck": {
    "criteria": {
      "main": "2024-07-22 04:06:23 +0000"
    },
    "done": false
  },
  "vampirism:vampire/freeze_kill": {
    "criteria": {
      "main": "2024-07-22 04:06:23 +0000"
    },
    "done": false
  },
  "vampirism:vampire/sniped": {
    "criteria": {
      "main": "2024-07-22 04:06:23 +0000"
    },
    "done": false
  },
  "vampirism:vampire/resurrect": {
    "criteria": {
      "main": "2024-07-22 04:06:23 +0000"
    },
    "done": false
  },
  "vampirism:vampire/bat": {
    "criteria": {
      "main": "2024-07-22 04:06:23 +0000"
    },
    "done": false
  },
  "vampirism:vampire/kill_mother": {
    "criteria": {
      "main": "2024-07-22 04:06:23 +0000"
    },
    "done": false
  },
  "farmersdelight:main/get_fd_seed": {
    "criteria": {
      "onion": "2024-07-22 04:10:37 +0000"
    },
    "done": true
  },
  "vampirism:vampire/first_blood": {
    "criteria": {
      "main": "2024-07-22 04:06:23 +0000"
    },
    "done": false
  },
  "vampirism:vampire/become_vampire": {
    "criteria": {
      "main": "2024-07-22 04:06:23 +0000"
    },
    "done": true
  },
  "DataVersion": 3465
}