{
  "iceandfire:iceandfire/root": {
    "criteria": {
      "tick": "2024-07-20 21:13:53 +0000"
    },
    "done": true
  },
  "ancient_elements:ancient_elements": {
    "criteria": {
      "ancient_elements": "2024-07-20 21:13:53 +0000"
    },
    "done": true
  },
  "mowziesmobs:root": {
    "criteria": {
      "custom_test_name": "2024-07-20 21:13:53 +0000"
    },
    "done": true
  },
  "betterdungeons:root": {
    "criteria": {
      "always": "2024-07-20 21:13:53 +0000"
    },
    "done": true
  },
  "butcher:firstjoinadvancement": {
    "criteria": {
      "firstjoinadvancement": "2024-07-20 21:13:53 +0000"
    },
    "done": true
  },
  "undead_revamp2:theundeadchallenges": {
    "criteria": {
      "theundeadchallenges": "2024-07-20 21:13:53 +0000"
    },
    "done": true
  },
  "farmersdelight:main/root": {
    "criteria": {
      "seeds": "2024-07-20 21:13:53 +0000"
    },
    "done": true
  },
  "minecraft:adventure/adventuring_time": {
    "criteria": {
      "minecraft:cherry_grove": "2024-07-20 22:15:26 +0000",
      "minecraft:stony_peaks": "2024-07-20 21:37:07 +0000",
      "minecraft:river": "2024-07-20 21:49:50 +0000",
      "minecraft:dripstone_caves": "2024-07-20 21:29:05 +0000",
      "minecraft:forest": "2024-07-20 21:16:49 +0000",
      "minecraft:meadow": "2024-07-20 21:52:04 +0000",
      "minecraft:savanna": "2024-07-20 21:43:01 +0000",
      "minecraft:plains": "2024-07-20 21:41:49 +0000"
    },
    "done": false
  },
  "minecraft:story/upgrade_tools": {
    "criteria": {
      "stone_pickaxe": "2024-07-20 21:19:41 +0000"
    },
    "done": true
  },
  "minecraft:adventure/root": {
    "criteria": {
      "killed_something": "2024-07-20 21:19:53 +0000"
    },
    "done": true
  },
  "paraglider:root": {
    "criteria": {
      "crafting_table": "2024-07-20 21:19:56 +0000"
    },
    "done": true
  },
  "minecraft:story/mine_stone": {
    "criteria": {
      "get_stone": "2024-07-20 21:19:56 +0000"
    },
    "done": true
  },
  "paraglider:paraglider": {
    "criteria": {
      "paraglider": "2024-07-20 21:19:56 +0000"
    },
    "done": true
  },
  "minecraft:story/root": {
    "criteria": {
      "crafting_table": "2024-07-20 21:19:56 +0000"
    },
    "done": true
  },
  "minecraft:husbandry/balanced_diet": {
    "criteria": {
      "apple": "2024-07-20 21:39:52 +0000"
    },
    "done": false
  },
  "minecraft:husbandry/root": {
    "criteria": {
      "consumed_item": "2024-07-20 21:39:52 +0000"
    },
    "done": true
  },
  "minecraft:adventure/sleep_in_bed": {
    "criteria": {
      "slept_in_bed": "2024-07-20 21:43:09 +0000"
    },
    "done": true
  },
  "DataVersion": 3465
}