{
  "iceandfire:iceandfire/root": {
    "criteria": {
      "tick": "2024-07-19 18:08:53 +0000"
    },
    "done": true
  },
  "mowziesmobs:root": {
    "criteria": {
      "custom_test_name": "2024-07-19 18:08:53 +0000"
    },
    "done": true
  },
  "betterdungeons:root": {
    "criteria": {
      "always": "2024-07-19 18:08:53 +0000"
    },
    "done": true
  },
  "undead_revamp2:theundeadchallenges": {
    "criteria": {
      "theundeadchallenges": "2024-07-19 18:08:53 +0000"
    },
    "done": true
  },
  "minecraft:adventure/adventuring_time": {
    "criteria": {
      "minecraft:stony_peaks": "2024-07-19 18:08:54 +0000",
      "minecraft:dripstone_caves": "2024-07-20 21:30:58 +0000",
      "minecraft:forest": "2024-07-20 21:07:03 +0000",
      "minecraft:savanna": "2024-07-20 21:42:51 +0000",
      "minecraft:plains": "2024-07-20 21:42:46 +0000"
    },
    "done": false
  },
  "butcher:firstjoinadvancement": {
    "criteria": {
      "firstjoinadvancement": "2024-07-20 21:04:02 +0000"
    },
    "done": true
  },
  "farmersdelight:main/root": {
    "criteria": {
      "seeds": "2024-07-20 21:04:02 +0000"
    },
    "done": true
  },
  "ancient_elements:ancient_elements": {
    "criteria": {
      "ancient_elements": "2024-07-20 21:04:03 +0000"
    },
    "done": true
  },
  "paraglider:paraglider": {
    "criteria": {
      "paraglider": "2024-07-20 21:08:12 +0000"
    },
    "done": true
  },
  "paraglider:root": {
    "criteria": {
      "crafting_table": "2024-07-20 21:09:11 +0000"
    },
    "done": true
  },
  "minecraft:story/root": {
    "criteria": {
      "crafting_table": "2024-07-20 21:09:11 +0000"
    },
    "done": true
  },
  "minecraft:story/mine_stone": {
    "criteria": {
      "get_stone": "2024-07-20 21:09:30 +0000"
    },
    "done": true
  },
  "minecraft:story/upgrade_tools": {
    "criteria": {
      "stone_pickaxe": "2024-07-20 21:10:17 +0000"
    },
    "done": true
  },
  "minecraft:adventure/root": {
    "criteria": {
      "killed_by_something": "2024-07-20 21:13:14 +0000"
    },
    "done": true
  },
  "ancient_elements:can_someone_ventilate": {
    "criteria": {
      "can_someone_ventilate": "2024-07-20 21:13:40 +0000"
    },
    "done": true
  },
  "minecraft:adventure/sleep_in_bed": {
    "criteria": {
      "slept_in_bed": "2024-07-20 21:43:06 +0000"
    },
    "done": true
  },
  "DataVersion": 3465
}