{
  "iceandfire:iceandfire/root": {
    "criteria": {
      "tick": "2024-07-19 18:08:53 +0000"
    },
    "done": true
  },
  "mowziesmobs:root": {
    "criteria": {
      "custom_test_name": "2024-07-19 18:08:53 +0000"
    },
    "done": true
  },
  "betterdungeons:root": {
    "criteria": {
      "always": "2024-07-19 18:08:53 +0000"
    },
    "done": true
  },
  "undead_revamp2:theundeadchallenges": {
    "criteria": {
      "theundeadchallenges": "2024-07-19 18:08:53 +0000"
    },
    "done": true
  },
  "minecraft:adventure/adventuring_time": {
    "criteria": {
      "minecraft:stony_peaks": "2024-07-19 18:08:54 +0000",
      "minecraft:forest": "2024-07-20 21:07:03 +0000"
    },
    "done": false
  },
  "ancient_elements:ancient_elements": {
    "criteria": {
      "ancient_elements": "2024-07-20 21:04:03 +0000"
    },
    "done": true
  },
  "butcher:firstjoinadvancement": {
    "criteria": {
      "firstjoinadvancement": "2024-07-20 21:04:02 +0000"
    },
    "done": true
  },
  "paraglider:paraglider": {
    "criteria": {
      "paraglider": "2024-07-20 21:08:12 +0000"
    },
    "done": true
  },
  "farmersdelight:main/root": {
    "criteria": {
      "seeds": "2024-07-20 21:04:02 +0000"
    },
    "done": true
  },
  "DataVersion": 3465
}