{
  "minecraft:adventure/adventuring_time": {
    "criteria": {
      "minecraft:windswept_hills": "2024-07-24 19:51:46 +0000",
      "minecraft:wooded_badlands": "2024-07-24 03:42:10 +0000",
      "minecraft:badlands": "2024-07-24 04:11:48 +0000",
      "minecraft:beach": "2024-07-24 04:19:56 +0000",
      "minecraft:sparse_jungle": "2024-07-24 19:26:33 +0000",
      "minecraft:river": "2024-07-24 04:05:50 +0000",
      "minecraft:lukewarm_ocean": "2024-07-24 19:28:49 +0000",
      "minecraft:desert": "2024-07-24 02:29:44 +0000",
      "minecraft:warm_ocean": "2024-07-24 04:18:23 +0000",
      "minecraft:savanna": "2024-07-24 04:20:01 +0000",
      "minecraft:plains": "2024-07-24 19:25:06 +0000"
    },
    "done": false
  },
  "minecraft:adventure/root": {
    "criteria": {
      "killed_something": "2024-07-24 02:38:28 +0000"
    },
    "done": true
  },
  "minecraft:adventure/sleep_in_bed": {
    "criteria": {
      "slept_in_bed": "2024-07-24 02:46:09 +0000"
    },
    "done": true
  },
  "immersive_aircraft:misc/aircraftery": {
    "criteria": {
      "has_item": "2024-07-24 02:49:54 +0000"
    },
    "done": true
  },
  "minecraft:story/smelt_iron": {
    "criteria": {
      "iron": "2024-07-24 02:49:54 +0000"
    },
    "done": true
  },
  "minecraft:husbandry/balanced_diet": {
    "criteria": {
      "cooked_mutton": "2024-07-24 02:56:09 +0000",
      "golden_apple": "2024-07-24 02:52:50 +0000"
    },
    "done": false
  },
  "minecraft:husbandry/root": {
    "criteria": {
      "consumed_item": "2024-07-24 02:52:50 +0000"
    },
    "done": true
  },
  "minecraft:story/upgrade_tools": {
    "criteria": {
      "stone_pickaxe": "2024-07-24 03:07:05 +0000"
    },
    "done": true
  },
  "minecraft:story/iron_tools": {
    "criteria": {
      "iron_pickaxe": "2024-07-24 03:09:58 +0000"
    },
    "done": true
  },
  "minecraft:story/root": {
    "criteria": {
      "crafting_table": "2024-07-24 03:10:03 +0000"
    },
    "done": true
  },
  "minecraft:adventure/kill_all_mobs": {
    "criteria": {
      "minecraft:pillager": "2024-07-24 20:12:14 +0000",
      "minecraft:skeleton": "2024-07-24 03:10:16 +0000",
      "minecraft:spider": "2024-07-24 03:57:55 +0000",
      "minecraft:creeper": "2024-07-24 03:17:30 +0000",
      "quark:forgotten": "2024-07-24 03:56:37 +0000",
      "minecraft:witch": "2024-07-24 03:55:28 +0000",
      "minecraft:cave_spider": "2024-07-24 03:11:40 +0000",
      "minecraft:enderman": "2024-07-24 03:15:46 +0000",
      "minecraft:zombie": "2024-07-24 03:53:23 +0000"
    },
    "done": false
  },
  "minecraft:adventure/kill_a_mob": {
    "criteria": {
      "minecraft:skeleton": "2024-07-24 03:10:16 +0000"
    },
    "done": true
  },
  "minecraft:story/mine_stone": {
    "criteria": {
      "get_stone": "2024-07-24 03:11:19 +0000"
    },
    "done": true
  },
  "minecraft:story/deflect_arrow": {
    "criteria": {
      "deflected_projectile": "2024-07-24 03:16:53 +0000"
    },
    "done": true
  },
  "paraglider:root": {
    "criteria": {
      "crafting_table": "2024-07-24 03:30:50 +0000"
    },
    "done": true
  },
  "paraglider:paraglider": {
    "criteria": {
      "paraglider": "2024-07-24 03:32:40 +0000"
    },
    "done": true
  },
  "minecraft:story/obtain_armor": {
    "criteria": {
      "iron_helmet": "2024-07-24 19:47:47 +0000"
    },
    "done": true
  },
  "minecraft:adventure/voluntary_exile": {
    "criteria": {
      "voluntary_exile": "2024-07-24 20:12:14 +0000"
    },
    "done": true
  },
  "farmersdelight:main/root": {
    "criteria": {
      "seeds": "2024-07-24 20:33:37 +0000"
    },
    "done": true
  },
  "butcher:firstjoinadvancement": {
    "criteria": {
      "firstjoinadvancement_0": "2024-07-24 20:33:38 +0000"
    },
    "done": true
  },
  "DataVersion": 3465
}